vendor_id,invoice_date,po_amount,invoice_no,invoice_amount,paid_amount,is_anomaly,anomaly_type
5,2025-01-01,644.8,INV003039,622.86,614.9,0,normal
38,2025-01-01,969.88,INV000739,970.01,955.79,0,normal
53,2025-01-01,1495.62,INV002593,1586.97,1595.17,0,normal
30,2025-01-01,13277.41,INV004835,13154.02,13288.31,0,normal
23,2025-01-01,1597.79,INV001509,1715.47,1698.6,0,normal
49,2025-01-01,1410.66,INV000496,1394.74,1386.24,0,normal
55,2025-01-01,921.22,INV000761,947.94,952.52,0,normal
18,2025-01-01,3938.98,INV002861,3816.28,3819.84,0,normal
14,2025-01-01,2673.98,INV004719,2827.06,2862.33,0,normal
42,2025-01-01,958.43,INV005970,952.66,950.19,0,normal
42,2025-01-01,1173.39,INV000661,1142.07,1209.88,1,overpayment
19,2025-01-01,1890.46,INV002038,1933.79,1913.12,0,normal
21,2025-01-01,842.76,INV001118,895.32,902.85,0,normal
49,2025-01-01,1726.47,INV000057,1745.13,1737.29,0,normal
53,2025-01-01,1495.62,INV002593,2001.92,2001.92,1,price_variance
41,2025-01-01,2548.88,INV004642,2706.59,2731.15,0,normal
49,2025-01-01,1726.47,INV000057,2372.59,2372.59,1,price_variance
42,2025-01-01,1173.39,INV000661,1142.07,1155.99,0,normal
16,2025-01-01,2827.1,INV005995,2866.17,2849.88,0,normal
39,2025-01-02,2954.75,INV000960,3063.48,3020.22,0,normal
10,2025-01-02,3902.83,INV005248,3753.99,3792.79,0,normal
49,2025-01-02,2175.67,INV003136,2141.92,2129.89,0,normal
4,2025-01-02,379.1,INV004211,370.71,369.64,0,normal
55,2025-01-02,1006.89,INV000822,1038.37,1029.94,0,normal
9,2025-01-02,877.15,INV004906,859.53,864.34,0,normal
50,2025-01-02,2085.62,INV004121,2214.45,2212.55,0,normal
7,2025-01-02,1261.22,INV000169,1240.81,1245.83,0,normal
2,2025-01-02,3041.37,INV002385,3002.3,3030.17,0,normal
46,2025-01-02,3630.56,INV000967,3533.84,3560.13,0,normal
51,2025-01-02,2262.34,INV004067,2191.95,2203.81,0,normal
53,2025-01-02,1129.28,INV000113,1099.53,1083.73,0,normal
37,2025-01-02,899.39,INV003301,926.01,915.04,0,normal
21,2025-01-02,1083.16,INV000276,1105.33,1115.57,0,normal
49,2025-01-02,1643.89,INV004111,1752.17,1750.83,0,normal
51,2025-01-02,3062.93,INV001490,3118.18,3140.51,0,normal
39,2025-01-03,2703.99,INV004657,2569.27,2538.26,0,normal
4,2025-01-03,400.38,INV002067,430.65,434.51,0,normal
55,2025-01-03,1333.14,INV005839,1332.92,1325.46,0,normal
5,2025-01-03,711.86,INV004603,757.03,754.11,0,normal
10,2025-01-03,3682.94,INV005146,3654.57,3642.32,0,normal
12,2025-01-03,1906.12,INV001744,2017.15,2012.02,0,normal
21,2025-01-03,911.18,INV002317,877.9,867.0,0,normal
37,2025-01-03,711.82,INV002764,741.7,739.71,0,normal
54,2025-01-03,1313.13,INV002744,1276.76,1266.48,0,normal
24,2025-01-03,1058.56,INV003446,1247.76,1247.76,1,price_variance
44,2025-01-03,1662.88,INV000633,1714.81,1735.47,0,normal
16,2025-01-03,2851.67,INV002626,3013.29,2997.29,0,normal
33,2025-01-03,964.45,INV004542,1007.11,1019.8,0,normal
38,2025-01-03,685.59,INV003305,715.6,717.75,0,normal
56,2025-01-03,1527.19,INV001482,1592.4,1578.39,0,normal
24,2025-01-03,1058.56,INV003446,1139.95,1151.98,0,normal
5,2025-01-03,718.27,INV003737,752.27,752.67,0,normal
56,2025-01-03,1056.83,INV000681,1087.49,1081.49,0,normal
1,2025-01-03,763.5,INV003817,735.45,746.34,0,normal
38,2025-01-04,803.48,INV001340,1042.48,1042.48,1,price_variance
56,2025-01-04,1444.66,INV000509,1475.75,1474.66,0,normal
34,2025-01-04,2531.52,INV005005,2406.15,2407.4,0,normal
4,2025-01-04,395.06,INV003687,387.98,386.52,0,normal
50,2025-01-04,1451.04,INV001724,1449.65,1446.96,0,normal
25,2025-01-04,1051.12,INV003431,1058.46,1068.47,0,normal
38,2025-01-04,803.48,INV001340,768.82,779.98,0,normal
0,2025-01-04,2165.0,INV005599,2304.29,2271.65,0,normal
7,2025-01-04,1461.75,INV004943,1428.74,1443.62,0,normal
26,2025-01-04,2588.9,INV002880,2777.46,2814.67,0,normal
48,2025-01-04,3242.98,INV000346,3462.41,3484.78,0,normal
9,2025-01-04,877.15,INV004906 ,859.53,859.53,1,duplicate
45,2025-01-04,2508.21,INV005781,2567.14,2581.33,0,normal
49,2025-01-05,1740.67,INV002365,1825.98,1802.76,0,normal
42,2025-01-05,938.31,INV003688,984.63,993.25,0,normal
28,2025-01-05,2149.8,INV001272,2296.51,2312.02,0,normal
17,2025-01-05,778.72,INV001336,823.2,817.0,0,normal
48,2025-01-05,3131.59,INV005901,3377.54,3333.12,0,normal
36,2025-01-05,1650.51,INV005714,1758.34,1737.96,0,normal
58,2025-01-05,769.67,INV002954,776.39,781.79,0,normal
54,2025-01-05,1267.71,INV000397,1360.6,1354.76,0,normal
53,2025-01-05,1463.02,INV004618,1506.97,1503.75,0,normal
7,2025-01-05,1842.59,INV000191,1915.98,1923.73,0,normal
31,2025-01-05,1263.98,INV000502,1319.0,1311.1,0,normal
26,2025-01-05,2185.41,INV004365,2150.62,2145.29,0,normal
16,2025-01-06,2112.39,INV000036,2448.46,2448.46,1,price_variance
6,2025-01-06,2002.74,INV000982,1943.55,1959.72,0,normal
26,2025-01-06,3439.8,INV001747,3696.97,3728.91,0,normal
55,2025-01-06,992.92,INV000282,1013.71,1014.95,0,normal
24,2025-01-06,1162.65,INV003040,1134.88,1131.8,0,normal
39,2025-01-06,3425.16,INV002374,3541.18,3561.77,0,normal
42,2025-01-06,1386.53,INV003436,1320.24,1309.57,0,normal
44,2025-01-06,1966.19,INV000226,1979.71,1963.02,0,normal
24,2025-01-06,1360.28,INV002264,1403.28,1415.54,0,normal
44,2025-01-06,1879.43,INV003948,1785.47,2626.54,1,overpayment
32,2025-01-06,912.13,INV003387,938.2,937.56,0,normal
12,2025-01-06,1906.12,INV002199,1975.87,1992.27,0,normal
5,2025-01-06,606.69,INV001476,605.63,613.89,0,normal
44,2025-01-06,2229.68,INV005127,2292.72,2287.46,0,normal
6,2025-01-06,2002.74,INV001244,2075.38,2076.95,0,normal
23,2025-01-06,1597.79,INV005079,1635.95,1646.06,0,normal
32,2025-01-06,1071.26,INV002591,1113.13,1119.22,0,normal
31,2025-01-06,1513.29,INV004840,1565.61,1572.63,0,normal
47,2025-01-06,2247.53,INV005677,2249.36,2266.02,0,normal
44,2025-01-06,2382.75,INV001357,2266.36,2248.96,0,normal
44,2025-01-06,1879.43,INV003948,1785.47,1800.36,0,normal
27,2025-01-06,2769.38,INV002746,2974.22,3013.66,0,normal
50,2025-01-06,2153.77,INV001354,2082.41,2068.38,0,normal
36,2025-01-06,1650.51,INV000890,1734.64,1751.04,0,normal
16,2025-01-06,2112.39,INV000036,2017.82,2008.17,0,normal
11,2025-01-07,2528.05,INV002429,2702.87,2738.27,0,normal
35,2025-01-07,4461.22,INV004218,4449.67,4448.65,0,normal
33,2025-01-07,1166.54,INV004899,1228.95,1220.46,0,normal
23,2025-01-07,1597.79,INV002438,1630.87,1639.24,0,normal
34,2025-01-07,3195.52,INV005274,3351.75,3380.86,0,normal
40,2025-01-07,2849.99,INV002757,2719.19,2704.83,0,normal
24,2025-01-07,1039.14,INV003302,1111.29,1105.71,0,normal
42,2025-01-07,1122.88,INV000819,1130.67,1133.43,0,normal
6,2025-01-07,2002.74,INV003938,1979.92,1998.78,0,normal
18,2025-01-07,3338.12,INV003339,3291.97,3278.53,0,normal
57,2025-01-07,4832.97,INV004112,4999.5,4966.69,0,normal
46,2025-01-07,3630.56,INV004670,3497.34,3526.29,0,normal
47,2025-01-07,1700.59,INV003238,1650.12,1651.23,0,normal
49,2025-01-07,1521.08,INV002700,1471.41,1462.16,0,normal
51,2025-01-07,3197.54,INV002410,3118.8,3073.5,0,normal
13,2025-01-08,3731.87,INV005823,4010.58,3991.93,0,normal
12,2025-01-08,1906.12,INV002251,1970.85,1978.1,0,normal
19,2025-01-08,1251.49,INV002027,1244.13,1255.1,0,normal
7,2025-01-08,1414.92,INV001365,1476.02,1485.18,0,normal
49,2025-01-08,1597.8,INV002089,1519.1,1534.75,0,normal
20,2025-01-08,1665.15,INV002392,1714.29,1721.41,0,normal
44,2025-01-08,1834.82,INV005628,1832.84,1813.77,0,normal
14,2025-01-08,2332.66,INV002828,2376.15,2371.56,0,normal
31,2025-01-08,1406.04,INV000648,1339.79,1340.88,0,normal
19,2025-01-08,1959.82,INV005512,1920.15,1894.83,0,normal
58,2025-01-08,945.69,INV002561,945.13,951.07,0,normal
11,2025-01-08,3698.6,INV003690,3599.17,3579.82,0,normal
36,2025-01-08,1650.51,INV001513,2483.07,2483.07,1,price_variance
47,2025-01-08,2008.32,INV000673,2166.95,2184.74,0,normal
36,2025-01-08,1650.51,INV001513,1755.99,1730.2,0,normal
35,2025-01-08,4461.22,INV004167,4311.25,4851.58,1,overpayment
12,2025-01-08,1906.12,INV002655,2003.12,2023.6,0,normal
20,2025-01-08,1665.15,INV002392,1714.29,1965.06,1,overpayment
35,2025-01-08,4461.22,INV004167,4311.25,4324.73,0,normal
15,2025-01-09,869.99,INV003473,921.2,931.37,0,normal
0,2025-01-09,2517.81,INV000462,2710.44,2738.12,0,normal
8,2025-01-09,1907.46,INV005892,1896.59,1916.16,0,normal
3,2025-01-09,3447.92,INV004616,3302.28,3268.47,0,normal
49,2025-01-09,1015.46,INV004753,1074.4,1063.45,0,normal
48,2025-01-09,3483.05,INV005461,3626.04,3604.44,0,normal
37,2025-01-09,1018.21,INV005952,997.85,992.73,0,normal
19,2025-01-09,1664.96,INV001341,1673.23,1698.13,0,normal
38,2025-01-09,999.8,INV002873,1022.82,1030.62,0,normal
18,2025-01-09,3933.24,INV003128,3799.91,3762.41,0,normal
13,2025-01-09,3700.96,INV001930,3896.98,3918.47,0,normal
15,2025-01-09,869.99,INV003473,1005.32,1005.32,1,price_variance
49,2025-01-09,1521.66,INV004129,1612.6,1601.76,0,normal
49,2025-01-09,1521.66,INV004129,1574.96,1574.96,1,price_variance
25,2025-01-09,1542.38,INV003946,1529.91,1538.9,0,normal
46,2025-01-09,3630.56,INV002750,3592.77,3638.52,0,normal
20,2025-01-09,1829.52,INV004494,1856.8,1860.3,0,normal
48,2025-01-09,2432.98,INV003961,2474.09,2440.29,0,normal
39,2025-01-10,3110.15,INV001153,3049.67,3027.51,0,normal
25,2025-01-10,1504.68,INV002515,1579.35,1582.19,0,normal
55,2025-01-10,906.54,INV005559,939.62,942.19,0,normal
38,2025-01-10,684.74,INV000355,700.09,689.79,0,normal
38,2025-01-10,936.13,INV000371,1005.26,1011.63,0,normal
35,2025-01-10,4461.22,INV002431,4659.24,4631.2,0,normal
4,2025-01-10,357.26,INV002424,382.15,380.26,0,normal
50,2025-01-10,2019.72,INV002376,2065.15,2040.69,0,normal
31,2025-01-10,1845.69,INV002294,1915.07,1923.02,0,normal
45,2025-01-10,1647.96,INV000820,1657.16,1642.87,0,normal
41,2025-01-10,3094.26,INV000421,2953.6,2910.82,0,normal
4,2025-01-10,374.65,INV003986,359.42,357.59,0,normal
24,2025-01-10,1267.11,INV001240,1254.39,1238.31,0,normal
14,2025-01-10,2183.35,INV000139,2264.85,2281.49,0,normal
30,2025-01-10,11524.92,INV004717,12305.91,12157.1,0,normal
35,2025-01-10,4461.22,INV003815,4281.14,4325.22,0,normal
1,2025-01-10,720.74,INV000124,720.46,715.52,0,normal
41,2025-01-11,3107.3,INV000543,3208.75,3201.17,0,normal
42,2025-01-11,958.43,INV005970 ,936.17,936.17,1,duplicate
27,2025-01-11,2595.34,INV002164,2614.8,2626.56,0,normal
59,2025-01-11,3455.69,INV005545,3360.91,3391.05,0,normal
16,2025-01-11,2619.7,INV000766,2649.76,2625.75,0,normal
36,2025-01-11,1650.51,INV005865,1632.63,1618.24,0,normal
32,2025-01-11,1164.47,INV005902,1223.36,1216.75,0,normal
18,2025-01-11,3530.31,INV001578,3587.14,3568.18,0,normal
1,2025-01-11,767.36,INV003260,791.14,801.78,0,normal
51,2025-01-11,3679.51,INV001905,5212.63,5212.63,1,price_variance
24,2025-01-11,1389.9,INV000662,1357.37,1344.93,0,normal
51,2025-01-11,3679.51,INV001905,3759.86,3707.44,0,normal
18,2025-01-11,4612.51,INV005238,4527.74,4552.89,0,normal
43,2025-01-11,1989.28,INV001479,2030.41,2022.9,0,normal
27,2025-01-11,1670.46,INV003386,1757.34,1733.71,0,normal
50,2025-01-11,2477.1,INV004602,2387.95,2354.23,0,normal
14,2025-01-11,2134.0,INV002839,2202.84,2176.75,0,normal
26,2025-01-11,2683.7,INV002615,2871.58,2905.77,0,normal
28,2025-01-12,1874.17,INV003693,1884.13,1862.21,0,normal
14,2025-01-12,3315.01,INV004589,3483.62,3468.02,0,normal
45,2025-01-12,1786.46,INV002269,1746.28,1750.96,0,normal
44,2025-01-12,2257.46,INV002049,2154.85,2124.62,0,normal
35,2025-01-12,4461.22,INV002219,4694.63,4682.21,0,normal
48,2025-01-12,3340.26,INV001039,3458.01,3480.77,0,normal
39,2025-01-12,2680.68,INV001403,2819.19,2794.61,0,normal
16,2025-01-12,1786.66,INV000328,1876.32,1848.46,0,normal
56,2025-01-12,1652.12,INV004478,1745.01,1733.21,0,normal
2,2025-01-12,2792.45,INV004724,2829.7,2863.31,0,normal
18,2025-01-12,4180.83,INV004501,4145.52,4185.0,0,normal
31,2025-01-12,1583.13,INV005479,1540.93,1557.44,0,normal
3,2025-01-12,4026.14,INV002086,4288.7,4350.74,0,normal
36,2025-01-12,1650.51,INV000457,1653.44,1637.57,0,normal
35,2025-01-12,4461.22,INV004768,4724.7,4693.65,0,normal
32,2025-01-12,1347.67,INV000672,1410.35,1421.03,0,normal
50,2025-01-12,2167.94,INV002806,2288.44,2265.25,0,normal
6,2025-01-13,2002.74,INV005919,2007.89,2037.09,0,normal
53,2025-01-13,1605.91,INV000320,1562.89,1575.63,0,normal
47,2025-01-13,1491.77,INV005934,1496.36,1504.02,0,normal
10,2025-01-13,3715.14,INV000319,3606.59,3576.8,0,normal
45,2025-01-13,1933.12,INV003101,2004.63,2018.05,0,normal
10,2025-01-13,3718.46,INV000516,3540.07,3515.97,0,normal
49,2025-01-13,1687.24,INV002041,1740.2,1740.13,0,normal
30,2025-01-13,6107.11,INV000200,6081.69,6060.85,0,normal
10,2025-01-13,3521.88,INV000663,3780.26,3745.0,0,normal
45,2025-01-13,2336.21,INV002942,2456.46,2459.58,0,normal
9,2025-01-13,1009.09,INV003456,1067.17,1064.04,0,normal
57,2025-01-13,6058.49,INV000048,6031.93,5986.01,0,normal
22,2025-01-13,4807.98,INV004950,5062.5,5079.46,0,normal
21,2025-01-14,872.88,INV005307,844.41,833.5,0,normal
0,2025-01-14,2334.03,INV000656,2471.68,2485.07,0,normal
38,2025-01-14,826.8,INV003247,797.21,803.42,0,normal
14,2025-01-14,3111.59,INV000265,3244.73,3209.12,0,normal
28,2025-01-14,2739.76,INV001550,2853.22,2893.22,0,normal
13,2025-01-14,4252.77,INV005257,5354.42,5354.42,1,price_variance
55,2025-01-14,1176.71,INV000332,1173.84,1164.43,0,normal
7,2025-01-14,1344.28,INV003104,1433.88,1449.32,0,normal
17,2025-01-14,996.12,INV005645,1027.72,1035.7,0,normal
5,2025-01-14,605.89,INV000114,590.54,591.26,0,normal
55,2025-01-14,1028.62,INV004191,1004.62,989.64,0,normal
45,2025-01-14,1674.89,INV001623,1700.8,1691.68,0,normal
49,2025-01-14,2023.08,INV004392,2051.0,2053.47,0,normal
47,2025-01-14,1845.83,INV004368,1759.06,1743.2,0,normal
16,2025-01-14,1661.46,INV000499,1754.92,1756.26,0,normal
13,2025-01-14,4252.77,INV005257,4247.15,4238.87,0,normal
6,2025-01-14,2002.74,INV003108,1980.23,2009.32,0,normal
0,2025-01-14,2129.65,INV002891,2254.6,2278.84,0,normal
11,2025-01-14,3472.19,INV002496,3698.99,3704.86,0,normal
51,2025-01-14,3547.61,INV001102,3817.58,3786.86,0,normal
0,2025-01-14,2129.65,INV002891,2254.34,2254.34,1,price_variance
29,2025-01-14,2387.68,INV005867,2572.35,2550.84,0,normal
13,2025-01-14,5190.7,INV002070,5348.65,5304.46,0,normal
29,2025-01-15,2818.44,INV002703,2874.19,2894.13,0,normal
3,2025-01-15,4276.36,INV000034,4487.31,4546.05,0,normal
44,2025-01-15,1809.25,INV000641,1903.63,1891.64,0,normal
22,2025-01-15,4807.98,INV001527,4660.91,4694.9,0,normal
33,2025-01-15,642.48,INV004555,683.45,676.93,0,normal
8,2025-01-15,1781.1,INV004844,1808.66,1809.34,0,normal
35,2025-01-15,4461.22,INV003580,4587.33,4654.56,0,normal
12,2025-01-15,1906.12,INV003043,1865.9,1871.06,0,normal
14,2025-01-15,2599.46,INV002008,2651.42,2638.43,0,normal
59,2025-01-15,4064.81,INV001431,3920.06,3943.95,0,normal
1,2025-01-15,764.32,INV001154,755.83,759.9,0,normal
22,2025-01-15,4807.98,INV002324,4759.54,4710.71,0,normal
17,2025-01-15,825.12,INV001137,849.29,858.26,0,normal
10,2025-01-15,3757.77,INV004038,3768.27,3749.92,0,normal
14,2025-01-15,2498.6,INV002637,2386.75,2395.84,0,normal
46,2025-01-15,3630.56,INV004031,3576.29,3544.05,0,normal
37,2025-01-15,783.57,INV004658,755.93,748.52,0,normal
2,2025-01-15,2617.16,INV000107,2670.82,2633.5,0,normal
33,2025-01-15,1143.69,INV000461,1090.24,1100.86,0,normal
10,2025-01-15,3586.29,INV004389,3544.39,3576.94,0,normal
17,2025-01-15,781.32,INV004262,748.5,741.17,0,normal
30,2025-01-15,8940.77,INV003420,8969.71,9056.74,0,normal
37,2025-01-15,877.84,INV000866,906.78,900.81,0,normal
59,2025-01-16,4164.91,INV003890,4019.89,4061.03,0,normal
35,2025-01-16,4461.22,INV000275,4406.73,4381.1,0,normal
4,2025-01-16,347.8,INV004403,360.58,355.77,0,normal
19,2025-01-16,1868.25,INV004680,1918.13,1891.14,0,normal
13,2025-01-16,4429.15,INV005527,4687.72,4637.7,0,normal
19,2025-01-16,1956.33,INV002307,1926.98,1935.82,0,normal
4,2025-01-16,361.03,INV004439,360.73,358.73,0,normal
57,2025-01-16,5123.95,INV001783,5410.56,5388.17,0,normal
3,2025-01-16,3455.61,INV005729,3283.88,3746.77,1,overpayment
23,2025-01-16,1597.79,INV004007,1687.7,1687.67,0,normal
45,2025-01-16,2600.86,INV005465,2543.49,2550.96,0,normal
27,2025-01-16,2432.07,INV002400,2460.04,2447.17,0,normal
56,2025-01-16,1570.34,INV001444,1649.65,1655.24,0,normal
48,2025-01-16,3483.05,INV005461 ,3618.69,3618.69,1,duplicate
26,2025-01-16,2429.01,INV005972,2544.06,2555.52,0,normal
3,2025-01-16,3455.61,INV005729,3283.88,3303.89,0,normal
3,2025-01-16,4006.37,INV004492,4157.81,4151.11,0,normal
15,2025-01-16,776.16,INV001834,775.77,765.3,0,normal
49,2025-01-16,1597.8,INV002089-1,1515.68,1515.68,1,duplicate
20,2025-01-16,1547.01,INV000023,1596.02,1609.3,0,normal
51,2025-01-17,2828.13,INV004594,2831.38,2821.61,0,normal
20,2025-01-17,1268.11,INV003821,1319.44,1864.72,1,overpayment
54,2025-01-17,1601.45,INV005663,1721.69,1714.62,0,normal
24,2025-01-17,1234.8,INV004632,1206.18,1210.95,0,normal
0,2025-01-17,2669.1,INV000945,2671.58,2631.75,0,normal
49,2025-01-17,2216.44,INV003119,2184.58,2199.36,0,normal
41,2025-01-17,2437.09,INV005615,2337.88,2361.6,0,normal
20,2025-01-17,1268.11,INV003821,1319.44,1332.61,0,normal
41,2025-01-17,2803.29,INV004248,2705.15,2726.59,0,normal
34,2025-01-17,2918.52,INV000916,2906.72,2875.77,0,normal
4,2025-01-17,405.57,INV001666,402.4,403.09,0,normal
7,2025-01-17,1588.54,INV000068,1624.98,1616.82,0,normal
10,2025-01-17,5314.34,INV005084,5239.59,5301.25,0,normal
40,2025-01-17,2599.14,INV005158,2652.94,2671.14,0,normal
8,2025-01-17,1865.42,INV003361,1845.34,1822.71,0,normal
44,2025-01-17,1890.46,INV003296,1857.08,1836.25,0,normal
56,2025-01-17,1770.68,INV002673,1889.81,1888.0,0,normal
6,2025-01-17,2002.74,INV003765,2111.31,2102.95,0,normal
54,2025-01-17,1601.45,INV005663,1721.69,2531.95,1,overpayment
49,2025-01-18,2188.89,INV005033,2082.39,2056.39,0,normal
45,2025-01-18,2683.62,INV002808,2707.66,2718.65,0,normal
35,2025-01-18,4461.22,INV001151,4665.63,4656.63,0,normal
27,2025-01-18,2853.75,INV000367,2815.58,2788.84,0,normal
22,2025-01-18,4807.98,INV005818,5185.33,5188.47,0,normal
39,2025-01-18,3109.71,INV005699,3159.07,3130.38,0,normal
9,2025-01-18,883.7,INV004103,876.03,881.01,0,normal
41,2025-01-18,3596.51,INV000817,3754.67,3706.56,0,normal
48,2025-01-18,3627.83,INV000640,3788.36,3760.14,0,normal
26,2025-01-18,1637.29,INV003648,1646.51,1622.73,0,normal
33,2025-01-18,694.26,INV004107,696.22,698.26,0,normal
53,2025-01-18,1735.04,INV004977,1718.16,1738.6,0,normal
49,2025-01-18,1779.93,INV002837,1882.79,1905.05,0,normal
0,2025-01-18,2304.63,INV002544,2408.77,2444.07,0,normal
46,2025-01-19,3630.56,INV001366,3593.43,3640.27,0,normal
16,2025-01-19,2156.01,INV004056,2214.34,2226.59,0,normal
10,2025-01-19,3790.94,INV003923,3615.35,3660.27,0,normal
37,2025-01-19,1029.49,INV001045,1104.28,1094.66,0,normal
7,2025-01-19,1347.24,INV004287,1318.28,1333.07,0,normal
59,2025-01-19,2586.72,INV005254,2547.31,2509.12,0,normal
6,2025-01-19,2002.74,INV002020,1949.5,1951.61,0,normal
10,2025-01-19,3224.06,INV005940,3191.32,3197.3,0,normal
23,2025-01-19,1597.79,INV000564,1692.07,1694.59,0,normal
24,2025-01-19,1267.11,INV001240A,1277.04,1277.04,1,duplicate
10,2025-01-19,3428.49,INV005938,3302.79,3268.92,0,normal
57,2025-01-19,4703.98,INV005899,4949.27,4915.48,0,normal
12,2025-01-19,1906.12,INV003231,2032.71,2058.32,0,normal
18,2025-01-19,4382.89,INV002463,4257.01,4262.06,0,normal
6,2025-01-19,2002.74,INV001970,1959.48,1978.91,0,normal
31,2025-01-20,969.28,INV004125,946.22,947.12,0,normal
17,2025-01-20,996.12,INV005645A,1027.72,1027.72,1,duplicate
17,2025-01-20,979.77,INV005042,989.07,977.37,0,normal
53,2025-01-20,1034.57,INV000583,1006.98,1000.99,0,normal
24,2025-01-20,1808.66,INV003027,1900.94,1887.52,0,normal
43,2025-01-20,3032.04,INV004169,3178.38,3170.48,0,normal
16,2025-01-20,2238.24,INV002066,2178.35,2185.27,0,normal
31,2025-01-20,1527.59,INV005275,1593.08,1570.36,0,normal
6,2025-01-20,2002.74,INV003993,1948.78,1957.97,0,normal
54,2025-01-20,1520.08,INV002042,1499.04,1519.49,0,normal
36,2025-01-20,1650.51,INV004210,1735.83,1724.5,0,normal
52,2025-01-20,452.11,INV005155,436.13,430.19,0,normal
27,2025-01-20,2604.87,INV001709,2752.28,2785.42,0,normal
27,2025-01-20,2505.14,INV003639,2424.67,2397.55,0,normal
7,2025-01-20,1261.22,INV000169A,1254.39,1254.39,1,duplicate
58,2025-01-20,1028.6,INV002579,985.9,984.35,0,normal
2,2025-01-20,3819.25,INV004848,3918.34,3866.29,0,normal
14,2025-01-20,2422.8,INV000082,2578.83,2586.53,0,normal
21,2025-01-20,962.64,INV001115,940.25,937.12,0,normal
17,2025-01-20,1019.8,INV004804,1007.58,1011.16,0,normal
49,2025-01-20,1517.89,INV005860,1504.78,1486.02,0,normal
49,2025-01-20,1767.18,INV001720,1740.26,1741.21,0,normal
19,2025-01-21,1627.18,INV005950,1707.92,1727.19,0,normal
3,2025-01-21,4161.36,INV003875,4424.44,4487.61,0,normal
39,2025-01-21,2970.37,INV000071,3088.49,3074.49,0,normal
19,2025-01-21,1678.6,INV005649,1759.17,1784.96,0,normal
28,2025-01-21,2670.46,INV000031,2613.71,2645.61,0,normal
19,2025-01-21,1596.65,INV004706,1598.5,1598.04,0,normal
13,2025-01-21,2820.85,INV004685,3014.1,3005.84,0,normal
9,2025-01-21,801.8,INV005997,793.78,786.82,0,normal
23,2025-01-21,1597.79,INV001075,1541.38,1554.97,0,normal
9,2025-01-21,1094.19,INV003868,1104.18,1113.93,0,normal
18,2025-01-21,2787.96,INV004029,2771.88,2739.45,0,normal
17,2025-01-21,923.62,INV004526,880.79,877.65,0,normal
11,2025-01-21,4001.2,INV000593,4286.16,4322.94,0,normal
15,2025-01-21,898.43,INV003548,876.68,872.45,0,normal
55,2025-01-22,1016.16,INV001285,1095.37,1098.52,0,normal
10,2025-01-22,4242.48,INV005173,4185.12,4209.78,0,normal
26,2025-01-22,2766.17,INV001912,2828.2,2821.19,0,normal
36,2025-01-22,1650.51,INV004969,1607.74,1592.0,0,normal
17,2025-01-22,1061.18,INV005013,1025.36,1026.13,0,normal
46,2025-01-22,3630.56,INV000125,3537.61,3585.48,0,normal
45,2025-01-22,1977.94,INV003212,2108.56,2092.05,0,normal
17,2025-01-22,706.33,INV003192,681.56,681.51,0,normal
42,2025-01-22,838.86,INV005787,865.06,860.32,0,normal
22,2025-01-22,4807.98,INV002409,4855.08,4883.96,0,normal
43,2025-01-22,2282.52,INV003708,2351.18,2328.57,0,normal
47,2025-01-22,2130.99,INV002403,2028.71,2054.38,0,normal
27,2025-01-22,2414.86,INV001674,2424.4,2459.45,0,normal
14,2025-01-22,3000.59,INV002048,2995.47,2969.86,0,normal
11,2025-01-23,4330.32,INV005373,4676.5,4643.67,0,normal
22,2025-01-23,4807.98,INV004896,5141.3,5137.81,0,normal
23,2025-01-23,1597.79,INV000369,1587.44,1574.47,0,normal
36,2025-01-23,1650.51,INV004065,1693.17,1711.78,0,normal
35,2025-01-23,4461.22,INV001383,4371.55,4310.69,0,normal
5,2025-01-23,671.47,INV005765,689.39,686.19,0,normal
11,2025-01-23,2679.26,INV001826,3919.44,3919.44,1,price_variance
6,2025-01-23,2002.74,INV001027,2050.44,2036.62,0,normal
11,2025-01-23,2679.26,INV001826,2574.67,2548.73,0,normal
16,2025-01-23,2759.57,INV001165,2970.77,2997.51,0,normal
25,2025-01-23,1482.86,INV005555,1528.48,1539.21,0,normal
29,2025-01-23,2794.91,INV002171,2947.72,2958.95,0,normal
40,2025-01-23,3909.36,INV000171,3771.4,3776.33,0,normal
51,2025-01-23,3193.27,INV004699,3413.66,3415.99,0,normal
47,2025-01-23,2095.18,INV000004,2018.48,2031.59,0,normal
4,2025-01-23,398.43,INV001116,416.97,422.55,0,normal
46,2025-01-23,3630.56,INV004259,3851.06,3811.77,0,normal
41,2025-01-23,2692.81,INV000938,2701.44,2691.2,0,normal
48,2025-01-24,3406.53,INV005199,3594.31,3575.07,0,normal
31,2025-01-24,1254.97,INV004675,1320.52,1314.28,0,normal
32,2025-01-24,1366.59,INV003786,1357.17,1347.01,0,normal
38,2025-01-24,887.58,INV003680,917.63,918.48,0,normal
39,2025-01-24,1931.68,INV002339,2016.28,2024.58,0,normal
19,2025-01-24,1646.97,INV000387,1605.79,1588.55,0,normal
0,2025-01-24,2821.94,INV000594,2912.19,2911.83,0,normal
35,2025-01-24,4461.22,INV000286,4353.93,4394.45,0,normal
51,2025-01-24,2728.84,INV005752,2613.53,2589.32,0,normal
20,2025-01-24,1563.34,INV004656,1513.45,1498.49,0,normal
32,2025-01-24,1495.91,INV000086,1451.43,1461.67,0,normal
21,2025-01-24,1083.16,INV000276 ,1088.93,1088.93,1,duplicate
34,2025-01-24,2201.25,INV000043,2282.48,2299.32,0,normal
23,2025-01-24,1597.79,INV005161,1583.46,1591.81,0,normal
53,2025-01-24,1136.54,INV003586,1107.98,1095.6,0,normal
51,2025-01-24,2829.09,INV000590,3045.09,3041.7,0,normal
55,2025-01-24,992.81,INV001732,990.0,981.22,0,normal
31,2025-01-24,1436.88,INV001604,1388.38,1387.96,0,normal
54,2025-01-24,1135.8,INV003273,1193.51,1192.0,0,normal
15,2025-01-24,950.1,INV005232,911.56,924.74,0,normal
29,2025-01-24,2854.49,INV004859,2840.83,2879.96,0,normal
14,2025-01-24,3282.85,INV003186,3323.23,3333.46,0,normal
5,2025-01-24,611.23,INV005949,593.29,594.36,0,normal
51,2025-01-25,2943.21,INV004504,3175.61,3191.06,0,normal
12,2025-01-25,1906.12,INV002225,1852.57,1878.98,0,normal
14,2025-01-25,2293.82,INV005916,2312.32,2323.09,0,normal
32,2025-01-25,1338.86,INV002421,1434.69,1435.36,0,normal
50,2025-01-25,1899.43,INV002459,2021.25,2006.99,0,normal
27,2025-01-25,2003.12,INV000090,2034.02,2050.86,0,normal
10,2025-01-25,4702.96,INV000416,4868.66,4818.54,0,normal
9,2025-01-25,1030.84,INV001768,1080.23,1073.1,0,normal
14,2025-01-25,1629.28,INV003030,1567.27,1565.96,0,normal
20,2025-01-25,1567.76,INV002180,1620.83,1634.75,0,normal
40,2025-01-25,3026.46,INV004959,4684.45,4684.45,1,price_variance
46,2025-01-25,3630.56,INV005247,3819.91,3818.56,0,normal
52,2025-01-25,571.76,INV005937,605.49,596.57,0,normal
40,2025-01-25,3026.46,INV004959,3179.45,3143.47,0,normal
27,2025-01-25,2437.08,INV004968,2566.89,2541.89,0,normal
45,2025-01-25,2341.69,INV003820,2437.87,2410.32,0,normal
32,2025-01-25,1354.02,INV000050,1374.07,1366.78,0,normal
37,2025-01-26,835.69,INV005023,891.76,883.03,0,normal
2,2025-01-26,3027.63,INV001626,3230.44,3244.74,0,normal
0,2025-01-26,2654.27,INV002071,2548.25,3610.99,1,overpayment
33,2025-01-26,884.71,INV002191,849.73,838.79,0,normal
12,2025-01-26,1906.12,INV004930,1938.26,1929.48,0,normal
20,2025-01-26,1454.91,INV004194,1517.58,1533.95,0,normal
9,2025-01-26,900.62,INV000042,908.13,908.14,0,normal
21,2025-01-26,1014.69,INV005201,1090.09,1083.07,0,normal
58,2025-01-26,1003.17,INV003699,1051.21,1043.08,0,normal
8,2025-01-26,1980.45,INV002133,2071.32,2098.82,0,normal
54,2025-01-26,1337.5,INV000792,1337.27,1344.86,0,normal
0,2025-01-26,2654.27,INV002071,2548.25,2541.6,0,normal
15,2025-01-26,852.14,INV000688,902.98,910.77,0,normal
44,2025-01-26,1672.45,INV002158,1634.18,1655.32,0,normal
51,2025-01-26,3330.3,INV002427,3495.27,3508.05,0,normal
3,2025-01-26,3250.98,INV004447,3360.41,3317.16,0,normal
7,2025-01-26,1056.39,INV002857,1064.21,1055.9,0,normal
36,2025-01-26,1650.51,INV005913,1649.35,1635.26,0,normal
21,2025-01-26,1014.69,INV005201,1090.09,1415.42,1,overpayment
51,2025-01-26,2810.99,INV002267,2750.08,2740.96,0,normal
16,2025-01-26,2234.05,INV000069,2200.47,2172.89,0,normal
55,2025-01-26,1333.14,INV005839,1332.92,1332.92,1,duplicate
54,2025-01-26,1520.36,INV004995,1541.88,1535.57,0,normal
18,2025-01-26,4423.84,INV000557,4371.4,4386.35,0,normal
57,2025-01-26,6907.82,INV001694,7127.37,7224.15,0,normal
14,2025-01-26,2580.31,INV005129,2634.24,2627.88,0,normal
56,2025-01-26,1271.57,INV001665,1273.77,1278.27,0,normal
25,2025-01-26,1408.01,INV001442,1433.07,1414.31,0,normal
29,2025-01-26,3153.15,INV003205,3356.61,3384.12,0,normal
21,2025-01-27,1275.86,INV001454,1237.33,1228.36,0,normal
20,2025-01-27,1779.69,INV000915,1806.45,1817.15,0,normal
28,2025-01-27,2216.81,INV005986,2267.22,2288.39,0,normal
18,2025-01-27,3112.35,INV000281,2990.31,3012.1,0,normal
28,2025-01-27,2416.61,INV001933,2578.66,2580.86,0,normal
15,2025-01-27,816.64,INV001637,817.29,806.5,0,normal
0,2025-01-27,1764.34,INV003429,1695.83,1677.97,0,normal
15,2025-01-27,816.64,INV001637,817.29,1032.48,1,overpayment
8,2025-01-27,1628.81,INV000375,1931.83,1931.83,1,price_variance
45,2025-01-27,2045.85,INV001030,2082.87,2104.89,0,normal
25,2025-01-27,1568.64,INV002928,1526.15,1537.96,0,normal
36,2025-01-27,1650.51,INV002932,1632.95,1631.15,0,normal
36,2025-01-27,1650.51,INV002980,1739.84,1744.33,0,normal
8,2025-01-27,1628.81,INV000375,1549.39,1563.15,0,normal
38,2025-01-27,1039.44,INV005758,1060.71,1053.15,0,normal
6,2025-01-27,2002.74,INV004175,2022.45,2011.84,0,normal
9,2025-01-27,1053.57,INV004173,1023.98,1021.86,0,normal
5,2025-01-27,534.35,INV003174,534.14,539.54,0,normal
42,2025-01-27,915.13,INV003245,979.79,975.48,0,normal
28,2025-01-27,1896.33,INV000032,1956.58,1947.18,0,normal
22,2025-01-27,4807.98,INV004636,5190.64,5129.81,0,normal
55,2025-01-27,1017.82,INV001727,1077.85,1080.26,0,normal
18,2025-01-27,3263.26,INV004358,3430.69,3440.99,0,normal
33,2025-01-28,1017.68,INV002341,1040.79,1025.2,0,normal
4,2025-01-28,361.77,INV000194,384.88,389.85,0,normal
19,2025-01-28,1251.42,INV001705,1257.53,1263.87,0,normal
19,2025-01-28,1390.11,INV000093,1359.47,1352.08,0,normal
31,2025-01-28,1004.61,INV005898,1006.69,1015.12,0,normal
20,2025-01-28,1582.47,INV005688,1684.47,1690.03,0,normal
56,2025-01-28,1666.89,INV003460,2655.86,2655.86,1,price_variance
58,2025-01-28,865.05,INV000552,851.66,841.27,0,normal
35,2025-01-28,4461.22,INV002702,4804.6,4748.74,0,normal
0,2025-01-28,2184.44,INV005671,2098.87,2107.57,0,normal
50,2025-01-28,3043.98,INV000880,2894.56,2933.04,0,normal
2,2025-01-28,3405.85,INV000625,3378.28,3386.32,0,normal
52,2025-01-28,623.69,INV002915,614.29,607.63,0,normal
56,2025-01-28,1666.89,INV003460,1587.39,1583.16,0,normal
36,2025-01-28,1650.51,INV005434,1764.93,1769.14,0,normal
31,2025-01-28,1337.48,INV003307,1333.78,1339.64,0,normal
2,2025-01-28,3405.85,INV000625,3378.28,3954.68,1,overpayment
49,2025-01-28,2016.15,INV000549,2103.25,2119.43,0,normal
52,2025-01-28,520.42,INV005379,545.05,537.42,0,normal
45,2025-01-29,3059.72,INV001426,3035.39,3028.46,0,normal
24,2025-01-29,1543.26,INV001390,1519.42,1509.45,0,normal
7,2025-01-29,1301.76,INV001360,1330.18,1338.77,0,normal
45,2025-01-29,3059.72,INV001426,3035.39,4541.3,1,overpayment
8,2025-01-29,1825.5,INV000084,1833.84,1821.15,0,normal
15,2025-01-29,795.05,INV000674,783.8,788.08,0,normal
3,2025-01-29,3980.84,INV004479,4157.32,4160.67,0,normal
50,2025-01-29,2080.98,INV002911,2080.2,2059.36,0,normal
29,2025-01-29,2440.24,INV004048,2621.65,2633.6,0,normal
55,2025-01-29,1144.75,INV005504,1136.58,1147.78,0,normal
51,2025-01-29,2465.35,INV004074,2447.92,2441.46,0,normal
52,2025-01-29,579.09,INV003113,605.76,604.04,0,normal
9,2025-01-29,1057.84,INV001311,1136.85,1149.03,0,normal
6,2025-01-29,2002.74,INV004390,2106.9,2094.69,0,normal
27,2025-01-29,3156.68,INV003780,3200.36,3183.52,0,normal
13,2025-01-29,4816.81,INV002054,4628.5,4617.19,0,normal
10,2025-01-29,3551.63,INV002030,3565.92,3579.83,0,normal
8,2025-01-29,2031.84,INV000277,2155.92,2166.65,0,normal
39,2025-01-30,3062.07,INV005678,3214.55,3200.48,0,normal
26,2025-01-30,2573.47,INV002137,2509.72,2481.28,0,normal
3,2025-01-30,3715.6,INV001166,3763.26,3778.32,0,normal
56,2025-01-30,1380.06,INV000720,1325.08,1328.22,0,normal
4,2025-01-30,471.69,INV003672,506.7,502.84,0,normal
26,2025-01-30,2766.7,INV003311,2727.44,2749.21,0,normal
36,2025-01-30,1650.51,INV003368,1637.72,1618.91,0,normal
31,2025-01-30,1002.45,INV001475,1018.87,1023.14,0,normal
47,2025-01-30,1709.39,INV001741,1774.4,1749.97,0,normal
3,2025-01-30,3715.6,INV001166,4573.16,4573.16,1,price_variance
22,2025-01-30,4807.98,INV003926,5066.42,5059.39,0,normal
47,2025-01-30,2641.64,INV005051,2576.6,2554.02,0,normal
3,2025-01-30,4206.86,INV005012,4353.24,4387.03,0,normal
39,2025-01-30,3223.42,INV005277,3287.22,3324.99,0,normal
39,2025-01-30,3122.31,INV000127,3270.96,3300.81,0,normal
30,2025-01-30,11660.27,INV000422,11293.75,11297.26,0,normal
58,2025-01-31,988.88,INV000364,1014.49,1009.36,0,normal
18,2025-01-31,2836.22,INV005977,2823.33,2837.9,0,normal
14,2025-01-31,2741.6,INV002442,2610.49,2619.1,0,normal
12,2025-01-31,1906.12,INV003083,1938.98,1958.94,0,normal
13,2025-01-31,4303.8,INV002502,4214.72,4266.18,0,normal
9,2025-01-31,909.43,INV002188,950.33,946.41,0,normal
7,2025-01-31,1443.63,INV005535,1547.74,1549.94,0,normal
27,2025-01-31,2587.18,INV002337,2633.66,2655.87,0,normal
15,2025-01-31,1068.83,INV001257,1073.19,1088.6,0,normal
46,2025-01-31,3630.56,INV005923,3749.44,3700.76,0,normal
20,2025-01-31,1712.39,INV003984,1701.77,1689.3,0,normal
45,2025-01-31,2244.84,INV001854,2150.99,2142.99,0,normal
22,2025-01-31,4807.98,INV004990,5110.04,5181.23,0,normal
17,2025-01-31,622.12,INV002797,662.15,666.51,0,normal
20,2025-01-31,1592.49,INV001067,1526.62,1513.65,0,normal
7,2025-02-01,1864.38,INV002186,1937.22,1920.4,0,normal
23,2025-02-01,1597.79,INV005138,1539.94,1534.89,0,normal
17,2025-02-01,742.51,INV001158,757.18,765.28,0,normal
52,2025-02-01,538.63,INV005265,577.7,584.19,0,normal
52,2025-02-01,482.84,INV004780,508.61,508.46,0,normal
46,2025-02-01,3630.56,INV001530,3855.69,3873.75,0,normal
59,2025-02-01,4566.07,INV004529,4720.38,4722.98,0,normal
17,2025-02-01,1106.6,INV000393,1089.78,1102.27,0,normal
50,2025-02-01,1841.61,INV003465,1826.72,1845.89,0,normal
1,2025-02-01,861.54,INV004397,888.65,889.19,0,normal
35,2025-02-01,4461.22,INV000943,4477.55,4462.63,0,normal
31,2025-02-01,1028.03,INV005670,1031.02,1031.91,0,normal
27,2025-02-01,2517.11,INV002898,2439.39,2420.55,0,normal
8,2025-02-01,1617.78,INV005315,1715.18,1713.7,0,normal
15,2025-02-01,946.06,INV001317,1004.23,990.97,0,normal
16,2025-02-01,2240.98,INV000168,2259.61,2260.26,0,normal
14,2025-02-01,2740.51,INV000609,2924.66,2915.91,0,normal
5,2025-02-01,547.66,INV003169,576.61,580.62,0,normal
59,2025-02-01,4481.43,INV001717,4823.52,4853.91,0,normal
5,2025-02-01,529.39,INV003290,528.92,532.12,0,normal
2,2025-02-02,3028.48,INV001793,3033.25,3064.6,0,normal
45,2025-02-02,1751.65,INV005326,1680.0,2297.45,1,overpayment
45,2025-02-02,1751.65,INV005326,1680.0,1684.9,0,normal
59,2025-02-02,4235.56,INV004718,4546.75,4481.56,0,normal
28,2025-02-02,2920.94,INV001687,3134.79,3119.32,0,normal
30,2025-02-02,9754.64,INV001245,9436.97,9488.07,0,normal
2,2025-02-02,2780.92,INV001281,2701.47,2720.66,0,normal
28,2025-02-02,3143.28,INV002827,3061.08,3105.62,0,normal
1,2025-02-02,724.18,INV005166,689.91,680.04,0,normal
2,2025-02-02,2947.81,INV004059,3108.61,3138.12,0,normal
31,2025-02-02,1545.51,INV000333,1595.26,1574.33,0,normal
50,2025-02-02,1986.98,INV000268,1929.79,1902.65,0,normal
51,2025-02-03,2859.8,INV001651,3041.56,3017.9,0,normal
28,2025-02-03,2374.36,INV002304,2418.52,2392.25,0,normal
41,2025-02-03,2903.76,INV004256,2961.71,2958.97,0,normal
33,2025-02-03,867.01,INV000410,927.76,932.35,0,normal
32,2025-02-03,1070.73,INV000686,1089.0,1079.64,0,normal
18,2025-02-03,4812.27,INV004836,4897.86,4866.63,0,normal
32,2025-02-03,1070.73,INV000686,1296.29,1296.29,1,price_variance
6,2025-02-03,2002.74,INV004214,2106.5,2106.19,0,normal
57,2025-02-03,6489.66,INV001124,6529.18,6606.33,0,normal
2,2025-02-03,3313.18,INV005746,3330.3,3363.74,0,normal
43,2025-02-03,2450.6,INV004355,2528.97,2526.74,0,normal
57,2025-02-03,6753.87,INV004627,6492.18,6553.16,0,normal
26,2025-02-03,2884.58,INV002754,3075.47,3057.02,0,normal
22,2025-02-03,4807.98,INV002162,5156.4,5115.98,0,normal
14,2025-02-03,2072.49,INV001141,2066.1,2082.68,0,normal
30,2025-02-04,9722.37,INV000175,9358.41,9273.01,0,normal
20,2025-02-04,1527.33,INV001127,2349.47,2349.47,1,price_variance
52,2025-02-04,538.63,INV005265,577.7,577.7,1,duplicate
14,2025-02-04,2345.23,INV000323,2422.01,2416.23,0,normal
51,2025-02-04,3330.3,INV002427-1,3472.16,3472.16,1,duplicate
46,2025-02-04,3630.56,INV001967,3814.78,3791.5,0,normal
6,2025-02-04,2002.74,INV001635,2003.76,2014.15,0,normal
45,2025-02-04,2212.85,INV005774,2102.37,2084.07,0,normal
45,2025-02-04,2256.72,INV005925,2250.15,2280.37,0,normal
38,2025-02-04,1143.77,INV001749,1219.55,1217.38,0,normal
45,2025-02-04,2256.72,INV005925,2250.15,2356.44,1,overpayment
46,2025-02-04,3630.56,INV000125 ,3537.61,3537.61,1,duplicate
31,2025-02-04,1329.39,INV001614,1310.75,1319.92,0,normal
55,2025-02-04,901.4,INV005624,912.5,911.21,0,normal
52,2025-02-04,545.74,INV000151,583.37,591.85,0,normal
20,2025-02-04,1527.33,INV001127,1549.38,1540.25,0,normal
42,2025-02-04,1042.78,INV002696,1034.14,1032.63,0,normal
0,2025-02-05,2110.9,INV005193,2079.69,2062.04,0,normal
34,2025-02-05,2345.68,INV000021,2520.05,2553.41,0,normal
40,2025-02-05,3423.62,INV001568,3256.46,3292.37,0,normal
50,2025-02-05,2299.39,INV001904,2294.12,2312.26,0,normal
31,2025-02-05,1250.82,INV005159,1279.74,1264.43,0,normal
20,2025-02-05,1724.4,INV004695,1675.13,1686.55,0,normal
23,2025-02-05,1597.79,INV004554,1652.87,1653.72,0,normal
38,2025-02-05,924.17,INV005427,974.25,986.7,0,normal
31,2025-02-05,1250.82,INV005159,1324.87,1324.87,1,price_variance
49,2025-02-05,2114.39,INV000089,2248.94,2242.62,0,normal
22,2025-02-05,4807.98,INV004710,5173.13,5158.36,0,normal
28,2025-02-05,2839.92,INV002150,2698.41,2666.6,0,normal
38,2025-02-05,1052.87,INV005851,1093.28,1103.8,0,normal
14,2025-02-05,2874.28,INV000392,2979.15,2955.12,0,normal
58,2025-02-06,1252.93,INV003418,1309.62,1309.34,0,normal
51,2025-02-06,3653.88,INV001344,3782.3,3789.89,0,normal
35,2025-02-06,4461.22,INV000223,4577.08,4617.77,0,normal
27,2025-02-06,2211.73,INV004777,2142.9,2115.01,0,normal
42,2025-02-06,1095.88,INV002050,1066.49,1059.01,0,normal
12,2025-02-06,1906.12,INV002834,2048.02,2022.93,0,normal
44,2025-02-06,2089.64,INV004881,2129.07,2125.89,0,normal
30,2025-02-06,9455.41,INV002884,9113.49,9001.33,0,normal
59,2025-02-06,3848.85,INV000575,4123.78,4070.45,0,normal
18,2025-02-06,4082.38,INV005460,3898.95,3952.76,0,normal
18,2025-02-06,3871.03,INV002622,3731.13,3678.43,0,normal
46,2025-02-06,3630.56,INV005453,3742.33,3717.93,0,normal
33,2025-02-06,1058.98,INV005195,1107.26,1105.79,0,normal
14,2025-02-06,2439.66,INV001937,2614.64,2617.58,0,normal
24,2025-02-06,1003.5,INV004201,972.37,972.92,0,normal
22,2025-02-06,4807.98,INV001612,5127.8,5087.82,0,normal
15,2025-02-06,1047.72,INV001214,1076.07,1087.7,0,normal
4,2025-02-07,391.13,INV005346,378.02,375.58,0,normal
48,2025-02-07,3347.78,INV004064,3396.64,3447.48,0,normal
46,2025-02-07,3630.56,INV002417,3509.27,3519.48,0,normal
44,2025-02-07,1698.61,INV002155,1803.09,1820.76,0,normal
5,2025-02-07,748.15,INV005904,712.23,704.88,0,normal
41,2025-02-07,3466.68,INV000391,3339.98,3373.27,0,normal
48,2025-02-07,2881.13,INV000269,2804.61,2843.82,0,normal
35,2025-02-07,4461.22,INV000443,4459.78,4406.76,0,normal
0,2025-02-07,2798.21,INV000644,2981.78,3010.62,0,normal
23,2025-02-07,1597.79,INV004253,1542.98,1542.5,0,normal
57,2025-02-07,5761.23,INV003594,6148.14,6208.98,0,normal
11,2025-02-07,3316.82,INV004203,3286.48,3251.4,0,normal
21,2025-02-07,717.63,INV004197,764.38,753.25,0,normal
9,2025-02-07,883.93,INV003735,949.64,944.98,0,normal
13,2025-02-07,5504.57,INV000322,5766.76,5852.53,0,normal
8,2025-02-08,1663.24,INV005579,1596.23,1608.77,0,normal
59,2025-02-08,3128.3,INV002974,3342.98,3345.01,0,normal
36,2025-02-08,1650.51,INV003086,1659.25,1680.49,0,normal
25,2025-02-08,1559.42,INV002973,1489.35,1487.94,0,normal
55,2025-02-08,1260.61,INV001017,1248.39,1249.95,0,normal
5,2025-02-08,599.42,INV001564,622.26,623.81,0,normal
21,2025-02-08,1045.39,INV004000,1113.83,1129.59,0,normal
22,2025-02-08,4807.98,INV005446,4706.63,4659.31,0,normal
5,2025-02-08,666.87,INV004681,652.85,647.04,0,normal
29,2025-02-08,1966.6,INV001673,2063.24,2076.88,0,normal
22,2025-02-08,4807.98,INV005139,5096.88,5073.74,0,normal
18,2025-02-08,3362.84,INV001922,3334.1,3374.13,0,normal
42,2025-02-08,1063.76,INV003912,1019.98,1005.53,0,normal
28,2025-02-08,2231.09,INV002524,2240.06,2240.73,0,normal
24,2025-02-08,1194.62,INV005806,1214.93,1204.08,0,normal
51,2025-02-08,3519.64,INV005185,3502.31,3481.7,0,normal
49,2025-02-08,2340.72,INV002161,2347.05,2366.65,0,normal
23,2025-02-08,1597.79,INV002129,1659.26,1661.23,0,normal
51,2025-02-08,2744.69,INV000315,2758.15,2770.44,0,normal
59,2025-02-08,3809.34,INV001314,4029.46,3982.5,0,normal
29,2025-02-08,2232.86,INV005134,2383.17,2385.89,0,normal
7,2025-02-09,1235.12,INV000173,1288.14,1302.0,0,normal
36,2025-02-09,1650.51,INV005030,1609.59,1618.05,0,normal
10,2025-02-09,2755.62,INV004146,2757.0,2773.24,0,normal
50,2025-02-09,2027.27,INV003071,1926.94,1954.61,0,normal
57,2025-02-09,5399.37,INV000809,5593.38,6625.77,1,overpayment
46,2025-02-09,3630.56,INV001094,3711.62,3656.97,0,normal
56,2025-02-09,1322.81,INV003716,1407.55,1389.94,0,normal
57,2025-02-09,5399.37,INV000809,5593.38,5592.45,0,normal
46,2025-02-09,3630.56,INV002743,3681.94,3708.46,0,normal
28,2025-02-09,2689.02,INV004240,2614.73,2591.54,0,normal
19,2025-02-09,1694.69,INV004231,1730.93,1745.15,0,normal
27,2025-02-09,2334.63,INV005930,2248.39,2230.5,0,normal
7,2025-02-09,1366.06,INV003529,1701.68,1701.68,1,price_variance
7,2025-02-09,1120.34,INV001400,1145.2,1158.51,0,normal
46,2025-02-09,3630.56,INV005914,3463.64,3427.24,0,normal
47,2025-02-09,1986.85,INV005737,2109.28,2097.13,0,normal
23,2025-02-09,1597.79,INV003005,1593.71,1607.97,0,normal
7,2025-02-09,1366.06,INV003529,1424.34,1426.18,0,normal
25,2025-02-09,1357.48,INV003530,1446.41,1446.11,0,normal
30,2025-02-09,8674.79,INV005874,8438.67,8419.87,0,normal
15,2025-02-09,835.83,INV004908,810.31,816.31,0,normal
13,2025-02-10,3566.51,INV004785,3432.14,3401.04,0,normal
40,2025-02-10,4224.4,INV004679,4484.9,4417.82,0,normal
16,2025-02-10,2141.71,INV001246,2252.34,2259.39,0,normal
5,2025-02-10,714.0,INV004327,752.29,749.13,0,normal
43,2025-02-10,1984.52,INV003109,2111.12,2114.6,0,normal
54,2025-02-10,1412.08,INV004578,1501.71,1503.09,0,normal
9,2025-02-10,1127.15,INV000801,1157.44,1156.36,0,normal
25,2025-02-10,1477.55,INV000219,1568.89,1575.33,0,normal
9,2025-02-10,1127.15,INV000801,1157.44,1571.26,1,overpayment
26,2025-02-10,1850.16,INV003255,1894.94,1910.21,0,normal
2,2025-02-10,2637.09,INV001664,2681.42,2691.17,0,normal
11,2025-02-10,3780.96,INV002645,3912.46,3948.04,0,normal
1,2025-02-10,1055.98,INV002706,1051.55,1049.59,0,normal
24,2025-02-10,1364.22,INV003070,1843.56,1843.56,1,price_variance
24,2025-02-10,1364.22,INV003070,1417.1,1399.83,0,normal
28,2025-02-10,2314.13,INV002731,2253.04,2229.03,0,normal
9,2025-02-10,646.61,INV000602,627.77,634.46,0,normal
17,2025-02-10,544.15,INV000551,519.46,525.74,0,normal
8,2025-02-10,1763.55,INV003816,1755.17,1760.74,0,normal
58,2025-02-10,826.59,INV001501,814.74,816.43,0,normal
52,2025-02-10,601.28,INV005506,616.8,612.62,0,normal
32,2025-02-11,1372.99,INV001656,1404.73,1422.82,0,normal
25,2025-02-11,1596.06,INV002826,1675.9,1663.81,0,normal
0,2025-02-11,2325.45,INV000930,2504.96,2506.99,0,normal
45,2025-02-11,2220.16,INV000853,2139.39,2113.63,0,normal
22,2025-02-11,4807.98,INV001040,5126.22,5189.39,0,normal
23,2025-02-11,1597.79,INV002183,1645.53,1630.93,0,normal
36,2025-02-11,1650.51,INV000245,1719.09,1732.08,0,normal
30,2025-02-11,11527.03,INV005616,16744.16,16744.16,1,price_variance
53,2025-02-11,1256.14,INV002785,1208.62,1206.74,0,normal
59,2025-02-11,3191.25,INV005343,3060.71,3069.57,0,normal
23,2025-02-11,1597.79,INV002183,1645.53,2352.01,1,overpayment
57,2025-02-11,4904.77,INV004761,4688.6,4717.63,0,normal
52,2025-02-11,491.14,INV005402,513.73,512.68,0,normal
31,2025-02-11,1437.75,INV005025,1470.78,1450.64,0,normal
30,2025-02-11,11527.03,INV005616,12340.02,12457.45,0,normal
51,2025-02-12,2607.17,INV005811,2599.04,2576.71,0,normal
14,2025-02-12,3063.16,INV005920,3030.11,3037.11,0,normal
0,2025-02-12,2679.17,INV003985,2731.5,2698.36,0,normal
11,2025-02-12,3318.47,INV005536,3310.52,3316.47,0,normal
26,2025-02-12,3413.95,INV000376,3592.54,3625.86,0,normal
2,2025-02-12,2830.91,INV003944,2885.25,2910.84,0,normal
10,2025-02-12,4252.75,INV000459,4203.25,4258.55,0,normal
51,2025-02-12,3822.12,INV003487,3886.49,3901.59,0,normal
13,2025-02-12,5337.48,INV002149,5312.39,5234.94,0,normal
42,2025-02-12,659.09,INV005338,666.84,665.61,0,normal
54,2025-02-12,1225.11,INV005939,1295.1,1311.36,0,normal
58,2025-02-12,955.55,INV005549,1014.76,1003.51,0,normal
35,2025-02-13,4461.22,INV005759,4754.18,4817.36,0,normal
56,2025-02-13,1895.64,INV002499,1893.92,1871.6,0,normal
18,2025-02-13,3853.94,INV004544,4116.52,4097.97,0,normal
16,2025-02-13,2068.29,INV005785,1991.09,2019.39,0,normal
31,2025-02-13,1424.91,INV002487,1531.0,1539.95,0,normal
1,2025-02-13,1113.34,INV005501,1192.72,1195.7,0,normal
22,2025-02-13,4807.98,INV001503,4977.35,4966.1,0,normal
23,2025-02-13,1597.79,INV003450,1603.89,1619.04,0,normal
2,2025-02-13,3819.25,INV004848-1,3952.24,3952.24,1,duplicate
38,2025-02-13,1052.87,INV005851-1,1093.28,1093.28,1,duplicate
19,2025-02-13,1643.35,INV001885,1639.35,1645.97,0,normal
50,2025-02-13,2192.36,INV003863,2258.56,2256.23,0,normal
57,2025-02-13,6543.11,INV001872,6700.68,6651.71,0,normal
58,2025-02-13,1028.6,INV002579A,985.9,985.9,1,duplicate
36,2025-02-13,1650.51,INV000078,1701.09,1700.43,0,normal
20,2025-02-13,1371.91,INV004144,1356.71,1367.22,0,normal
8,2025-02-13,1953.96,INV003590,1922.31,1935.15,0,normal
44,2025-02-13,2377.68,INV001346,2558.34,2591.01,0,normal
4,2025-02-14,353.2,INV003571,378.5,380.38,0,normal
0,2025-02-14,2750.48,INV005906,2869.0,2888.14,0,normal
43,2025-02-14,2312.9,INV004141,2442.86,2455.01,0,normal
23,2025-02-14,1597.79,INV004564,1632.63,1643.28,0,normal
6,2025-02-14,2002.74,INV000256,1987.84,2015.67,0,normal
45,2025-02-14,1512.19,INV002538,1554.88,1546.38,0,normal
46,2025-02-14,3630.56,INV003433,3866.43,3865.1,0,normal
18,2025-02-14,3227.57,INV004195,3399.05,3358.03,0,normal
44,2025-02-14,1998.51,INV002783,2049.91,2066.61,0,normal
0,2025-02-14,2510.85,INV003577,2694.85,2702.12,0,normal
45,2025-02-15,1690.76,INV003463,1814.33,1800.28,0,normal
33,2025-02-15,790.84,INV005082,811.27,816.7,0,normal
33,2025-02-15,984.58,INV004126,983.03,987.04,0,normal
33,2025-02-15,934.17,INV000063,935.68,931.59,0,normal
45,2025-02-15,2017.17,INV003478,2045.85,2073.38,0,normal
58,2025-02-15,849.56,INV003038,915.33,909.95,0,normal
21,2025-02-15,1389.22,INV003220,1358.44,1369.73,0,normal
17,2025-02-15,852.05,INV002028,850.69,848.1,0,normal
25,2025-02-15,1082.43,INV001825,1029.43,1043.93,0,normal
20,2025-02-15,1728.84,INV004010,1865.47,1849.93,0,normal
48,2025-02-15,3029.15,INV002439,3260.22,3302.19,0,normal
29,2025-02-15,2446.31,INV000484,2349.1,2378.13,0,normal
15,2025-02-15,968.52,INV005821,1041.04,1042.49,0,normal
49,2025-02-15,1839.03,INV005149,1923.05,1943.02,0,normal
49,2025-02-15,1917.11,INV005038,1827.69,1853.45,0,normal
49,2025-02-15,2405.19,INV000780,2431.34,2417.01,0,normal
8,2025-02-15,2113.9,INV003063,2262.62,2257.46,0,normal
35,2025-02-15,4461.22,INV002774,4243.22,4191.0,0,normal
23,2025-02-15,1597.79,INV004081,1584.35,1563.9,0,normal
19,2025-02-15,1772.75,INV004093,1848.08,1868.72,0,normal
17,2025-02-15,781.31,INV005492,767.93,766.93,0,normal
47,2025-02-15,1848.83,INV000016,1916.06,1928.61,0,normal
55,2025-02-15,1238.27,INV002367,1291.05,1300.59,0,normal
10,2025-02-16,2736.28,INV002852,2924.17,2935.05,0,normal
55,2025-02-16,1359.93,INV005493,1364.3,1370.98,0,normal
4,2025-02-16,351.27,INV004292,377.98,381.04,0,normal
37,2025-02-16,890.67,INV004907,930.91,916.95,0,normal
25,2025-02-16,1362.05,INV003526,1352.75,1351.04,0,normal
4,2025-02-16,439.12,INV004452,448.32,446.82,0,normal
19,2025-02-16,1664.31,INV001331,1720.13,1709.83,0,normal
3,2025-02-16,4234.1,INV004707,4029.34,3971.12,0,normal
32,2025-02-16,1164.73,INV002106,1245.43,1228.74,0,normal
7,2025-02-16,1291.32,INV002119,1319.73,1324.46,0,normal
26,2025-02-16,2554.58,INV002320,3817.45,3817.45,1,price_variance
58,2025-02-16,745.85,INV004590,761.07,760.31,0,normal
48,2025-02-16,3444.72,INV002300,3688.95,3725.34,0,normal
10,2025-02-16,4008.84,INV005804,4187.23,4218.37,0,normal
59,2025-02-16,4164.63,INV001091,4352.89,4380.8,0,normal
26,2025-02-16,2554.58,INV002320,2534.21,2532.38,0,normal
17,2025-02-16,937.47,INV000108,919.22,915.02,0,normal
15,2025-02-16,832.24,INV003061,826.0,829.6,0,normal
6,2025-02-16,2002.74,INV002437,2022.83,2049.22,0,normal
37,2025-02-17,840.34,INV002323,884.47,889.72,0,normal
21,2025-02-17,1254.21,INV003466,1299.35,1317.06,0,normal
54,2025-02-17,1345.34,INV003836,1292.23,1310.65,0,normal
45,2025-02-17,1976.76,INV000959,2020.42,2004.2,0,normal
10,2025-02-17,3663.29,INV005058,3941.03,3918.28,0,normal
30,2025-02-17,9048.66,INV002656,8888.55,8765.53,0,normal
59,2025-02-17,4322.6,INV004637,4631.66,4578.26,0,normal
8,2025-02-17,1651.23,INV000011,1628.42,1611.02,0,normal
13,2025-02-17,4988.74,INV005322,4956.73,4951.35,0,normal
18,2025-02-17,3565.15,INV001356,3847.45,3837.02,0,normal
26,2025-02-17,2596.4,INV001679,2726.17,2766.78,0,normal
21,2025-02-17,1053.93,INV001680,1048.17,1054.04,0,normal
24,2025-02-17,1493.74,INV005192,1430.82,1443.3,0,normal
14,2025-02-17,2603.42,INV005083,2473.65,2437.52,0,normal
38,2025-02-17,1017.29,INV005971,1069.81,1070.01,0,normal
48,2025-02-17,2504.69,INV002765,2462.23,2480.69,0,normal
9,2025-02-17,721.58,INV001410,772.31,767.94,0,normal
47,2025-02-17,1709.14,INV000745,1753.7,1775.82,0,normal
31,2025-02-17,1176.66,INV003233,1163.45,1151.86,0,normal
28,2025-02-18,2654.6,INV003165,2825.7,2790.66,0,normal
53,2025-02-18,1416.48,INV000334,1483.26,1464.18,0,normal
6,2025-02-18,2002.74,INV005073,1909.6,1896.91,0,normal
3,2025-02-18,4161.36,INV003875,4484.76,4484.76,1,duplicate
23,2025-02-18,1597.79,INV005942,1538.83,1518.76,0,normal
28,2025-02-18,2996.33,INV005801,3183.73,3160.85,0,normal
0,2025-02-18,2048.06,INV000220,2117.66,2109.33,0,normal
11,2025-02-18,3038.49,INV001553,3090.45,3109.07,0,normal
55,2025-02-18,1298.67,INV004606,1330.52,1335.9,0,normal
0,2025-02-18,1902.77,INV002946,2020.27,2032.3,0,normal
8,2025-02-18,1457.51,INV004386,1569.85,1569.85,1,price_variance
45,2025-02-18,2160.34,INV000244,2065.41,2075.61,0,normal
34,2025-02-18,3171.08,INV005575,3020.77,3013.64,0,normal
56,2025-02-18,1616.84,INV004812,1594.54,1589.72,0,normal
19,2025-02-18,1700.73,INV001670,1738.08,1739.15,0,normal
44,2025-02-18,2692.12,INV005341,2619.61,2624.43,0,normal
8,2025-02-18,1457.51,INV004386,1439.49,1429.31,0,normal
37,2025-02-18,723.28,INV005869,739.97,832.74,1,overpayment
16,2025-02-18,2081.46,INV001754,2089.89,2072.6,0,normal
48,2025-02-18,2351.07,INV000227,2502.66,2507.38,0,normal
26,2025-02-18,2115.5,INV003111,2268.63,2289.7,0,normal
40,2025-02-18,3354.98,INV005991,3424.69,3424.99,0,normal
33,2025-02-18,863.21,INV001730,820.13,809.08,0,normal
59,2025-02-18,3437.83,INV002131,3464.94,3427.63,0,normal
39,2025-02-18,2934.79,INV000579,3004.24,3021.0,0,normal
37,2025-02-18,723.28,INV005869,739.97,748.59,0,normal
50,2025-02-18,2150.47,INV004674,2209.49,2198.69,0,normal
37,2025-02-18,888.82,INV000354,936.16,931.26,0,normal
39,2025-02-19,3678.29,INV001841,3927.75,3905.95,0,normal
56,2025-02-19,1249.68,INV004854,1321.1,1338.81,0,normal
0,2025-02-19,2205.04,INV002989,2310.97,2291.67,0,normal
11,2025-02-19,3165.09,INV005220,3036.0,3070.8,0,normal
35,2025-02-19,4461.22,INV005570,4324.41,4314.75,0,normal
0,2025-02-19,2744.87,INV000330,2918.52,2901.92,0,normal
20,2025-02-19,1617.77,INV000493,1732.17,1711.29,0,normal
36,2025-02-19,1650.51,INV000356,1670.3,1674.63,0,normal
39,2025-02-19,4113.2,INV000844,4306.0,4256.77,0,normal
43,2025-02-19,1775.85,INV001886,1898.01,1896.83,0,normal
52,2025-02-19,477.31,INV003334,455.61,453.5,0,normal
49,2025-02-19,2099.94,INV005718,2023.41,2045.4,0,normal
20,2025-02-19,1755.22,INV002240,1879.27,1855.36,0,normal
24,2025-02-19,1096.64,INV003453,1127.97,1137.14,0,normal
26,2025-02-19,3605.49,INV005895,3773.1,3799.73,0,normal
51,2025-02-19,2635.25,INV003333,2723.79,2721.79,0,normal
24,2025-02-20,1131.9,INV001711,1078.86,1091.98,0,normal
17,2025-02-20,778.97,INV004237,839.86,842.78,0,normal
35,2025-02-20,4461.22,INV000943-1,4477.55,4477.55,1,duplicate
35,2025-02-20,4461.22,INV001613,4542.56,4488.31,0,normal
8,2025-02-20,2182.01,INV005561,2188.01,2177.25,0,normal
4,2025-02-20,251.86,INV002611,267.72,267.69,0,normal
17,2025-02-20,791.57,INV000205,781.63,776.19,0,normal
5,2025-02-20,756.81,INV000450,741.7,740.59,0,normal
50,2025-02-20,2645.62,INV005690,2772.3,2740.36,0,normal
19,2025-02-20,1734.97,INV003449,1868.53,1884.68,0,normal
42,2025-02-20,870.44,INV004209,869.71,859.02,0,normal
14,2025-02-20,2741.6,INV002442-1,2610.49,2610.49,1,duplicate
38,2025-02-20,730.76,INV000537,747.28,757.04,0,normal
0,2025-02-20,2182.22,INV001379,2110.18,2095.23,0,normal
52,2025-02-20,564.22,INV005600,595.91,594.05,0,normal
56,2025-02-20,1441.96,INV000518,1513.64,1505.43,0,normal
2,2025-02-20,3133.35,INV004810,3078.09,3118.88,0,normal
10,2025-02-20,3358.79,INV005955,3483.53,3470.86,0,normal
28,2025-02-21,3019.61,INV004481,3216.77,3257.48,0,normal
44,2025-02-21,1822.25,INV000312,1790.21,1799.86,0,normal
1,2025-02-21,1152.93,INV000295,1107.65,1111.85,0,normal
18,2025-02-21,3588.25,INV004180,3830.35,3874.08,0,normal
25,2025-02-21,1614.7,INV001496,1623.37,1611.38,0,normal
17,2025-02-21,781.31,INV005492,767.93,767.93,1,duplicate
41,2025-02-21,2931.74,INV002022,3051.16,3010.66,0,normal
6,2025-02-21,2002.74,INV002437-1,2022.83,2022.83,1,duplicate
50,2025-02-21,2096.63,INV004294,2015.28,2003.91,0,normal
28,2025-02-21,2920.94,INV001687A,3102.23,3102.23,1,duplicate
48,2025-02-21,3991.67,INV002833,4089.73,4098.59,0,normal
24,2025-02-21,1189.83,INV005550,1265.94,1277.24,0,normal
20,2025-02-21,1528.34,INV001537,1486.23,1490.69,0,normal
27,2025-02-21,2280.2,INV000402,2374.16,2385.95,0,normal
31,2025-02-21,1306.32,INV003564,1345.54,1333.18,0,normal
50,2025-02-21,2112.3,INV000899,2012.95,2014.88,0,normal
56,2025-02-21,1525.72,INV003107,1508.39,1505.02,0,normal
25,2025-02-21,1338.38,INV000908,1311.15,1311.46,0,normal
35,2025-02-21,4461.22,INV004691,4807.06,4856.69,0,normal
5,2025-02-22,457.19,INV003883,477.08,482.97,0,normal
13,2025-02-22,5190.93,INV000081,5000.04,4953.76,0,normal
34,2025-02-22,2625.27,INV002612,2690.73,2668.88,0,normal
52,2025-02-22,627.75,INV000969,633.66,637.74,0,normal
53,2025-02-22,1234.19,INV004688,1201.83,1214.27,0,normal
20,2025-02-22,1247.87,INV001512,1270.29,1275.17,0,normal
7,2025-02-22,1659.93,INV002024,1610.75,1602.73,0,normal
38,2025-02-22,1093.84,INV001470,1099.06,1089.79,0,normal
13,2025-02-22,4269.89,INV002844,4418.15,4355.86,0,normal
48,2025-02-22,3081.19,INV004731,3193.77,3222.27,0,normal
23,2025-02-22,1597.79,INV005766,1554.44,1559.1,0,normal
1,2025-02-22,712.92,INV001699,763.45,767.9,0,normal
28,2025-02-22,2686.34,INV001557,2643.7,2665.61,0,normal
12,2025-02-22,1906.12,INV001695,1867.13,1843.13,0,normal
32,2025-02-22,1150.22,INV001014,1234.46,1216.25,0,normal
16,2025-02-22,2579.04,INV000534,2661.89,2701.57,0,normal
52,2025-02-22,459.33,INV005269,476.77,479.47,0,normal
44,2025-02-22,1903.48,INV000132,1821.79,1844.73,0,normal
44,2025-02-22,1921.16,INV000133,1843.06,1834.83,0,normal
59,2025-02-23,3526.31,INV004407,3576.34,3564.76,0,normal
25,2025-02-23,1477.94,INV004414,1580.8,1571.4,0,normal
53,2025-02-23,1128.0,INV004563,1072.42,1067.66,0,normal
32,2025-02-23,1324.08,INV004793,1340.79,1337.05,0,normal
4,2025-02-23,338.54,INV004593,356.61,355.71,0,normal
15,2025-02-23,1084.79,INV004614,1038.58,1048.35,0,normal
51,2025-02-23,3719.36,INV001002,3697.26,3678.24,0,normal
23,2025-02-23,1597.79,INV002534,1652.86,1645.69,0,normal
42,2025-02-23,985.63,INV000185,1021.81,1021.51,0,normal
27,2025-02-23,2303.27,INV004497,2326.35,2328.33,0,normal
11,2025-02-23,3109.75,INV002493,3329.19,3339.82,0,normal
53,2025-02-23,1674.11,INV000130,1703.29,1689.62,0,normal
8,2025-02-23,1502.79,INV004058,1493.37,1498.89,0,normal
15,2025-02-23,1168.04,INV004405,1221.91,1222.88,0,normal
18,2025-02-23,3362.84,INV001922-1,3287.42,3287.42,1,duplicate
9,2025-02-23,1007.9,INV001392,1007.53,1019.88,0,normal
50,2025-02-23,2397.04,INV000052,2427.77,2406.47,0,normal
48,2025-02-23,3143.51,INV005641,3382.07,3353.87,0,normal
14,2025-02-23,3327.48,INV000862,3564.02,3512.28,0,normal
45,2025-02-24,2647.79,INV005444,2654.32,2676.83,0,normal
30,2025-02-24,11072.97,INV003517,11355.43,11439.24,0,normal
37,2025-02-24,888.82,INV000354-1,944.55,944.55,1,duplicate
39,2025-02-24,2150.7,INV001950,2188.57,2201.05,0,normal
0,2025-02-24,2182.76,INV004897,2348.77,2331.82,0,normal
6,2025-02-24,2002.74,INV002259,1984.41,2009.91,0,normal
11,2025-02-24,2990.07,INV003911,2998.89,3035.46,0,normal
56,2025-02-24,1409.43,INV001202,1387.64,1369.85,0,normal
17,2025-02-24,809.54,INV004988,854.67,863.42,0,normal
56,2025-02-24,1690.96,INV002583,1614.75,1610.19,0,normal
5,2025-02-24,570.24,INV000646,593.76,588.74,0,normal
1,2025-02-24,756.08,INV004875,783.0,788.18,0,normal
29,2025-02-24,1935.73,INV005858,2015.74,2035.19,0,normal
32,2025-02-24,1215.32,INV005022,1155.45,1164.21,0,normal
49,2025-02-24,1763.17,INV003195,1853.18,1865.62,0,normal
13,2025-02-24,4826.72,INV002669,4772.91,4814.88,0,normal
3,2025-02-25,4073.47,INV002260,4029.42,3988.54,0,normal
16,2025-02-25,2961.22,INV005809,3088.42,3097.65,0,normal
19,2025-02-25,1432.45,INV001771,1405.28,1415.84,0,normal
41,2025-02-25,3005.22,INV002976,3098.3,3098.15,0,normal
33,2025-02-25,963.61,INV002007,994.48,981.84,0,normal
33,2025-02-25,880.72,INV001167,857.06,853.99,0,normal
53,2025-02-25,1307.45,INV005216,1347.29,1335.22,0,normal
38,2025-02-25,708.6,INV002203,743.86,734.28,0,normal
51,2025-02-25,3041.87,INV001276,3246.68,3226.19,0,normal
27,2025-02-25,2683.53,INV000626,3299.55,3299.55,1,price_variance
27,2025-02-25,2683.53,INV000626,2631.89,2605.05,0,normal
47,2025-02-25,2158.33,INV003839,2245.14,2268.0,0,normal
27,2025-02-25,2120.48,INV001944,2045.84,2063.43,0,normal
44,2025-02-25,1496.12,INV003018,1611.24,1627.14,0,normal
6,2025-02-25,2002.74,INV001932,2135.53,2140.84,0,normal
44,2025-02-25,1949.87,INV003846,2028.86,2002.05,0,normal
40,2025-02-25,1995.96,INV002687,2106.98,2082.01,0,normal
21,2025-02-25,1057.64,INV002640,1060.12,1060.19,0,normal
45,2025-02-26,2049.73,INV004635,2158.72,2146.48,0,normal
37,2025-02-26,894.11,INV001510,895.35,883.85,0,normal
18,2025-02-26,3476.63,INV002531,3704.18,3747.5,0,normal
4,2025-02-26,315.39,INV001343,307.8,303.81,0,normal
6,2025-02-26,2002.74,INV003627,2150.94,2148.38,0,normal
27,2025-02-26,2149.7,INV004281,2137.89,2144.62,0,normal
14,2025-02-26,2708.95,INV005881,2910.68,2939.66,0,normal
23,2025-02-26,1597.79,INV000914,1542.51,1530.06,0,normal
9,2025-02-26,850.43,INV000833,851.04,842.93,0,normal
4,2025-02-26,315.39,INV001343,307.8,355.95,1,overpayment
28,2025-02-26,2249.21,INV004172,2401.2,2414.63,0,normal
16,2025-02-26,2008.15,INV005225,2049.77,2031.67,0,normal
36,2025-02-26,1650.51,INV000605,1624.9,1607.34,0,normal
32,2025-02-26,1433.37,INV002866,1396.2,1396.79,0,normal
11,2025-02-26,3454.46,INV000153,3564.74,3512.94,0,normal
2,2025-02-26,3526.79,INV003075,3634.42,3635.63,0,normal
59,2025-02-26,3556.54,INV000811,3634.17,3681.45,0,normal
58,2025-02-26,931.86,INV005679,949.28,951.71,0,normal
14,2025-02-26,2201.65,INV005503,2130.38,2113.83,0,normal
44,2025-02-26,1532.86,INV003435,1650.74,1638.21,0,normal
9,2025-02-27,924.04,INV003358,914.46,910.02,0,normal
51,2025-02-27,3322.31,INV001069,3268.64,3291.01,0,normal
9,2025-02-27,1207.45,INV001691,1288.45,1287.86,0,normal
55,2025-02-27,1168.98,INV002327,1208.47,1191.92,0,normal
56,2025-02-27,1588.61,INV005789,1701.03,1688.76,0,normal
17,2025-02-27,1052.89,INV005298,1088.01,1082.06,0,normal
56,2025-02-27,1609.48,INV005531,1591.69,1594.63,0,normal
48,2025-02-27,3067.83,INV000441,3192.67,3235.31,0,normal
44,2025-02-27,1704.34,INV005407,1732.94,1738.55,0,normal
18,2025-02-27,3415.42,INV003097,3541.86,3500.77,0,normal
18,2025-02-27,4063.46,INV001576,4056.76,4053.86,0,normal
44,2025-02-27,1677.34,INV005682,1639.8,1627.03,0,normal
5,2025-02-27,458.99,INV004891,473.56,472.25,0,normal
44,2025-02-27,2220.88,INV005763,2354.52,2344.72,0,normal
36,2025-02-27,1650.51,INV003677,1725.27,1700.03,0,normal
37,2025-02-27,856.8,INV001913,839.28,840.35,0,normal
8,2025-02-27,1286.89,INV001367,1371.92,1364.97,0,normal
5,2025-02-27,458.99,INV004891,473.56,509.66,1,overpayment
11,2025-02-27,2782.27,INV000278,2883.39,2860.77,0,normal
54,2025-02-27,1445.58,INV001262,1415.34,1414.67,0,normal
32,2025-02-27,947.64,INV005072,1003.76,1004.61,0,normal
34,2025-02-27,3284.21,INV002553,3161.51,3169.87,0,normal
50,2025-02-28,2197.68,INV000852,2106.23,2105.34,0,normal
18,2025-02-28,4495.17,INV003599,4488.55,4509.7,0,normal
25,2025-02-28,1537.78,INV003679,1541.78,1546.41,0,normal
38,2025-02-28,901.5,INV000324,895.02,889.56,0,normal
8,2025-02-28,1498.95,INV004423,1503.83,1504.8,0,normal
44,2025-02-28,1674.94,INV004570,1741.21,1753.46,0,normal
8,2025-02-28,2009.98,INV003853,1915.59,1925.54,0,normal
24,2025-02-28,924.74,INV003216,974.76,963.87,0,normal
43,2025-02-28,2237.87,INV001773,2295.62,2310.91,0,normal
19,2025-02-28,1772.75,INV004093 ,1836.32,1836.32,1,duplicate
0,2025-02-28,2842.55,INV004640,2704.38,2681.94,0,normal
15,2025-02-28,971.44,INV003879,992.44,993.55,0,normal
20,2025-02-28,1813.78,INV000991,1818.97,1822.63,0,normal
47,2025-02-28,1790.58,INV002885,1922.37,1898.31,0,normal
14,2025-02-28,3182.78,INV003723,3132.12,3092.48,0,normal
42,2025-02-28,1164.41,INV005713,1245.5,1258.7,0,normal
46,2025-02-28,3630.56,INV004774,3804.69,3759.31,0,normal
11,2025-02-28,4084.15,INV003284,3994.23,3940.09,0,normal
22,2025-02-28,4807.98,INV000664,4628.81,4586.52,0,normal
15,2025-02-28,1049.35,INV001881,1084.67,1086.88,0,normal
42,2025-03-01,1211.76,INV002575,1244.59,1255.61,0,normal
41,2025-03-01,2737.78,INV003328,2884.77,2888.13,0,normal
18,2025-03-01,3288.62,INV000503,3319.94,3312.65,0,normal
52,2025-03-01,698.15,INV004364,726.65,787.5,1,overpayment
33,2025-03-01,829.99,INV002901,868.47,867.06,0,normal
12,2025-03-01,1906.12,INV001500,1939.56,1943.25,0,normal
55,2025-03-01,1053.1,INV000225,1025.12,1036.6,0,normal
17,2025-03-01,676.6,INV004571,654.28,645.46,0,normal
9,2025-03-01,1036.03,INV003082,1159.03,1159.03,1,price_variance
34,2025-03-01,3147.53,INV004512,3049.03,3004.62,0,normal
9,2025-03-01,1036.03,INV003082,1006.51,1007.75,0,normal
1,2025-03-01,937.54,INV002084,938.0,949.02,0,normal
52,2025-03-01,698.15,INV004364,726.65,715.83,0,normal
38,2025-03-01,1082.2,INV000823,1096.48,1107.69,0,normal
35,2025-03-01,4461.22,INV005002,4573.52,4552.01,0,normal
27,2025-03-02,2385.24,INV001275,2497.82,2518.98,0,normal
28,2025-03-02,2240.71,INV005109,2265.75,2239.1,0,normal
26,2025-03-02,2982.94,INV002689,3127.9,3173.29,0,normal
28,2025-03-02,2240.71,INV005109,2265.75,2886.83,1,overpayment
39,2025-03-02,3556.72,INV003763,3824.21,3840.4,0,normal
29,2025-03-02,2434.38,INV005144,2506.43,2496.27,0,normal
0,2025-03-02,2202.33,INV000058,2338.07,2303.46,0,normal
48,2025-03-02,3157.11,INV002503,3083.21,3048.07,0,normal
42,2025-03-02,1000.57,INV003969,968.49,975.97,0,normal
51,2025-03-02,2946.35,INV002132,3141.24,3152.78,0,normal
7,2025-03-02,1237.17,INV005505,1238.55,1234.84,0,normal
15,2025-03-02,771.46,INV004142,788.85,792.02,0,normal
30,2025-03-02,10321.85,INV001492,9930.58,10050.57,0,normal
46,2025-03-02,3630.56,INV001196,3824.77,3873.98,0,normal
42,2025-03-03,1309.23,INV005036,1311.61,1301.83,0,normal
56,2025-03-03,1158.23,INV004769,1212.63,1229.62,0,normal
48,2025-03-03,3882.82,INV001916,4101.24,4138.54,0,normal
7,2025-03-03,1115.73,INV003700,1142.31,1157.67,0,normal
52,2025-03-03,548.33,INV003173,536.52,534.78,0,normal
4,2025-03-03,452.35,INV002507,441.0,435.52,0,normal
3,2025-03-03,3879.38,INV001225,3860.44,3881.48,0,normal
5,2025-03-03,847.04,INV005234,833.51,822.5,0,normal
20,2025-03-03,1698.7,INV003150,1772.2,1787.04,0,normal
7,2025-03-03,1340.57,INV005648,1434.91,1450.91,0,normal
56,2025-03-03,1375.46,INV003877,1337.55,1347.85,0,normal
17,2025-03-03,994.54,INV003749,990.39,988.72,0,normal
35,2025-03-03,4461.22,INV005607,4635.4,4604.15,0,normal
43,2025-03-03,2028.24,INV000216,2076.75,2080.98,0,normal
5,2025-03-04,604.27,INV002227,598.52,599.8,0,normal
22,2025-03-04,4807.98,INV002034,5119.93,5081.75,0,normal
2,2025-03-04,2812.07,INV004757,2914.68,2927.58,0,normal
35,2025-03-04,4461.22,INV001779,4558.24,4610.1,0,normal
12,2025-03-04,1906.12,INV001119,1875.14,1849.11,0,normal
53,2025-03-04,1452.16,INV004161,1494.45,1480.78,0,normal
56,2025-03-04,1436.61,INV004159,1549.05,1553.99,0,normal
13,2025-03-04,3251.69,INV005342,3136.93,3117.35,0,normal
4,2025-03-04,468.16,INV003032,475.91,469.58,0,normal
19,2025-03-04,1622.07,INV004165,1609.73,1621.89,0,normal
31,2025-03-04,1645.83,INV003977,1587.29,1588.48,0,normal
26,2025-03-04,3170.71,INV005782,3124.1,3094.79,0,normal
44,2025-03-04,1568.59,INV000791,1519.75,1524.79,0,normal
57,2025-03-05,6430.12,INV005403,6286.26,6198.46,0,normal
18,2025-03-05,3226.59,INV002350,3202.47,3238.35,0,normal
45,2025-03-05,2181.26,INV004019,2351.29,2369.97,0,normal
13,2025-03-05,4119.65,INV005918,4367.61,4387.41,0,normal
14,2025-03-05,2501.19,INV000474,2699.42,2659.32,0,normal
45,2025-03-05,1617.16,INV000178,1623.31,1607.0,0,normal
17,2025-03-05,813.12,INV002153,781.34,775.45,0,normal
47,2025-03-05,2568.9,INV004663,2681.98,2683.45,0,normal
30,2025-03-05,10239.0,INV004883,10652.17,10756.85,0,normal
9,2025-03-05,1121.06,INV005121,1200.58,1193.71,0,normal
54,2025-03-05,1622.99,INV000100,1653.96,1659.19,0,normal
56,2025-03-05,1636.17,INV001903,1576.07,1576.11,0,normal
30,2025-03-05,9618.51,INV003840,9730.06,9606.79,0,normal
18,2025-03-05,3263.0,INV000123,3339.37,3349.55,0,normal
24,2025-03-05,1235.69,INV000712,1309.53,1294.17,0,normal
29,2025-03-05,1973.55,INV000039,1914.49,1927.81,0,normal
21,2025-03-05,1069.32,INV004105,1074.09,1071.57,0,normal
39,2025-03-05,3317.56,INV002685,3157.36,3159.0,0,normal
44,2025-03-05,2385.24,INV001600,2523.74,2524.31,0,normal
48,2025-03-05,2716.21,INV005148,2837.93,2872.29,0,normal
22,2025-03-05,4807.98,INV005815,4842.15,4869.52,0,normal
54,2025-03-05,1364.87,INV005830,1408.47,1424.36,0,normal
23,2025-03-05,1597.79,INV003917,1577.14,1561.84,0,normal
49,2025-03-05,2187.59,INV000300,2174.78,2189.95,0,normal
7,2025-03-06,1460.27,INV005944,1454.7,1474.49,0,normal
24,2025-03-06,1380.26,INV005511,1428.16,1421.89,0,normal
8,2025-03-06,2030.08,INV004789,2063.18,2055.7,0,normal
14,2025-03-06,3106.93,INV001043,3202.07,3248.18,0,normal
14,2025-03-06,2222.36,INV003033,2371.37,2380.81,0,normal
28,2025-03-06,2590.88,INV002211,2509.04,2494.67,0,normal
21,2025-03-06,971.22,INV001586,948.94,952.78,0,normal
25,2025-03-06,1254.78,INV003424,1237.84,1255.3,0,normal
26,2025-03-06,2904.64,INV001645,2914.87,2925.26,0,normal
57,2025-03-06,5768.26,INV004863,5697.44,5733.63,0,normal
51,2025-03-06,3364.69,INV004313,3593.31,3623.39,0,normal
1,2025-03-06,824.46,INV004668,799.67,800.51,0,normal
16,2025-03-07,2075.14,INV001755,2073.29,2071.03,0,normal
35,2025-03-07,4461.22,INV001363,4265.35,4201.62,0,normal
36,2025-03-07,1650.51,INV004669,1760.15,1736.48,0,normal
27,2025-03-07,1807.51,INV001935,1761.83,1865.88,1,overpayment
27,2025-03-07,1807.51,INV001935,1761.83,1756.71,0,normal
50,2025-03-07,2322.66,INV000478,2422.45,2390.55,0,normal
1,2025-03-07,730.46,INV002730,707.88,715.99,0,normal
49,2025-03-07,2261.4,INV000308,2284.7,2283.84,0,normal
28,2025-03-07,2527.37,INV002599,2479.14,2465.71,0,normal
33,2025-03-07,879.51,INV003014,936.38,945.99,0,normal
52,2025-03-07,461.08,INV000896,464.49,468.57,0,normal
42,2025-03-07,1167.12,INV004322,1231.66,1243.45,0,normal
52,2025-03-07,586.72,INV001860,578.86,575.99,0,normal
6,2025-03-07,2002.74,INV002370,1914.51,2728.8,1,overpayment
36,2025-03-07,1650.51,INV003988,1742.78,1752.91,0,normal
6,2025-03-07,2002.74,INV002370,1914.51,1916.52,0,normal
56,2025-03-07,1537.85,INV004952,1650.26,1640.52,0,normal
8,2025-03-07,1629.47,INV001818,1670.73,1649.0,0,normal
29,2025-03-07,2349.9,INV004328,2386.78,2384.68,0,normal
50,2025-03-07,2416.65,INV003561,2458.23,2433.75,0,normal
56,2025-03-07,1174.19,INV005704,1230.96,1238.07,0,normal
32,2025-03-07,1645.79,INV002549,1761.71,1771.08,0,normal
29,2025-03-07,3331.47,INV005019,3189.75,3194.95,0,normal
59,2025-03-07,3318.8,INV003376,3258.48,3282.08,0,normal
30,2025-03-07,8986.07,INV003409,9496.42,9455.45,0,normal
13,2025-03-07,4035.99,INV004016,4325.52,4368.02,0,normal
7,2025-03-07,1354.33,INV000618,1341.81,1341.8,0,normal
10,2025-03-08,2934.72,INV001858,2892.22,2861.81,0,normal
43,2025-03-08,1640.8,INV005903,1619.25,1623.98,0,normal
24,2025-03-08,1175.14,INV001895,1230.01,1216.15,0,normal
12,2025-03-08,1906.12,INV005249,2245.25,2245.25,1,price_variance
12,2025-03-08,1906.12,INV005249,2013.55,2036.51,0,normal
22,2025-03-08,4807.98,INV005034,6438.51,6438.51,1,price_variance
38,2025-03-08,752.88,INV002116,775.5,782.04,0,normal
17,2025-03-08,1050.82,INV003347,1027.95,1027.05,0,normal
22,2025-03-08,4807.98,INV005034,5157.79,5197.92,0,normal
50,2025-03-08,3172.28,INV005055,3310.82,3292.37,0,normal
10,2025-03-08,3275.48,INV002951,3376.2,3351.34,0,normal
5,2025-03-08,506.28,INV005320,545.44,541.39,0,normal
0,2025-03-08,1878.79,INV002197,1924.64,1940.72,0,normal
47,2025-03-08,2438.07,INV002457,2326.96,2361.32,0,normal
38,2025-03-09,753.28,INV000883,755.16,759.44,0,normal
35,2025-03-09,4461.22,INV004373,4562.46,4568.32,0,normal
38,2025-03-09,1079.53,INV001125,1060.37,1065.45,0,normal
31,2025-03-09,1517.25,INV002187,1564.0,1580.25,0,normal
33,2025-03-09,820.91,INV003416,781.51,772.17,0,normal
50,2025-03-09,2562.96,INV001639,2545.94,2532.18,0,normal
8,2025-03-09,2222.99,INV004229,2244.92,2257.97,0,normal
23,2025-03-09,1597.79,INV001767,1669.77,1679.44,0,normal
12,2025-03-09,1906.12,INV002934,1997.04,1994.55,0,normal
6,2025-03-09,2002.74,INV000065,2055.65,2049.85,0,normal
1,2025-03-09,832.84,INV000055,882.55,869.89,0,normal
35,2025-03-09,4461.22,INV001178,4306.61,4269.72,0,normal
54,2025-03-09,1348.39,INV001868,1331.85,1315.9,0,normal
0,2025-03-10,2219.49,INV004523,2257.97,2247.25,0,normal
9,2025-03-10,909.32,INV000639,892.5,897.97,0,normal
48,2025-03-10,2662.61,INV000091,2689.3,2694.75,0,normal
15,2025-03-10,1061.32,INV001943,1129.98,1133.99,0,normal
34,2025-03-10,3117.8,INV003349,3022.29,2980.85,0,normal
17,2025-03-10,982.06,INV000289,1001.15,1006.41,0,normal
5,2025-03-10,569.51,INV002609,581.94,579.09,0,normal
23,2025-03-10,1597.79,INV005062,1539.53,1543.46,0,normal
57,2025-03-10,5816.15,INV000426,5749.48,5787.41,0,normal
22,2025-03-10,4807.98,INV001692,5088.47,5163.71,0,normal
17,2025-03-10,428.61,INV003230,410.49,411.29,0,normal
27,2025-03-10,2399.56,INV003198,2426.05,2396.38,0,normal
2,2025-03-10,4071.78,INV003635,3963.12,3929.21,0,normal
43,2025-03-10,1655.4,INV000436,1734.35,1743.33,0,normal
31,2025-03-10,925.83,INV000204,973.25,972.81,0,normal
45,2025-03-10,1651.84,INV002360,1681.47,1687.1,0,normal
16,2025-03-10,2396.22,INV002838,2344.84,2355.79,0,normal
6,2025-03-10,2002.74,INV001239,2118.49,2144.96,0,normal
6,2025-03-10,2002.74,INV002261,1952.97,1950.65,0,normal
32,2025-03-10,1381.87,INV004583,1459.05,1466.63,0,normal
27,2025-03-10,1626.3,INV002771,1582.61,1562.04,0,normal
31,2025-03-10,925.83,INV000204,973.25,989.2,1,overpayment
41,2025-03-11,2651.7,INV003731,2556.32,2569.31,0,normal
13,2025-03-11,5654.28,INV002907,5451.23,5492.37,0,normal
10,2025-03-11,4406.42,INV001641,4557.14,4618.78,0,normal
48,2025-03-11,3128.31,INV001015,3187.35,3983.11,1,overpayment
34,2025-03-11,2480.27,INV000325,2375.48,2344.27,0,normal
48,2025-03-11,3128.31,INV001015,3187.35,3141.73,0,normal
36,2025-03-11,1650.51,INV002169,1640.7,1630.74,0,normal
44,2025-03-11,2155.49,INV003606,2061.65,2077.41,0,normal
38,2025-03-11,838.54,INV002192,858.92,855.35,0,normal
4,2025-03-11,348.78,INV001780,368.89,364.49,0,normal
2,2025-03-11,3699.23,INV004531,3721.46,3677.71,0,normal
2,2025-03-11,3643.88,INV000005,3701.97,3688.31,0,normal
1,2025-03-11,592.6,INV003831,576.39,581.94,0,normal
26,2025-03-12,3478.47,INV000388,3497.7,3465.06,0,normal
31,2025-03-12,1610.34,INV001555,1634.87,1624.38,0,normal
56,2025-03-12,1588.61,INV005789 ,1701.03,1701.03,1,duplicate
46,2025-03-12,3630.56,INV003187,3884.96,3917.71,0,normal
2,2025-03-12,4628.3,INV004213,4705.28,4734.1,0,normal
24,2025-03-12,1270.0,INV004109,1267.44,1252.91,0,normal
18,2025-03-12,4495.17,INV003599,4488.55,4488.55,1,duplicate
25,2025-03-12,1570.82,INV004275,1575.92,1585.08,0,normal
13,2025-03-12,4280.31,INV005917,4530.91,4598.35,0,normal
16,2025-03-12,2731.26,INV004673,2812.51,2812.2,0,normal
29,2025-03-12,2769.62,INV000007,2647.89,2621.17,0,normal
13,2025-03-12,4688.08,INV004791,4876.27,4915.89,0,normal
24,2025-03-12,1276.56,INV000442,1323.93,1314.76,0,normal
44,2025-03-12,1663.81,INV001799,1613.72,1629.31,0,normal
39,2025-03-12,2443.36,INV004893,2637.49,2659.47,0,normal
11,2025-03-12,3568.35,INV003050,3791.87,3834.98,0,normal
24,2025-03-13,1495.68,INV003785,1511.24,1503.73,0,normal
55,2025-03-13,1171.11,INV001703,1240.53,1230.28,0,normal
28,2025-03-13,2895.46,INV000274,3109.58,3069.23,0,normal
40,2025-03-13,3896.47,INV005131,3987.82,4018.26,0,normal
38,2025-03-13,935.78,INV003257,916.95,911.05,0,normal
44,2025-03-13,2081.4,INV001328,2117.54,2114.3,0,normal
11,2025-03-13,1995.82,INV003013,2057.03,2050.57,0,normal
34,2025-03-13,2987.28,INV005264,2994.55,2989.57,0,normal
50,2025-03-13,2024.24,INV003262,1956.49,1985.1,0,normal
2,2025-03-13,3212.82,INV005495,3204.35,3209.87,0,normal
53,2025-03-13,1379.58,INV002253,1409.68,1425.06,0,normal
33,2025-03-13,910.37,INV000211,890.43,899.77,0,normal
52,2025-03-13,409.95,INV002511,413.76,417.5,0,normal
23,2025-03-13,1597.79,INV002336,1575.43,1574.63,0,normal
21,2025-03-13,1365.66,INV002340,1451.74,1470.58,0,normal
56,2025-03-13,1766.83,INV000137,1700.02,1720.59,0,normal
17,2025-03-14,711.56,INV000726,679.14,675.95,0,normal
54,2025-03-14,1257.78,INV004811,1198.15,1192.94,0,normal
12,2025-03-14,1906.12,INV004325,1990.46,2010.09,0,normal
46,2025-03-14,3630.56,INV003827,3754.46,3720.6,0,normal
28,2025-03-14,2720.07,INV003726,2788.78,2758.51,0,normal
43,2025-03-14,2781.47,INV000973,2913.2,2952.93,0,normal
16,2025-03-14,2890.62,INV004530,2956.21,2990.47,0,normal
2,2025-03-14,2863.35,INV005435,2851.09,2856.7,0,normal
13,2025-03-14,4292.04,INV005187,4394.42,4410.73,0,normal
11,2025-03-14,3809.82,INV005959,3952.08,3898.84,0,normal
35,2025-03-14,4461.22,INV000670,4570.49,4581.72,0,normal
28,2025-03-15,2982.95,INV000464,2882.23,2899.71,0,normal
6,2025-03-15,2002.74,INV003546,1908.3,1908.19,0,normal
35,2025-03-15,4461.22,INV005982,4507.31,4454.32,0,normal
22,2025-03-15,4807.98,INV000525,5011.57,5040.97,0,normal
38,2025-03-15,698.85,INV003732,718.24,707.88,0,normal
35,2025-03-15,4461.22,INV005391,4289.33,4335.76,0,normal
13,2025-03-15,3931.81,INV003457,3982.29,3977.24,0,normal
29,2025-03-15,2748.02,INV000406,2859.64,2891.42,0,normal
21,2025-03-15,993.23,INV001946,1068.25,1070.47,0,normal
50,2025-03-15,2046.9,INV001255,2035.07,2004.99,0,normal
24,2025-03-15,1401.52,INV002943,1371.09,1388.84,0,normal
37,2025-03-15,959.64,INV004251,951.58,948.88,0,normal
56,2025-03-15,1036.71,INV002537,1095.61,1095.72,0,normal
0,2025-03-15,1545.12,INV001668,1585.95,1608.22,0,normal
58,2025-03-15,984.16,INV004516,990.56,993.99,0,normal
19,2025-03-15,1532.68,INV002405,1467.04,1488.65,0,normal
47,2025-03-15,2110.56,INV004559,2088.24,2076.54,0,normal
25,2025-03-15,1588.67,INV002175,1539.63,1556.38,0,normal
32,2025-03-15,1189.5,INV002098,1200.33,1211.75,0,normal
36,2025-03-15,1650.51,INV001707,1616.63,1625.79,0,normal
38,2025-03-15,1042.05,INV003056,998.15,997.85,0,normal
45,2025-03-15,2089.24,INV003037,2006.12,2019.12,0,normal
1,2025-03-16,808.18,INV001499,815.7,822.32,0,normal
49,2025-03-16,2099.94,INV005718 ,2023.41,2023.41,1,duplicate
55,2025-03-16,1060.37,INV005067,1015.57,1005.03,0,normal
7,2025-03-16,1145.0,INV003776,1133.01,1146.41,0,normal
8,2025-03-16,1921.08,INV003781,1872.58,1861.07,0,normal
1,2025-03-16,707.64,INV004455,721.04,724.32,0,normal
33,2025-03-16,1034.76,INV002157,1038.64,1032.21,0,normal
26,2025-03-16,2745.2,INV004220,2901.97,2892.92,0,normal
39,2025-03-16,2992.41,INV004631,2981.81,2982.31,0,normal
15,2025-03-16,1004.15,INV001016,1081.47,1078.4,0,normal
22,2025-03-16,4807.98,INV003492,4904.34,4836.08,0,normal
1,2025-03-16,637.8,INV001248,673.78,676.87,0,normal
19,2025-03-16,1881.63,INV004786,1998.98,1992.11,0,normal
14,2025-03-16,3081.51,INV001063,3191.65,3236.04,0,normal
58,2025-03-16,657.39,INV002366,671.66,681.21,0,normal
7,2025-03-16,1575.1,INV005516,1557.82,1564.38,0,normal
38,2025-03-17,841.91,INV001010,867.98,856.96,0,normal
9,2025-03-17,668.88,INV001605,688.61,696.12,0,normal
38,2025-03-17,890.85,INV005814,940.0,944.02,0,normal
52,2025-03-17,656.16,INV004928,634.99,643.82,0,normal
21,2025-03-17,1178.27,INV004138,1206.36,1198.08,0,normal
31,2025-03-17,1263.32,INV002348,1360.46,1378.63,0,normal
46,2025-03-17,3630.56,INV002075,3651.6,3652.42,0,normal
31,2025-03-17,1695.35,INV004703,1742.52,1735.01,0,normal
7,2025-03-17,1216.01,INV005556,1192.53,1183.96,0,normal
54,2025-03-17,909.26,INV002850,907.2,909.6,0,normal
19,2025-03-17,1470.68,INV001359,1513.97,1520.12,0,normal
19,2025-03-17,1653.84,INV003378,1654.32,1655.86,0,normal
37,2025-03-17,987.66,INV001508,983.41,969.0,0,normal
41,2025-03-17,3060.66,INV000370,3197.57,3220.3,0,normal
56,2025-03-18,1709.11,INV003711,1779.35,1770.7,0,normal
53,2025-03-18,1227.84,INV001059,1197.82,1188.74,0,normal
11,2025-03-18,2836.25,INV005666,3032.51,3069.13,0,normal
4,2025-03-18,424.87,INV004154,439.77,443.05,0,normal
32,2025-03-18,1214.75,INV003884,1188.42,1179.58,0,normal
42,2025-03-18,793.01,INV001649,822.9,811.74,0,normal
14,2025-03-18,3453.35,INV003237,3438.55,3462.37,0,normal
8,2025-03-18,1660.26,INV004709,1741.45,1716.84,0,normal
36,2025-03-18,1650.51,INV002682,1606.25,1619.26,0,normal
34,2025-03-18,2779.8,INV000733,2930.87,2923.2,0,normal
22,2025-03-18,4807.98,INV001722,5006.1,5008.68,0,normal
37,2025-03-18,801.49,INV003359,854.23,861.32,0,normal
14,2025-03-18,2661.5,INV002506,2699.1,2668.02,0,normal
29,2025-03-18,2668.27,INV005085,2762.42,2731.94,0,normal
3,2025-03-18,3247.53,INV001884,3438.7,3463.09,0,normal
11,2025-03-19,2948.2,INV001646,2973.05,2947.09,0,normal
50,2025-03-19,2385.21,INV002945,2466.22,2445.11,0,normal
42,2025-03-19,978.71,INV002890,1054.58,1069.63,0,normal
16,2025-03-19,1770.66,INV001077,1843.55,1863.33,0,normal
39,2025-03-19,2917.26,INV003684,2850.71,2878.61,0,normal
43,2025-03-19,2360.68,INV001822,2358.1,2339.07,0,normal
0,2025-03-19,1795.27,INV001237,1727.75,1713.61,0,normal
2,2025-03-19,3013.59,INV001218,3234.91,3232.44,0,normal
50,2025-03-19,1742.14,INV004536,1753.8,1766.11,0,normal
58,2025-03-19,901.31,INV003266,949.75,959.51,0,normal
48,2025-03-19,2102.04,INV001089,2198.74,2180.83,0,normal
58,2025-03-19,817.41,INV000172,880.07,882.42,0,normal
43,2025-03-19,2635.42,INV002740,2538.87,2556.6,0,normal
7,2025-03-19,1366.02,INV002305,1415.92,1419.79,0,normal
7,2025-03-20,1362.67,INV003293,1415.14,1400.39,0,normal
11,2025-03-20,3336.65,INV005518,3308.48,3296.35,0,normal
13,2025-03-20,4276.73,INV005494,4495.57,4544.62,0,normal
19,2025-03-20,2095.06,INV004011,2010.97,1998.01,0,normal
21,2025-03-20,1039.3,INV003609,1018.71,1027.85,0,normal
47,2025-03-20,2385.49,INV003051,2379.25,2405.23,0,normal
12,2025-03-20,1906.12,INV002997,1859.8,1841.88,0,normal
44,2025-03-20,1897.22,INV002950,1861.35,1845.3,0,normal
48,2025-03-20,3342.61,INV004800,3237.23,3245.18,0,normal
17,2025-03-20,841.42,INV001948,823.75,827.18,0,normal
53,2025-03-20,1598.36,INV000144,1669.36,1680.49,0,normal
8,2025-03-20,1795.95,INV004513,1821.0,1821.52,0,normal
19,2025-03-20,1739.43,INV002331,1827.51,1829.96,0,normal
18,2025-03-21,4015.93,INV002752,4225.59,4195.34,0,normal
50,2025-03-21,1769.47,INV003757,1843.69,1859.92,0,normal
46,2025-03-21,3630.56,INV003838,3907.89,3862.43,0,normal
8,2025-03-21,1581.13,INV004830,1691.14,1686.39,0,normal
32,2025-03-21,1077.34,INV003578,1120.85,1136.95,0,normal
53,2025-03-21,1302.25,INV003575,1259.27,1261.91,0,normal
9,2025-03-21,952.59,INV003966,1015.73,1022.34,0,normal
49,2025-03-21,1934.56,INV001726,2088.92,2098.32,0,normal
28,2025-03-21,2330.44,INV000728,2280.01,2255.08,0,normal
10,2025-03-21,3952.84,INV002205,3822.33,3847.75,0,normal
5,2025-03-21,619.51,INV001597,629.45,637.05,0,normal
50,2025-03-21,2107.99,INV004517,2144.18,3040.84,1,overpayment
47,2025-03-21,2661.54,INV004063,2577.31,2586.97,0,normal
42,2025-03-21,1033.69,INV001031,1070.02,1073.02,0,normal
15,2025-03-21,1066.36,INV002971,1049.11,1043.65,0,normal
50,2025-03-21,2107.99,INV004517,2144.18,2122.82,0,normal
22,2025-03-21,4807.98,INV002522,5077.0,5072.4,0,normal
3,2025-03-22,4237.11,INV005451,4563.17,5807.61,1,overpayment
2,2025-03-22,3671.02,INV003388,3568.29,3608.25,0,normal
6,2025-03-22,2002.74,INV001076,2128.26,2156.32,0,normal
20,2025-03-22,1287.56,INV001729,1344.64,1346.08,0,normal
16,2025-03-22,2079.32,INV003509,2234.49,2267.47,0,normal
3,2025-03-22,4237.11,INV005451,4563.17,4579.25,0,normal
39,2025-03-22,2812.49,INV003549,2911.43,2937.31,0,normal
53,2025-03-22,1167.18,INV001797,1127.48,1413.15,1,overpayment
49,2025-03-22,1741.97,INV005707,1725.05,1732.06,0,normal
26,2025-03-22,3203.55,INV001484,3407.92,3421.86,0,normal
21,2025-03-22,866.64,INV002856,927.4,922.06,0,normal
53,2025-03-22,1167.18,INV001797,1127.48,1133.14,0,normal
43,2025-03-22,1516.4,INV000963,1555.4,2118.19,1,overpayment
34,2025-03-22,2709.27,INV001382,2626.1,2598.88,0,normal
28,2025-03-22,2926.34,INV001467,2787.03,2747.25,0,normal
43,2025-03-22,1516.4,INV000963,1555.4,1546.32,0,normal
59,2025-03-22,3815.44,INV004021,3778.02,3780.96,0,normal
35,2025-03-22,4461.22,INV001945,4677.5,4743.29,0,normal
26,2025-03-22,3303.46,INV001228,3564.28,3607.68,0,normal
11,2025-03-22,3172.67,INV005833,3182.47,3163.41,0,normal
25,2025-03-22,1340.86,INV003322,1292.7,1291.41,0,normal
43,2025-03-22,2391.06,INV003035,2305.5,2298.71,0,normal
12,2025-03-22,1906.12,INV001337,1895.9,1899.65,0,normal
34,2025-03-22,3117.8,INV003349A,3057.8,3057.8,1,duplicate
27,2025-03-22,2399.56,INV003198-1,2426.05,2426.05,1,duplicate
17,2025-03-23,838.31,INV000415,806.63,809.69,0,normal
45,2025-03-23,1585.61,INV003747,1615.4,1614.1,0,normal
22,2025-03-23,4807.98,INV003719,4588.49,4585.76,0,normal
55,2025-03-23,865.1,INV005686,882.12,888.71,0,normal
56,2025-03-23,1940.89,INV003676,1989.44,1968.59,0,normal
9,2025-03-23,991.38,INV001292,1066.54,1055.96,0,normal
48,2025-03-23,3981.85,INV001290,4190.37,4135.15,0,normal
31,2025-03-23,999.96,INV003907,983.62,998.13,0,normal
5,2025-03-23,626.76,INV005519,612.7,616.48,0,normal
45,2025-03-23,1837.54,INV005305,1805.26,1778.34,0,normal
31,2025-03-23,1317.15,INV005190,1254.18,1241.26,0,normal
44,2025-03-23,1925.06,INV000894,2032.72,2056.81,0,normal
45,2025-03-23,1585.61,INV003747,1615.4,2061.44,1,overpayment
13,2025-03-24,2564.21,INV003537,2437.63,2411.67,0,normal
19,2025-03-24,1879.34,INV004573,1997.0,2024.65,0,normal
20,2025-03-24,1613.4,INV001526,1582.26,1601.45,0,normal
29,2025-03-24,2878.19,INV004987,2868.2,2856.38,0,normal
13,2025-03-24,5316.18,INV003239,5460.5,5422.18,0,normal
6,2025-03-24,2002.74,INV003246,2081.74,2089.89,0,normal
59,2025-03-24,3098.58,INV003857,3318.09,3350.62,0,normal
54,2025-03-24,1368.14,INV005268,1364.79,1364.05,0,normal
21,2025-03-24,1207.45,INV002582,1243.74,1249.62,0,normal
32,2025-03-24,1345.12,INV002521,1378.81,1399.17,0,normal
46,2025-03-24,3630.56,INV005863,3686.42,3722.82,0,normal
10,2025-03-24,3483.25,INV005891,3332.59,3379.36,0,normal
45,2025-03-24,2091.29,INV004033,2103.43,2090.4,0,normal
21,2025-03-24,1120.73,INV002514,1077.19,1089.79,0,normal
36,2025-03-24,1650.51,INV001323,1680.1,1669.82,0,normal
59,2025-03-24,3331.32,INV000843,3322.17,3278.77,0,normal
26,2025-03-24,3061.19,INV000975,2952.06,2967.92,0,normal
52,2025-03-25,524.96,INV005047,557.74,565.57,0,normal
26,2025-03-25,2715.97,INV003849,2877.26,2875.71,0,normal
9,2025-03-25,972.23,INV005636,942.48,953.8,0,normal
44,2025-03-25,1360.13,INV004752,1402.38,1411.75,0,normal
47,2025-03-25,1960.97,INV005626,2041.62,2032.92,0,normal
39,2025-03-25,3068.37,INV005996,3126.17,3159.39,0,normal
7,2025-03-25,1214.92,INV003900,1192.99,1196.05,0,normal
18,2025-03-25,3418.96,INV005104,3268.26,3300.52,0,normal
22,2025-03-25,4807.98,INV005815A,4791.43,4791.43,1,duplicate
57,2025-03-25,5975.8,INV003657,5795.95,5755.38,0,normal
19,2025-03-25,2124.47,INV004864,2280.14,2262.43,0,normal
9,2025-03-25,756.55,INV000287,726.74,722.9,0,normal
54,2025-03-25,1335.06,INV003665,1411.08,1404.96,0,normal
23,2025-03-25,1597.79,INV002603,1549.39,1531.93,0,normal
43,2025-03-25,2636.42,INV002786,2620.65,2623.75,0,normal
25,2025-03-25,1296.07,INV000940,1231.3,1232.45,0,normal
31,2025-03-25,1157.48,INV000829,1152.42,1164.38,0,normal
21,2025-03-26,1121.35,INV005426,1101.0,1095.43,0,normal
40,2025-03-26,3165.79,INV002414,3043.87,3059.28,0,normal
51,2025-03-26,3092.66,INV002074,2987.58,2999.12,0,normal
14,2025-03-26,2861.08,INV000587,2733.65,2770.85,0,normal
11,2025-03-26,3929.48,INV000748,3937.2,3958.54,0,normal
18,2025-03-26,4003.7,INV000088,3925.15,5655.12,1,overpayment
55,2025-03-26,1423.48,INV002380,1485.58,1507.83,0,normal
55,2025-03-26,1022.52,INV004912,1005.71,1006.04,0,normal
18,2025-03-26,4003.7,INV000088,3925.15,3904.41,0,normal
40,2025-03-26,1995.96,INV002687-1,2106.98,2106.98,1,duplicate
25,2025-03-26,1374.38,INV000834,1401.36,1400.77,0,normal
55,2025-03-26,1078.18,INV002168,1122.34,1106.74,0,normal
56,2025-03-26,1371.57,INV005256,1304.45,1285.8,0,normal
40,2025-03-26,3392.3,INV003956,3415.6,3403.94,0,normal
1,2025-03-27,587.37,INV004030,579.77,583.61,0,normal
11,2025-03-27,3288.21,INV002937,3188.08,3198.59,0,normal
0,2025-03-27,1969.82,INV001562,2088.01,2108.59,0,normal
42,2025-03-27,822.06,INV002860,841.75,835.91,0,normal
1,2025-03-27,543.64,INV000170,576.75,578.14,0,normal
6,2025-03-27,2002.74,INV002666,2113.34,2116.8,0,normal
33,2025-03-27,890.02,INV002443,868.57,872.64,0,normal
10,2025-03-27,4271.45,INV002695,4152.32,4101.18,0,normal
50,2025-03-27,2143.4,INV001620,2090.62,2078.3,0,normal
6,2025-03-27,2002.74,INV003346,2038.07,2064.6,0,normal
19,2025-03-27,1653.84,INV003378,1684.17,1684.17,1,duplicate
8,2025-03-27,2190.6,INV002813,2243.57,2215.07,0,normal
28,2025-03-27,2430.89,INV001723,2618.15,2629.29,0,normal
19,2025-03-27,1737.52,INV000900,1697.13,1711.52,0,normal
2,2025-03-27,4135.74,INV003777,4207.88,4202.55,0,normal
17,2025-03-27,867.77,INV000018,898.46,892.1,0,normal
44,2025-03-28,1829.38,INV003685,1740.68,1765.79,0,normal
50,2025-03-28,2313.65,INV000344,2425.03,2392.09,0,normal
27,2025-03-28,2455.62,INV003152,2571.64,2572.01,0,normal
55,2025-03-28,748.41,INV001745,795.86,799.14,0,normal
49,2025-03-28,2261.4,INV000308-1,2284.7,2284.7,1,duplicate
11,2025-03-28,2836.25,INV005666,2976.76,2976.76,1,duplicate
3,2025-03-28,4051.74,INV004741,3950.1,3921.92,0,normal
50,2025-03-28,2688.47,INV005872,2678.69,2641.84,0,normal
34,2025-03-28,3644.85,INV005968,3803.05,3826.68,0,normal
45,2025-03-28,2324.41,INV003661,2234.55,2255.4,0,normal
46,2025-03-28,3630.56,INV002613,3646.35,3652.87,0,normal
10,2025-03-28,4052.32,INV002136,3919.38,3974.95,0,normal
59,2025-03-28,3307.7,INV005236,3478.95,3460.09,0,normal
59,2025-03-28,4271.48,INV002711,4297.92,4297.39,0,normal
30,2025-03-28,8600.29,INV002631,8362.03,8247.55,0,normal
5,2025-03-28,671.28,INV003826,638.22,630.72,0,normal
53,2025-03-28,1054.42,INV001144,1068.7,1079.91,0,normal
20,2025-03-28,1604.96,INV001138,1568.92,1565.39,0,normal
44,2025-03-28,2237.56,INV000218,2263.19,2237.0,0,normal
58,2025-03-28,751.08,INV003667,750.68,750.93,0,normal
12,2025-03-28,1906.12,INV003491,1934.02,1956.79,0,normal
2,2025-03-28,3158.29,INV004525,3141.35,3129.13,0,normal
39,2025-03-28,3375.52,INV004434,3393.99,3393.96,0,normal
45,2025-03-28,2585.47,INV003389,2663.98,2687.16,0,normal
29,2025-03-28,2182.34,INV001274,2203.07,2226.57,0,normal
57,2025-03-28,5743.45,INV001050,5965.1,6022.56,0,normal
39,2025-03-28,3247.89,INV004215,3434.79,3449.2,0,normal
45,2025-03-28,2379.11,INV004488,2432.01,2410.91,0,normal
8,2025-03-28,2145.46,INV001453,2219.1,2194.09,0,normal
15,2025-03-28,778.22,INV003223,749.49,751.65,0,normal
59,2025-03-28,4240.23,INV005016,4233.14,4264.2,0,normal
17,2025-03-29,895.06,INV003837,897.32,908.85,0,normal
20,2025-03-29,1500.26,INV001085,1586.78,1600.34,0,normal
19,2025-03-29,1455.48,INV005629,1409.37,1410.22,0,normal
40,2025-03-29,3843.1,INV005273,3724.01,3766.75,0,normal
28,2025-03-29,2671.76,INV000540,2765.72,2729.17,0,normal
5,2025-03-29,625.82,INV005658,622.97,622.9,0,normal
6,2025-03-29,2002.74,INV002178,2086.88,2056.99,0,normal
32,2025-03-29,1124.73,INV005687,1103.59,1087.89,0,normal
3,2025-03-29,4244.97,INV002466,4094.54,4078.56,0,normal
48,2025-03-29,3166.29,INV000954,3085.19,3123.09,0,normal
35,2025-03-29,4461.22,INV001170,4490.86,4545.78,0,normal
51,2025-03-29,2184.42,INV002602,2118.34,2093.65,0,normal
19,2025-03-29,1455.48,INV005629,1409.37,1442.78,1,overpayment
9,2025-03-29,991.6,INV001763,1013.92,1024.7,0,normal
50,2025-03-30,2064.77,INV000232,3096.5,3096.5,1,price_variance
9,2025-03-30,931.81,INV003683,913.52,905.13,0,normal
26,2025-03-30,2658.0,INV003502,2701.57,2667.08,0,normal
4,2025-03-30,410.8,INV003671,394.42,397.49,0,normal
40,2025-03-30,3438.93,INV002477,3422.83,3450.94,0,normal
53,2025-03-30,1680.49,INV005301,1788.62,1782.0,0,normal
2,2025-03-30,3211.95,INV004351,3100.88,3094.74,0,normal
31,2025-03-30,1243.23,INV001746,1339.28,1953.86,1,overpayment
11,2025-03-30,3272.32,INV001849,3520.88,3563.95,0,normal
53,2025-03-30,1301.03,INV004188,1283.59,1291.22,0,normal
3,2025-03-30,3546.95,INV005140,3721.68,3764.92,0,normal
50,2025-03-30,2064.77,INV000232,2181.98,2209.19,0,normal
31,2025-03-30,1243.23,INV001746,1339.28,1342.75,0,normal
12,2025-03-30,1906.12,INV005325,2022.94,2004.59,0,normal
38,2025-03-30,1078.76,INV000230,1060.93,1073.52,0,normal
3,2025-03-30,4393.09,INV004648,4586.18,4570.01,0,normal
43,2025-03-30,1513.51,INV001774,1572.9,1571.11,0,normal
52,2025-03-30,621.03,INV003894,656.92,651.67,0,normal
16,2025-03-30,2068.93,INV005594,2043.96,2037.94,0,normal
13,2025-03-30,3643.92,INV002723,3869.79,3855.12,0,normal
51,2025-03-30,2565.74,INV000423,2477.25,2507.25,0,normal
27,2025-03-30,2328.9,INV005931,2280.4,2269.68,0,normal
43,2025-03-30,2756.82,INV004946,2648.61,2675.54,0,normal
36,2025-03-30,1650.51,INV002879,1688.25,1685.34,0,normal
54,2025-03-31,646.22,INV003139,638.49,639.76,0,normal
26,2025-03-31,2606.67,INV003499,2577.51,2564.75,0,normal
19,2025-03-31,1591.85,INV001159,1592.06,1609.55,0,normal
1,2025-03-31,729.81,INV000140,768.45,766.71,0,normal
22,2025-03-31,4807.98,INV003179,4763.18,4697.34,0,normal
9,2025-03-31,789.94,INV004122,759.25,764.27,0,normal
40,2025-03-31,3798.27,INV001082,3637.52,3677.42,0,normal
58,2025-03-31,916.52,INV003845,888.8,889.22,0,normal
57,2025-03-31,6481.29,INV000998,6913.35,6856.83,0,normal
9,2025-03-31,723.93,INV003640,717.72,710.97,0,normal
4,2025-03-31,429.95,INV000782,448.74,448.04,0,normal
22,2025-03-31,4807.98,INV003179,4763.18,7021.36,1,overpayment
27,2025-03-31,2524.87,INV004179,2495.31,2461.07,0,normal
58,2025-03-31,916.52,INV003845,888.8,919.96,1,overpayment
35,2025-03-31,4461.22,INV003724,4327.46,4283.18,0,normal
11,2025-03-31,2612.38,INV002795,2754.22,2783.84,0,normal
2,2025-03-31,3750.66,INV000854,3970.62,3919.55,0,normal
6,2025-03-31,2002.74,INV000971,2077.73,2082.02,0,normal
33,2025-04-01,1138.15,INV004108,1122.3,1135.36,0,normal
27,2025-04-01,2682.04,INV001608,2865.26,2871.01,0,normal
3,2025-04-01,3507.48,INV001211,3355.58,3349.08,0,normal
51,2025-04-01,2711.24,INV002087,2920.15,2897.91,0,normal
18,2025-04-01,4097.72,INV003258,4292.74,4342.43,0,normal
32,2025-04-01,1393.12,INV000544,1362.51,1364.25,0,normal
4,2025-04-01,458.35,INV000970,468.29,471.99,0,normal
40,2025-04-01,4102.63,INV001053,3990.84,3983.13,0,normal
31,2025-04-01,1081.45,INV005388,1139.59,1131.51,0,normal
32,2025-04-01,1393.12,INV000544,1958.59,1958.59,1,price_variance
50,2025-04-01,2174.08,INV000623,2325.12,2314.64,0,normal
49,2025-04-01,2135.94,INV004421,2127.97,2126.81,0,normal
27,2025-04-01,2639.67,INV003572,2714.74,2695.54,0,normal
45,2025-04-01,1578.31,INV005278,1656.2,1667.59,0,normal
12,2025-04-01,1906.12,INV005619,1918.13,1909.95,0,normal
16,2025-04-01,2232.1,INV002542,2140.59,2156.49,0,normal
8,2025-04-01,2100.49,INV001283,2021.84,2001.71,0,normal
23,2025-04-01,1597.79,INV004887,1567.11,1574.53,0,normal
13,2025-04-01,4167.51,INV005411,4172.56,4197.95,0,normal
46,2025-04-02,3630.56,INV002358,3517.03,3516.51,0,normal
48,2025-04-02,3556.39,INV000974,3474.16,3425.66,0,normal
26,2025-04-02,3423.49,INV001086,3600.86,3552.69,0,normal
4,2025-04-02,374.4,INV004379,376.66,380.6,0,normal
20,2025-04-02,1682.29,INV005614,1618.83,1636.65,0,normal
48,2025-04-02,3419.01,INV003623,3549.22,3532.94,0,normal
4,2025-04-02,374.4,INV004379,376.66,551.18,1,overpayment
32,2025-04-02,977.8,INV003734,1002.39,998.81,0,normal
8,2025-04-02,1348.49,INV002057,1389.96,1390.97,0,normal
52,2025-04-02,562.26,INV005623,561.93,567.07,0,normal
19,2025-04-02,1877.82,INV001249,1873.89,1864.51,0,normal
50,2025-04-02,1951.49,INV000571,1866.47,1883.54,0,normal
19,2025-04-02,1139.91,INV005463,1123.2,1138.64,0,normal
31,2025-04-02,1220.93,INV004747,1261.21,1268.3,0,normal
33,2025-04-02,754.06,INV004799,812.69,810.02,0,normal
9,2025-04-02,820.39,INV005136,869.52,872.66,0,normal
49,2025-04-02,1831.6,INV003210,1835.68,1843.74,0,normal
44,2025-04-02,2050.56,INV005720,2094.33,2101.35,0,normal
40,2025-04-02,2566.76,INV001789,2539.69,2523.9,0,normal
59,2025-04-02,4271.48,INV002711 ,4216.6,4216.6,1,duplicate
45,2025-04-02,2395.7,INV004092,2553.96,2583.52,0,normal
14,2025-04-02,2944.32,INV002865,3118.93,3142.47,0,normal
19,2025-04-03,1546.27,INV002102,1583.96,1568.99,0,normal
27,2025-04-03,2059.59,INV005475,1989.39,2016.08,0,normal
45,2025-04-03,2374.99,INV002851,2562.01,2550.08,0,normal
10,2025-04-03,3042.18,INV001806,3189.24,3206.19,0,normal
56,2025-04-03,1174.19,INV005704,1231.11,1231.11,1,duplicate
33,2025-04-03,1143.39,INV001786,1225.5,1212.4,0,normal
41,2025-04-03,2858.32,INV001535,2733.37,2749.88,0,normal
11,2025-04-03,3311.2,INV002606,3146.95,3101.06,0,normal
39,2025-04-03,3125.21,INV000010,3040.51,3085.25,0,normal
49,2025-04-03,2100.23,INV000188,2117.95,2108.04,0,normal
7,2025-04-03,1438.01,INV004410,1536.39,1532.22,0,normal
7,2025-04-04,1495.84,INV004157,1505.85,1485.07,0,normal
35,2025-04-04,4461.22,INV000911,4731.09,4697.89,0,normal
50,2025-04-04,2167.02,INV002194,2119.78,2132.09,0,normal
3,2025-04-04,3515.48,INV002215,3545.56,3593.83,0,normal
52,2025-04-04,658.68,INV004509,711.21,706.8,0,normal
52,2025-04-04,599.32,INV000676,594.52,601.06,0,normal
1,2025-04-04,837.41,INV004286,848.08,836.57,0,normal
53,2025-04-04,1223.05,INV000119,1286.43,1272.5,0,normal
29,2025-04-04,3440.27,INV004755,3610.6,3573.82,0,normal
53,2025-04-04,1198.29,INV005089,1180.5,1187.24,0,normal
7,2025-04-04,1448.62,INV002585,1415.66,1422.74,0,normal
22,2025-04-04,4807.98,INV000148,4937.43,4955.65,0,normal
47,2025-04-04,2418.03,INV001491,2577.08,2554.68,0,normal
32,2025-04-04,1205.6,INV000361,1265.8,1247.39,0,normal
7,2025-04-04,956.69,INV001374,935.6,944.55,0,normal
19,2025-04-04,1897.37,INV002047,1906.87,1930.41,0,normal
12,2025-04-04,1906.12,INV001229,1857.44,1854.67,0,normal
34,2025-04-05,3000.69,INV002381,3105.04,3116.47,0,normal
48,2025-04-05,2505.33,INV004876,2441.78,2413.68,0,normal
22,2025-04-05,4807.98,INV004261,5076.44,5098.25,0,normal
36,2025-04-05,1650.51,INV004878,1606.69,1588.68,0,normal
22,2025-04-05,4807.98,INV005820,4942.76,5002.25,0,normal
13,2025-04-05,3860.1,INV004558,3999.09,3998.15,0,normal
5,2025-04-05,620.69,INV003298,667.32,669.7,0,normal
51,2025-04-05,3389.85,INV003211,3509.22,3553.31,0,normal
39,2025-04-05,2224.68,INV003164,2227.28,2232.43,0,normal
51,2025-04-05,3503.53,INV004726,3540.06,3507.08,0,normal
19,2025-04-05,1735.11,INV001847,1735.09,1744.79,0,normal
45,2025-04-05,2150.91,INV004044,2255.73,2244.63,0,normal
17,2025-04-05,899.97,INV002338,941.78,943.15,0,normal
51,2025-04-05,3045.4,INV002428,3238.47,3240.4,0,normal
16,2025-04-05,1961.91,INV004002,1874.9,1890.39,0,normal
33,2025-04-06,914.6,INV000944,918.84,926.75,0,normal
19,2025-04-06,1848.51,INV001269,1944.85,1931.2,0,normal
9,2025-04-06,835.02,INV002182,811.7,812.83,0,normal
39,2025-04-06,2378.73,INV001032,2319.87,2288.26,0,normal
0,2025-04-06,2494.2,INV004353,2485.83,2505.81,0,normal
36,2025-04-06,1650.51,INV003180,1770.0,1776.96,0,normal
1,2025-04-06,879.89,INV005529,935.81,944.69,0,normal
48,2025-04-06,2881.5,INV003760,3014.47,2974.75,0,normal
1,2025-04-06,837.41,INV004286,848.08,848.08,1,duplicate
9,2025-04-06,976.73,INV004418,975.91,981.26,0,normal
27,2025-04-06,2256.38,INV005029,2327.64,2317.56,0,normal
15,2025-04-06,910.22,INV004243,917.47,914.28,0,normal
42,2025-04-06,1086.48,INV005981,1098.38,1090.88,0,normal
25,2025-04-07,1150.49,INV005647,1205.69,1201.26,0,normal
59,2025-04-07,3495.93,INV000958,3556.0,3537.74,0,normal
46,2025-04-07,3630.56,INV001851,3683.05,3666.84,0,normal
15,2025-04-07,851.81,INV002247,878.74,887.72,0,normal
20,2025-04-07,1533.87,INV001466,1590.9,1582.23,0,normal
30,2025-04-07,10539.78,INV000652,11283.13,11382.72,0,normal
51,2025-04-07,3257.88,INV000637,3429.72,3480.1,0,normal
39,2025-04-07,2913.44,INV001777,3087.92,3055.09,0,normal
12,2025-04-07,1906.12,INV001627,1983.25,1970.7,0,normal
54,2025-04-07,1258.93,INV002540,1306.76,1326.25,0,normal
27,2025-04-07,1993.36,INV005585,2132.12,2118.19,0,normal
24,2025-04-07,1557.99,INV003015,1517.35,1498.51,0,normal
36,2025-04-07,1650.51,INV005864,1677.43,1666.65,0,normal
42,2025-04-08,1222.1,INV003201,1284.3,1278.93,0,normal
30,2025-04-08,11884.93,INV004150,12464.7,12583.16,0,normal
55,2025-04-08,727.18,INV005853,712.73,703.69,0,normal
14,2025-04-08,2708.97,INV004882,2595.87,2594.02,0,normal
15,2025-04-08,790.22,INV005044,844.33,851.26,0,normal
4,2025-04-08,326.43,INV001987,310.29,306.22,0,normal
40,2025-04-08,2822.22,INV004577,2807.81,2766.25,0,normal
40,2025-04-08,3550.47,INV005566,3575.99,3569.61,0,normal
51,2025-04-08,3202.6,INV003740,3194.71,3179.35,0,normal
40,2025-04-08,2947.07,INV005625,3107.48,3117.86,0,normal
23,2025-04-08,1597.79,INV001758,1688.34,1694.01,0,normal
11,2025-04-08,3318.7,INV004626,3539.2,3492.99,0,normal
34,2025-04-09,3685.03,INV004647,4834.31,4834.31,1,price_variance
42,2025-04-09,1181.25,INV005962,1260.08,1272.89,0,normal
1,2025-04-09,743.21,INV003543,777.21,770.61,0,normal
34,2025-04-09,3685.03,INV004647,3717.15,3694.67,0,normal
5,2025-04-09,626.76,INV005519 ,621.39,621.39,1,duplicate
33,2025-04-09,867.16,INV004432,840.68,828.63,0,normal
35,2025-04-09,4461.22,INV001409,4746.19,4693.27,0,normal
26,2025-04-09,3423.22,INV005441,3341.33,3348.86,0,normal
55,2025-04-09,748.41,INV001745 ,808.21,808.21,1,duplicate
51,2025-04-09,2934.1,INV000535,3120.91,3090.97,0,normal
31,2025-04-09,1297.89,INV003622,1372.06,1385.5,0,normal
27,2025-04-09,2229.22,INV000261,2389.77,2420.15,0,normal
6,2025-04-10,2002.74,INV004524,2048.65,2057.1,0,normal
25,2025-04-10,1297.88,INV002745,1285.73,1277.59,0,normal
28,2025-04-10,2853.59,INV003017,3031.75,4176.11,1,overpayment
11,2025-04-10,3590.28,INV003045,3596.88,3632.73,0,normal
52,2025-04-10,653.15,INV003095,620.94,628.31,0,normal
40,2025-04-10,3696.08,INV005583,3871.57,3826.18,0,normal
49,2025-04-10,2394.2,INV001358,2494.91,2510.66,0,normal
42,2025-04-10,1375.85,INV001355,1321.66,1336.83,0,normal
28,2025-04-10,2853.59,INV003017,3031.75,3034.62,0,normal
18,2025-04-10,3175.01,INV002563,3214.4,3212.99,0,normal
7,2025-04-10,1593.73,INV001683,1526.09,1505.42,0,normal
59,2025-04-10,4882.39,INV003481,5119.31,5042.78,0,normal
52,2025-04-10,540.94,INV000272,547.04,553.09,0,normal
24,2025-04-10,1492.48,INV001602,1503.27,1524.53,0,normal
11,2025-04-10,2790.05,INV005436,2938.9,2959.9,0,normal
58,2025-04-10,873.67,INV003444,841.4,834.87,0,normal
14,2025-04-10,2550.56,INV001364,2626.79,2591.37,0,normal
0,2025-04-10,1752.41,INV000600,1865.23,1845.09,0,normal
32,2025-04-10,1173.74,INV000044,1172.5,1180.92,0,normal
15,2025-04-10,884.59,INV001052,929.83,933.41,0,normal
4,2025-04-10,292.04,INV003287,305.83,304.86,0,normal
28,2025-04-10,2630.68,INV004236,2770.54,2785.18,0,normal
41,2025-04-10,2323.74,INV003023,2271.69,2290.78,0,normal
9,2025-04-11,977.13,INV003441,966.77,967.7,0,normal
46,2025-04-11,3630.56,INV004940,3481.65,3499.69,0,normal
11,2025-04-11,3287.01,INV000008,3183.87,3201.03,0,normal
47,2025-04-11,2040.44,INV000480,1983.72,1955.67,0,normal
12,2025-04-11,1906.12,INV003341,1980.09,2001.83,0,normal
18,2025-04-11,3784.79,INV000197,3987.31,4026.66,0,normal
29,2025-04-11,2485.37,INV003399,2673.71,2670.61,0,normal
54,2025-04-11,1389.23,INV001919,1407.77,1392.54,0,normal
23,2025-04-11,1597.79,INV002847,1614.35,1613.85,0,normal
12,2025-04-11,1906.12,INV000419,2053.51,2080.43,0,normal
41,2025-04-11,2723.52,INV002256,2602.36,2638.31,0,normal
0,2025-04-11,2113.11,INV005217,2161.29,2147.69,0,normal
44,2025-04-11,1787.97,INV001037,1818.05,1812.57,0,normal
14,2025-04-11,2407.18,INV000321,2475.67,2455.71,0,normal
22,2025-04-11,4807.98,INV005822,4996.98,4932.12,0,normal
36,2025-04-11,1650.51,INV000024,1611.31,1609.46,0,normal
53,2025-04-11,1151.87,INV002881,1101.21,1114.91,0,normal
20,2025-04-11,1606.23,INV003313,1632.1,1644.81,0,normal
15,2025-04-11,940.74,INV003893,949.38,944.36,0,normal
33,2025-04-11,924.13,INV002638,950.25,936.43,0,normal
28,2025-04-11,3019.14,INV003601,3028.37,3015.44,0,normal
59,2025-04-11,4835.84,INV000266,4601.18,4572.61,0,normal
28,2025-04-11,2797.29,INV003867,2799.54,2808.83,0,normal
8,2025-04-12,1333.06,INV001113,1428.58,1425.83,0,normal
26,2025-04-12,3303.87,INV001048,3275.07,3292.85,0,normal
59,2025-04-12,4694.9,INV002275,4679.64,4680.6,0,normal
5,2025-04-12,837.73,INV004055,872.41,881.11,0,normal
6,2025-04-12,2002.74,INV000775,2145.07,2129.13,0,normal
15,2025-04-12,1079.73,INV003475,1074.29,1059.22,0,normal
29,2025-04-12,2755.78,INV000999,2747.39,2748.4,0,normal
41,2025-04-12,2624.41,INV001488,2689.93,2710.48,0,normal
54,2025-04-12,1464.71,INV004998,1520.25,1514.23,0,normal
9,2025-04-12,823.95,INV003008,793.78,788.61,0,normal
32,2025-04-12,1189.5,INV002098-1,1200.33,1200.33,1,duplicate
11,2025-04-12,3203.56,INV002699,3141.23,3142.93,0,normal
4,2025-04-12,447.58,INV004435,435.48,435.8,0,normal
11,2025-04-12,3424.82,INV001459,3487.31,3482.7,0,normal
55,2025-04-12,1002.97,INV001271,979.28,981.02,0,normal
18,2025-04-13,4408.49,INV000860,4497.87,4458.71,0,normal
23,2025-04-13,1597.79,INV001889,1574.6,1573.53,0,normal
3,2025-04-13,3562.66,INV002727,3604.13,3604.5,0,normal
10,2025-04-13,4082.48,INV005054,4350.95,4347.96,0,normal
40,2025-04-13,3362.82,INV003130,3306.52,3333.16,0,normal
17,2025-04-13,756.1,INV000250,738.52,738.71,0,normal
41,2025-04-13,3125.07,INV000904,3224.38,3223.66,0,normal
45,2025-04-13,2186.35,INV003539,2281.15,2284.79,0,normal
36,2025-04-13,1650.51,INV002384,1765.94,1742.83,0,normal
45,2025-04-13,2016.01,INV002258,2077.55,2089.08,0,normal
8,2025-04-13,1816.27,INV005880,1842.64,1869.27,0,normal
10,2025-04-13,4082.48,INV005054,4228.81,4228.81,1,price_variance
39,2025-04-13,3619.26,INV002079,3720.72,3707.66,0,normal
33,2025-04-13,949.84,INV001320,936.4,933.74,0,normal
33,2025-04-13,1034.76,INV002157 ,1019.69,1019.69,1,duplicate
5,2025-04-13,599.01,INV004426,590.11,597.86,0,normal
7,2025-04-13,1346.83,INV003103,1399.04,1404.95,0,normal
55,2025-04-13,784.04,INV000193,798.66,808.39,0,normal
53,2025-04-13,1287.39,INV004375,1387.16,1380.41,0,normal
56,2025-04-13,1612.48,INV000864,1573.47,1589.34,0,normal
32,2025-04-13,1316.78,INV001391,1279.9,1282.75,0,normal
52,2025-04-13,496.35,INV002145,491.7,492.93,0,normal
41,2025-04-13,3125.07,INV000904,3797.98,3797.98,1,price_variance
0,2025-04-13,2132.85,INV005515,2186.97,2163.76,0,normal
54,2025-04-13,937.65,INV004805,926.87,926.75,0,normal
4,2025-04-13,453.93,INV004348,481.71,477.86,0,normal
14,2025-04-14,2985.41,INV001270,2865.1,2891.81,0,normal
9,2025-04-14,845.47,INV000716,858.15,867.6,0,normal
20,2025-04-14,1813.58,INV004644,1769.8,1772.59,0,normal
16,2025-04-14,2949.78,INV002855,2827.38,2824.13,0,normal
30,2025-04-14,11419.43,INV001435,11086.28,11142.41,0,normal
4,2025-04-14,348.03,INV001524,362.44,360.8,0,normal
19,2025-04-14,1808.77,INV002281,1859.52,1880.99,0,normal
17,2025-04-14,781.86,INV000596,750.63,761.0,0,normal
57,2025-04-14,6653.77,INV001455,6875.88,6943.52,0,normal
39,2025-04-14,3125.23,INV002652,3132.65,3160.14,0,normal
0,2025-04-14,2527.66,INV003886,2466.76,2430.89,0,normal
0,2025-04-14,2186.44,INV003480,2229.62,2244.04,0,normal
6,2025-04-14,2002.74,INV001582,2061.67,2063.5,0,normal
5,2025-04-14,481.67,INV002497,459.65,456.15,0,normal
59,2025-04-14,3692.64,INV001148,3602.88,3642.41,0,normal
47,2025-04-14,1960.66,INV000231,1986.89,1957.78,0,normal
17,2025-04-14,692.4,INV000994,659.23,649.43,0,normal
30,2025-04-14,8852.79,INV003658,9444.62,9575.42,0,normal
32,2025-04-14,1070.58,INV004866,1115.04,1112.2,0,normal
18,2025-04-14,3688.69,INV004420,3796.72,3788.03,0,normal
12,2025-04-14,1906.12,INV002996,1856.95,1884.04,0,normal
0,2025-04-14,2308.34,INV005831,2296.17,2308.63,0,normal
0,2025-04-15,1651.54,INV004382,1712.79,1736.27,0,normal
41,2025-04-15,2620.08,INV005112,2658.24,2653.31,0,normal
20,2025-04-15,1287.56,INV001729 ,1344.64,1344.64,1,duplicate
43,2025-04-15,2202.63,INV002614,2292.47,2285.64,0,normal
26,2025-04-15,1994.44,INV002596,1949.9,1932.42,0,normal
18,2025-04-15,3821.57,INV001776,3781.9,3765.96,0,normal
26,2025-04-15,2755.75,INV003615,2940.03,2956.46,0,normal
24,2025-04-15,1335.52,INV004474,1432.61,1436.02,0,normal
17,2025-04-15,756.1,INV000250,740.69,740.69,1,duplicate
17,2025-04-15,800.72,INV005691,769.94,767.41,0,normal
30,2025-04-15,7972.97,INV003129,8061.24,8015.28,0,normal
3,2025-04-15,4237.8,INV001408,4417.7,4357.02,0,normal
23,2025-04-15,1597.79,INV004798,1611.14,1627.68,0,normal
12,2025-04-15,1906.12,INV002987,1954.92,1940.67,0,normal
57,2025-04-15,5948.61,INV003243,5787.6,5764.95,0,normal
31,2025-04-15,1015.95,INV001424,987.41,974.59,0,normal
23,2025-04-15,1597.79,INV004798,1611.14,1859.51,1,overpayment
29,2025-04-15,2578.6,INV004981,2487.32,2504.67,0,normal
28,2025-04-15,2350.21,INV000957,2419.61,2454.34,0,normal
33,2025-04-15,663.9,INV000517,671.19,661.41,0,normal
12,2025-04-15,1906.12,INV005480,1990.1,2010.75,0,normal
57,2025-04-16,5023.54,INV002592,4952.73,4974.26,0,normal
6,2025-04-16,2002.74,INV004534,2051.59,2023.08,0,normal
51,2025-04-16,3699.66,INV002313,3747.88,3731.98,0,normal
53,2025-04-16,1279.98,INV002733,1344.16,1339.02,0,normal
59,2025-04-16,3657.47,INV003971,3561.76,3600.11,0,normal
43,2025-04-16,2054.11,INV005893,2083.61,2071.34,0,normal
18,2025-04-16,3670.97,INV000202,3525.19,3521.62,0,normal
31,2025-04-16,1402.53,INV004960,1389.35,1408.41,0,normal
43,2025-04-16,1879.53,INV001425,1910.71,1909.3,0,normal
18,2025-04-16,4989.53,INV000683,5073.49,5056.97,0,normal
1,2025-04-16,862.79,INV003559,906.19,893.49,0,normal
22,2025-04-16,4807.98,INV004847,4840.87,4780.03,0,normal
32,2025-04-16,1158.15,INV004857,1245.37,1240.24,0,normal
27,2025-04-16,2508.55,INV005065,2658.28,2697.9,0,normal
24,2025-04-16,1639.24,INV001630,1747.49,1760.77,0,normal
27,2025-04-16,2523.96,INV005499,2604.06,2608.19,0,normal
5,2025-04-16,681.2,INV003076,665.29,665.25,0,normal
15,2025-04-16,813.57,INV000135,796.53,796.0,0,normal
9,2025-04-17,967.52,INV005147,1036.22,1332.38,1,overpayment
42,2025-04-17,829.0,INV001294,800.31,793.91,0,normal
2,2025-04-17,3266.16,INV000865,3366.16,3329.62,0,normal
27,2025-04-17,2583.07,INV003935,2642.69,2652.34,0,normal
9,2025-04-17,967.52,INV005147,1036.22,1039.85,0,normal
31,2025-04-17,1067.21,INV003787,1138.81,1147.16,0,normal
7,2025-04-17,1366.02,INV002305,1443.03,1443.03,1,duplicate
24,2025-04-17,1449.74,INV003234,1504.05,1492.26,0,normal
5,2025-04-17,644.93,INV000433,655.65,655.4,0,normal
1,2025-04-17,1039.19,INV000935,1104.85,1092.83,0,normal
55,2025-04-17,1050.95,INV005573,1084.37,1085.87,0,normal
54,2025-04-17,970.28,INV005080,969.09,956.14,0,normal
54,2025-04-17,1314.65,INV001869,1396.76,1391.17,0,normal
34,2025-04-17,2773.49,INV003506,2943.05,2927.24,0,normal
21,2025-04-17,1054.11,INV000385,1019.95,1014.86,0,normal
0,2025-04-17,2459.03,INV000136,2455.84,2452.69,0,normal
42,2025-04-17,1468.36,INV005595,1533.77,1532.41,0,normal
31,2025-04-17,949.2,INV005260,963.35,964.95,0,normal
52,2025-04-17,557.32,INV004874,596.18,593.51,0,normal
56,2025-04-17,1437.85,INV004193,1384.09,1368.66,0,normal
7,2025-04-18,1592.87,INV003406,1715.73,1727.1,0,normal
51,2025-04-18,2190.32,INV003897,2339.38,2312.6,0,normal
35,2025-04-18,4461.22,INV000736,4443.85,4438.14,0,normal
57,2025-04-18,5785.18,INV001920,6126.12,6172.02,0,normal
17,2025-04-18,739.9,INV004466,721.51,730.94,0,normal
10,2025-04-18,4177.73,INV004684,4428.16,4417.63,0,normal
25,2025-04-18,1393.5,INV004371,1327.43,1319.12,0,normal
45,2025-04-18,1833.97,INV002103,1804.06,1792.37,0,normal
0,2025-04-18,2053.35,INV001957,2146.86,2167.82,0,normal
55,2025-04-18,855.77,INV003489,818.67,829.68,0,normal
3,2025-04-18,2779.61,INV004239,2944.68,2947.64,0,normal
58,2025-04-18,737.32,INV000714,707.12,700.62,0,normal
9,2025-04-18,638.51,INV004931,628.54,624.59,0,normal
7,2025-04-18,1569.54,INV003959,1539.81,1530.41,0,normal
3,2025-04-18,4512.84,INV004974,4328.16,4267.27,0,normal
33,2025-04-18,1161.64,INV000884,1107.52,1120.1,0,normal
8,2025-04-18,1737.99,INV000212,1658.38,1658.93,0,normal
20,2025-04-18,1446.79,INV001655,1386.91,1367.61,0,normal
22,2025-04-18,4807.98,INV000668,4940.82,4921.02,0,normal
45,2025-04-19,2144.02,INV000248,2227.03,2257.77,0,normal
8,2025-04-19,1816.27,INV005880A,1842.64,1842.64,1,duplicate
15,2025-04-19,890.56,INV005696,954.69,956.66,0,normal
56,2025-04-19,1341.28,INV002633,1346.68,1346.37,0,normal
46,2025-04-19,3630.56,INV004829,3492.77,3517.34,0,normal
40,2025-04-19,3606.55,INV000826,3487.57,3492.19,0,normal
43,2025-04-19,2512.8,INV004445,2497.26,2501.91,0,normal
59,2025-04-19,4261.34,INV001928,4511.26,4509.13,0,normal
7,2025-04-19,1173.37,INV000514,1122.67,1119.97,0,normal
55,2025-04-19,1109.44,INV004090,1125.06,1126.72,0,normal
27,2025-04-19,2243.81,INV005419,2402.47,2433.67,0,normal
23,2025-04-19,1597.79,INV005548,1680.44,1703.73,0,normal
48,2025-04-19,3165.55,INV004508,3068.39,3083.88,0,normal
20,2025-04-19,1314.76,INV001112,1364.8,1372.3,0,normal
15,2025-04-19,1037.1,INV004162,1050.15,1051.04,0,normal
38,2025-04-19,946.02,INV000096,928.02,920.79,0,normal
17,2025-04-19,1020.91,INV000054,1018.59,1024.47,0,normal
19,2025-04-19,1446.85,INV000280,1478.42,1487.64,0,normal
24,2025-04-19,1049.95,INV001057,1101.24,1104.71,0,normal
3,2025-04-19,3649.04,INV004610,3787.13,3792.98,0,normal
59,2025-04-19,4273.71,INV003167,4080.04,4136.23,0,normal
57,2025-04-19,5977.16,INV002791,6080.17,6136.07,0,normal
59,2025-04-19,4121.08,INV001101,4075.86,4089.32,0,normal
47,2025-04-20,1498.47,INV001764,1495.69,1554.43,1,overpayment
56,2025-04-20,1252.59,INV000691,1229.04,1244.69,0,normal
40,2025-04-20,3293.08,INV000466,3412.47,3384.3,0,normal
57,2025-04-20,5115.62,INV003419,5291.9,5256.56,0,normal
12,2025-04-20,1906.12,INV004017,1980.22,1954.34,0,normal
1,2025-04-20,733.6,INV000585,737.67,745.72,0,normal
47,2025-04-20,1498.47,INV001764,1495.69,1488.02,0,normal
31,2025-04-20,1244.31,INV000243,1275.42,1281.76,0,normal
23,2025-04-20,1597.79,INV004550,1712.34,1721.11,0,normal
20,2025-04-20,1014.21,INV004586,977.23,982.21,0,normal
16,2025-04-20,2528.1,INV002787,2618.39,2591.18,0,normal
16,2025-04-20,2400.03,INV005389,2296.69,2262.81,0,normal
12,2025-04-20,1906.12,INV002520,1965.01,1969.42,0,normal
32,2025-04-20,1054.83,INV000060,1058.92,1062.09,0,normal
44,2025-04-20,1746.31,INV001149,1841.49,1858.25,0,normal
58,2025-04-20,1208.08,INV002354,1154.75,1145.43,0,normal
35,2025-04-20,4461.22,INV002100,4325.26,4302.14,0,normal
53,2025-04-20,1652.74,INV005215,1729.87,1709.47,0,normal
11,2025-04-21,2795.07,INV004319,2938.57,2899.74,0,normal
55,2025-04-21,1068.28,INV000254,1118.67,1127.39,0,normal
14,2025-04-21,2810.94,INV005015,3016.42,3049.26,0,normal
24,2025-04-21,1084.55,INV002897,1119.0,1135.71,0,normal
40,2025-04-21,3492.31,INV005603,3732.35,3786.5,0,normal
30,2025-04-21,10352.29,INV003881,10102.92,10235.12,0,normal
40,2025-04-21,2970.39,INV005398,2844.06,2851.31,0,normal
1,2025-04-21,823.06,INV004869,882.08,890.06,0,normal
37,2025-04-21,1202.7,INV003447,1190.74,1179.21,0,normal
5,2025-04-21,697.31,INV003714,719.24,724.19,0,normal
58,2025-04-21,854.16,INV002635,818.24,817.96,0,normal
42,2025-04-21,827.66,INV002529,868.47,873.14,0,normal
50,2025-04-21,1911.24,INV000835,1830.04,1828.31,0,normal
2,2025-04-21,3290.32,INV004075,3173.59,3159.58,0,normal
46,2025-04-21,3630.56,INV002979,3734.04,3685.61,0,normal
29,2025-04-21,2177.15,INV000037,2125.55,2145.46,0,normal
57,2025-04-22,4671.02,INV001587,4969.91,5002.27,0,normal
12,2025-04-22,1906.12,INV004751,2051.93,2071.88,0,normal
37,2025-04-22,851.0,INV003099,901.44,892.3,0,normal
0,2025-04-22,2459.03,INV000136,2477.95,2477.95,1,duplicate
54,2025-04-22,1583.66,INV004809,1709.24,1723.59,0,normal
1,2025-04-22,707.63,INV003999,679.61,679.86,0,normal
22,2025-04-22,4807.98,INV004241,4649.38,4591.89,0,normal
22,2025-04-22,4807.98,INV001026,5172.12,5168.53,0,normal
50,2025-04-22,2459.22,INV001963,2471.6,2499.69,0,normal
8,2025-04-22,1998.33,INV000730,2008.56,2010.29,0,normal
32,2025-04-22,1175.64,INV000895,1180.27,1186.33,0,normal
42,2025-04-22,1128.39,INV002597,1107.5,1095.55,0,normal
39,2025-04-23,4041.17,INV002632,4283.55,4329.3,0,normal
46,2025-04-23,3630.56,INV001253,3543.89,3516.07,0,normal
37,2025-04-23,918.73,INV003725,959.21,945.59,0,normal
20,2025-04-23,1014.21,INV004586A,992.04,992.04,1,duplicate
0,2025-04-23,2071.06,INV002198,2066.09,2088.52,0,normal
0,2025-04-23,2527.66,INV003886,2454.68,2454.68,1,duplicate
54,2025-04-23,1433.22,INV005888,1523.04,1530.49,0,normal
37,2025-04-23,909.36,INV002672,875.15,886.9,0,normal
6,2025-04-23,2002.74,INV000271,2000.34,1975.41,0,normal
58,2025-04-23,890.57,INV004072,936.24,937.35,0,normal
28,2025-04-23,2561.14,INV000901,2708.64,2690.97,0,normal
44,2025-04-23,2100.13,INV003824,2141.32,2138.93,0,normal
11,2025-04-23,3287.65,INV002908,3408.7,3412.42,0,normal
33,2025-04-23,934.8,INV005621,953.41,942.9,0,normal
58,2025-04-23,830.16,INV004548,827.67,827.25,0,normal
40,2025-04-23,2641.25,INV001061,2776.43,2783.15,0,normal
12,2025-04-23,1906.12,INV005242,1951.56,1944.82,0,normal
11,2025-04-23,3038.06,INV004333,3088.59,3078.44,0,normal
10,2025-04-23,3845.35,INV003317,3944.06,3959.16,0,normal
15,2025-04-23,1103.03,INV005200,1083.74,1099.43,0,normal
55,2025-04-23,1056.1,INV002617,1016.93,1023.43,0,normal
54,2025-04-23,1124.29,INV005675,1084.83,1091.1,0,normal
11,2025-04-23,2914.94,INV004086,3081.74,3120.66,0,normal
46,2025-04-23,3630.56,INV001253,5674.56,5674.56,1,price_variance
56,2025-04-24,1478.3,INV000395,1442.82,1456.81,0,normal
25,2025-04-24,1226.52,INV002250,1319.59,1300.23,0,normal
51,2025-04-24,3768.44,INV003721,3927.02,3982.57,0,normal
31,2025-04-24,1080.61,INV005214,1118.64,1108.71,0,normal
19,2025-04-24,1461.38,INV000158,1422.22,1405.26,0,normal
38,2025-04-24,777.29,INV004750,755.09,744.08,0,normal
34,2025-04-24,2941.36,INV001386,3085.25,3068.07,0,normal
16,2025-04-24,2581.74,INV001549,2483.12,2474.68,0,normal
46,2025-04-24,3630.56,INV000075,3492.88,3472.5,0,normal
31,2025-04-24,1080.61,INV005214,1607.51,1607.51,1,price_variance
42,2025-04-24,838.48,INV000952,839.05,839.04,0,normal
57,2025-04-24,6026.14,INV004999,6211.17,6268.93,0,normal
50,2025-04-24,2567.7,INV001923,2746.74,2715.15,0,normal
8,2025-04-24,1921.65,INV000693,2054.47,2065.36,0,normal
44,2025-04-24,1539.13,INV001870,1653.77,1662.82,0,normal
15,2025-04-24,712.53,INV004549,763.03,771.81,0,normal
6,2025-04-24,2002.74,INV004524-1,2048.65,2048.65,1,duplicate
36,2025-04-24,1650.51,INV005604,1696.45,1707.31,0,normal
9,2025-04-24,1054.23,INV005517,1010.76,1001.55,0,normal
35,2025-04-24,4461.22,INV005683,4658.25,4666.8,0,normal
54,2025-04-24,1689.17,INV003053,1696.03,1713.83,0,normal
2,2025-04-25,1551.0,INV002639,1641.18,1642.82,0,normal
27,2025-04-25,3152.18,INV002471,3050.79,3081.01,0,normal
39,2025-04-25,3387.57,INV000485,3592.91,3583.1,0,normal
11,2025-04-25,3744.27,INV000298,3681.68,3709.8,0,normal
53,2025-04-25,1183.12,INV001361,1244.83,1256.85,0,normal
4,2025-04-25,443.2,INV001606,468.71,464.69,0,normal
9,2025-04-25,893.15,INV004134,880.58,871.52,0,normal
40,2025-04-25,3074.52,INV005674,3118.35,3117.05,0,normal
19,2025-04-25,1756.22,INV001282,1729.19,1732.45,0,normal
4,2025-04-25,443.2,INV001606,468.71,665.15,1,overpayment
20,2025-04-25,1651.19,INV001829,1674.8,1687.62,0,normal
56,2025-04-25,1364.85,INV001976,1400.49,1421.3,0,normal
14,2025-04-25,2922.01,INV001964,3145.54,3176.55,0,normal
59,2025-04-25,4127.05,INV001801,4325.12,4260.74,0,normal
6,2025-04-25,2002.74,INV005394,2093.95,2066.71,0,normal
57,2025-04-25,6121.32,INV004737,5975.29,5965.75,0,normal
43,2025-04-26,2624.32,INV003701,2705.57,2683.49,0,normal
31,2025-04-26,1366.7,INV004495,1343.27,1337.56,0,normal
54,2025-04-26,1145.3,INV003345,1123.63,1126.73,0,normal
37,2025-04-26,774.62,INV003841,766.85,776.72,0,normal
51,2025-04-26,3903.0,INV001065,4168.59,4220.22,0,normal
32,2025-04-26,1101.23,INV001677,1145.32,1140.27,0,normal
32,2025-04-26,1175.64,INV000895-1,1178.81,1178.81,1,duplicate
28,2025-04-26,2927.38,INV004622,2889.8,2867.0,0,normal
19,2025-04-26,1446.09,INV003362,1513.12,1532.86,0,normal
5,2025-04-26,799.07,INV000636,819.86,829.67,0,normal
40,2025-04-26,3509.73,INV005852,3493.57,3453.45,0,normal
20,2025-04-26,1464.02,INV002082,1464.34,1453.15,0,normal
7,2025-04-26,1647.76,INV002819,1643.94,1639.54,0,normal
53,2025-04-26,1574.59,INV004352,1631.05,1648.96,0,normal
16,2025-04-26,2762.85,INV001866,2834.77,2840.49,0,normal
56,2025-04-26,1386.15,INV003217,1336.75,1356.8,0,normal
0,2025-04-27,2104.28,INV004686,2103.6,2108.45,0,normal
31,2025-04-27,1527.36,INV002362,1599.62,1608.44,0,normal
9,2025-04-27,900.09,INV003462,943.05,956.13,0,normal
37,2025-04-27,1120.85,INV001986,1124.63,1125.89,0,normal
50,2025-04-27,2654.31,INV003691,2717.63,2753.5,0,normal
8,2025-04-27,1419.39,INV000359,1481.68,1467.77,0,normal
16,2025-04-27,2596.3,INV001993,2772.95,2731.98,0,normal
55,2025-04-27,976.45,INV000477,971.25,966.06,0,normal
2,2025-04-27,4288.65,INV002519,4384.57,4408.21,0,normal
45,2025-04-27,1980.21,INV003746,1944.26,1969.99,0,normal
19,2025-04-27,1697.2,INV003329,1729.93,1725.58,0,normal
18,2025-04-27,4861.98,INV005180,4770.28,4737.75,0,normal
55,2025-04-27,1302.08,INV002288,1240.67,1259.18,0,normal
46,2025-04-27,3630.56,INV004184,3752.7,3721.62,0,normal
46,2025-04-27,3630.56,INV004041,3654.87,3612.86,0,normal
20,2025-04-28,1623.18,INV003804,1742.11,1740.81,0,normal
4,2025-04-28,450.72,INV004046,455.64,462.04,0,normal
50,2025-04-28,1748.11,INV002985,1844.41,1870.84,0,normal
13,2025-04-28,4368.83,INV005304,4361.37,4298.31,0,normal
38,2025-04-28,1037.11,INV003512,1001.25,992.59,0,normal
22,2025-04-28,4807.98,INV003811,4851.64,4879.21,0,normal
51,2025-04-28,2825.97,INV000905,2752.36,2780.62,0,normal
49,2025-04-28,1643.63,INV003276,1568.92,1563.12,0,normal
7,2025-04-28,1703.99,INV000993,1774.74,1758.85,0,normal
8,2025-04-28,1899.43,INV005211,1959.21,1988.09,0,normal
3,2025-04-28,5028.65,INV000374,5212.96,5258.21,0,normal
24,2025-04-28,1227.82,INV000886,1190.57,1203.16,0,normal
44,2025-04-28,1776.93,INV002775,1888.85,1894.83,0,normal
30,2025-04-28,9084.35,INV000631,8958.07,9036.12,0,normal
52,2025-04-28,589.64,INV001648,588.14,585.25,0,normal
24,2025-04-28,975.89,INV001947,933.31,926.15,0,normal
6,2025-04-28,2002.74,INV000235,2021.21,1996.45,0,normal
9,2025-04-28,685.26,INV001977,707.57,715.28,0,normal
3,2025-04-28,3574.85,INV003536,3729.29,3752.83,0,normal
54,2025-04-28,1122.78,INV001109,1070.63,1073.97,0,normal
59,2025-04-28,4031.62,INV002408,3943.75,3929.62,0,normal
21,2025-04-28,944.41,INV003612,978.81,987.33,0,normal
12,2025-04-28,1906.12,INV002420,2005.97,2021.0,0,normal
34,2025-04-28,3145.07,INV005540,3326.12,3278.55,0,normal
16,2025-04-28,3066.61,INV002967,2965.8,2924.17,0,normal
52,2025-04-29,689.19,INV000313,709.15,710.75,0,normal
32,2025-04-29,1296.79,INV000294,1300.97,1314.17,0,normal
12,2025-04-29,1906.12,INV001743,1820.53,1825.87,0,normal
24,2025-04-29,1250.8,INV001339,1288.74,1285.77,0,normal
24,2025-04-29,1194.73,INV005266,1271.2,1266.68,0,normal
55,2025-04-29,1272.44,INV004743,1292.85,1277.26,0,normal
9,2025-04-29,914.51,INV003585,905.98,893.05,0,normal
38,2025-04-29,949.07,INV003021,1018.47,1032.59,0,normal
54,2025-04-29,1323.91,INV001487,1286.72,1278.08,0,normal
38,2025-04-29,949.07,INV003021,1377.68,1377.68,1,price_variance
5,2025-04-29,462.01,INV004069,454.45,456.87,0,normal
32,2025-04-29,1034.85,INV004905,998.81,994.63,0,normal
59,2025-04-29,3780.85,INV001794,3619.6,3569.39,0,normal
39,2025-04-29,3383.98,INV001642,3438.64,3408.61,0,normal
11,2025-04-29,2862.83,INV004551,3034.52,3047.02,0,normal
4,2025-04-29,335.54,INV004921,355.34,353.53,0,normal
5,2025-04-30,649.0,INV004783,675.43,679.91,0,normal
47,2025-04-30,1791.03,INV004222,1752.27,1769.83,0,normal
10,2025-04-30,4028.93,INV002681,4167.54,4223.76,0,normal
35,2025-04-30,4461.22,INV002728,4729.98,4675.18,0,normal
40,2025-04-30,2952.01,INV000396,3084.64,3044.71,0,normal
39,2025-04-30,3326.15,INV000979,3216.59,3237.07,0,normal
1,2025-04-30,741.51,INV004318,708.29,715.23,0,normal
19,2025-04-30,2228.64,INV003806,2357.67,2384.43,0,normal
45,2025-04-30,2296.43,INV004289,2250.1,2267.55,0,normal
55,2025-04-30,985.23,INV004395,988.16,975.23,0,normal
1,2025-04-30,871.42,INV004470,888.08,897.46,0,normal
3,2025-04-30,3630.94,INV000653,3521.6,3549.13,0,normal
13,2025-04-30,4394.46,INV001411,4293.72,4345.43,0,normal
26,2025-04-30,2594.74,INV000939,2744.28,2764.69,0,normal
9,2025-04-30,815.15,INV001279,785.91,774.94,0,normal
59,2025-05-01,3436.07,INV003126,3360.37,3382.62,0,normal
5,2025-05-01,503.78,INV000001,508.64,510.26,0,normal
7,2025-05-01,1280.96,INV002664,1328.8,1345.02,0,normal
13,2025-05-01,4563.09,INV004128,4625.79,4671.47,0,normal
34,2025-05-01,3033.95,INV000463,2920.28,2884.85,0,normal
12,2025-05-01,1906.12,INV002520,1965.01,1965.01,1,duplicate
23,2025-05-01,1597.79,INV000195,1565.21,1576.86,0,normal
6,2025-05-01,2002.74,INV004860,1972.91,1964.39,0,normal
21,2025-05-01,1076.38,INV004022,1088.45,1092.84,0,normal
11,2025-05-01,2814.21,INV003011,2698.01,2725.57,0,normal
25,2025-05-01,1047.01,INV004581,1035.48,1040.88,0,normal
18,2025-05-01,3352.06,INV004045,3411.0,3366.94,0,normal
7,2025-05-01,1391.67,INV000629,1450.13,1431.24,0,normal
55,2025-05-01,1093.29,INV005198,1052.42,1065.12,0,normal
3,2025-05-01,3720.32,INV000454,3659.28,3702.27,0,normal
54,2025-05-01,1292.55,INV002060,1343.79,1358.59,0,normal
3,2025-05-01,3720.32,INV000454,5673.66,5673.66,1,price_variance
25,2025-05-01,1111.3,INV000487,1114.42,1101.29,0,normal
47,2025-05-01,2345.89,INV001169,2521.63,2509.43,0,normal
8,2025-05-01,2067.31,INV000845,2194.55,2205.18,0,normal
32,2025-05-01,1170.51,INV004278,1128.47,1144.8,0,normal
12,2025-05-01,1906.12,INV000490,1843.22,1862.38,0,normal
48,2025-05-01,2450.29,INV002953,2415.19,2424.42,0,normal
58,2025-05-02,790.27,INV004337,837.6,839.02,0,normal
38,2025-05-02,873.88,INV000428,902.98,890.72,0,normal
29,2025-05-02,2621.81,INV004170,2568.19,2595.35,0,normal
13,2025-05-02,4892.09,INV003425,5249.61,5291.68,0,normal
30,2025-05-02,7395.31,INV004095,7758.15,7798.11,0,normal
32,2025-05-02,1184.75,INV001090,1262.48,1244.97,0,normal
7,2025-05-02,1168.87,INV005487,1192.61,1186.24,0,normal
55,2025-05-02,1127.03,INV003727,1080.13,1081.08,0,normal
40,2025-05-02,3247.37,INV000067,3179.43,3158.24,0,normal
15,2025-05-02,819.34,INV005392,868.64,871.82,0,normal
23,2025-05-02,1597.79,INV004588,1602.41,1605.2,0,normal
12,2025-05-02,1906.12,INV002987,1954.92,1954.92,1,duplicate
17,2025-05-02,771.88,INV001952,760.17,769.68,0,normal
27,2025-05-02,2488.4,INV005421,2502.1,2505.19,0,normal
19,2025-05-02,1964.99,INV005896,2051.29,2034.1,0,normal
22,2025-05-02,4807.98,INV005885,5071.78,5043.79,0,normal
25,2025-05-02,1192.78,INV005439,1253.26,1246.44,0,normal
12,2025-05-02,1906.12,INV004428,1990.33,2004.48,0,normal
42,2025-05-02,1181.25,INV005962A,1278.5,1278.5,1,duplicate
6,2025-05-02,2002.74,INV005262,2015.65,2016.81,0,normal
15,2025-05-02,1084.14,INV004871,1163.08,1169.8,0,normal
52,2025-05-02,618.2,INV002552,588.26,585.03,0,normal
56,2025-05-03,1901.17,INV001852,1860.53,1855.32,0,normal
50,2025-05-03,1941.77,INV000366,1913.77,1897.9,0,normal
39,2025-05-03,3011.87,INV004192,3047.73,3045.82,0,normal
24,2025-05-03,1028.95,INV001918,988.33,995.57,0,normal
29,2025-05-03,2368.21,INV004363,2251.86,2235.19,0,normal
12,2025-05-03,1906.12,INV005422,2032.1,2024.61,0,normal
3,2025-05-03,3324.88,INV003207,3213.89,3249.29,0,normal
5,2025-05-03,586.05,INV001686,558.49,551.08,0,normal
36,2025-05-03,1650.51,INV005723,1706.93,1721.37,0,normal
43,2025-05-03,2763.59,INV001658,2967.81,3006.86,0,normal
53,2025-05-03,1785.71,INV002201,1848.97,1860.86,0,normal
5,2025-05-03,606.26,INV002667,612.02,611.34,0,normal
42,2025-05-03,1043.44,INV000647,1033.73,1023.5,0,normal
21,2025-05-03,1001.19,INV000056,1020.52,1034.93,0,normal
1,2025-05-04,842.5,INV001291,807.03,808.93,0,normal
23,2025-05-04,1597.79,INV001676,1585.83,1566.71,0,normal
10,2025-05-04,2750.84,INV004437,2894.2,2867.14,0,normal
55,2025-05-04,979.04,INV000285,1038.01,1026.34,0,normal
59,2025-05-04,3847.31,INV001753,4053.2,3995.03,0,normal
16,2025-05-04,2563.44,INV005366,2732.67,2698.24,0,normal
19,2025-05-04,1702.4,INV003756,1770.04,1756.06,0,normal
17,2025-05-04,1098.0,INV001984,1130.16,1115.01,0,normal
25,2025-05-04,1555.67,INV001088,1624.2,1639.34,0,normal
46,2025-05-04,3630.56,INV002958,3685.5,3675.52,0,normal
54,2025-05-04,1064.0,INV005374,1102.8,1111.69,0,normal
27,2025-05-04,2304.92,INV005340,2260.71,2271.05,0,normal
37,2025-05-04,1124.75,INV003122,1189.96,1178.79,0,normal
27,2025-05-04,1927.18,INV002190,2059.16,2057.55,0,normal
13,2025-05-05,3848.82,INV003091,4103.79,4117.47,0,normal
31,2025-05-05,1095.96,INV000106,1071.56,1072.27,0,normal
2,2025-05-05,3345.74,INV003607,3350.29,3330.68,0,normal
21,2025-05-05,757.34,INV003161,772.92,766.48,0,normal
44,2025-05-05,2104.16,INV004034,2115.43,2114.82,0,normal
5,2025-05-05,609.61,INV002257,586.17,594.34,0,normal
31,2025-05-05,1486.08,INV000752,1462.14,1468.31,0,normal
55,2025-05-05,1050.21,INV004124,1045.68,1031.32,0,normal
2,2025-05-05,2425.7,INV000599,2482.71,2498.49,0,normal
40,2025-05-05,3781.1,INV003568,3646.36,3641.27,0,normal
42,2025-05-05,1101.91,INV004764,1048.82,1042.3,0,normal
9,2025-05-05,852.51,INV003120,840.43,863.53,1,overpayment
55,2025-05-05,1124.8,INV000836,1094.14,1093.7,0,normal
14,2025-05-05,2199.23,INV001006,2213.19,2209.09,0,normal
26,2025-05-05,2770.91,INV003982,2637.64,2615.65,0,normal
9,2025-05-05,852.51,INV003120,840.43,843.3,0,normal
42,2025-05-05,1360.15,INV005008,1423.44,1442.68,0,normal
8,2025-05-05,1512.53,INV000437,1588.81,1582.5,0,normal
44,2025-05-05,1760.12,INV003523,1784.34,1800.6,0,normal
55,2025-05-05,1050.21,INV004124,1397.39,1397.39,1,price_variance
24,2025-05-05,1161.25,INV003029,1212.45,1226.25,0,normal
50,2025-05-05,2179.66,INV000718,2298.93,2313.11,0,normal
9,2025-05-05,1071.68,INV001850,1079.28,1075.0,0,normal
20,2025-05-06,1471.96,INV003189,1462.14,1445.95,0,normal
13,2025-05-06,4766.91,INV001267,4903.99,4921.98,0,normal
42,2025-05-06,1152.74,INV005711,1134.52,1138.08,0,normal
40,2025-05-06,2404.48,INV003738,2424.13,2418.31,0,normal
40,2025-05-06,3175.63,INV004198,3156.34,3203.01,0,normal
10,2025-05-06,3597.05,INV000861,3597.37,3649.57,0,normal
44,2025-05-06,1669.88,INV003221,1713.73,1701.29,0,normal
21,2025-05-06,1071.57,INV004385,1116.21,1125.01,0,normal
54,2025-05-06,1133.96,INV002864,1160.77,1172.74,0,normal
42,2025-05-06,974.54,INV003686,961.53,962.7,0,normal
49,2025-05-06,1948.97,INV005412,1918.86,1945.96,0,normal
34,2025-05-06,2891.05,INV001483,2954.4,2930.31,0,normal
15,2025-05-06,1051.23,INV004872,1012.79,1018.46,0,normal
40,2025-05-06,2575.5,INV002371,2727.4,2712.83,0,normal
30,2025-05-06,12106.81,INV004151,12545.55,12661.54,0,normal
54,2025-05-06,1133.96,INV002864,1518.48,1518.48,1,price_variance
56,2025-05-06,1197.15,INV001629,1280.32,1282.04,0,normal
37,2025-05-06,752.1,INV004817,795.21,795.1,0,normal
35,2025-05-06,4461.22,INV005282,4440.18,4480.34,0,normal
27,2025-05-06,3152.18,INV002471 ,3097.71,3097.71,1,duplicate
36,2025-05-06,1650.51,INV005280,1606.29,1596.29,0,normal
57,2025-05-06,5198.71,INV001685,5484.85,5513.27,0,normal
29,2025-05-06,2283.85,INV004415,2412.1,2401.55,0,normal
27,2025-05-06,2557.69,INV000292,2597.93,2613.12,0,normal
43,2025-05-06,2159.35,INV002446,2148.09,2123.26,0,normal
19,2025-05-06,1787.81,INV002026,1721.69,1737.06,0,normal
26,2025-05-06,1910.81,INV003899,1860.23,1840.41,0,normal
34,2025-05-06,3775.6,INV003941,3738.09,3699.88,0,normal
9,2025-05-07,1029.18,INV005657,1057.15,1049.67,0,normal
14,2025-05-07,2793.84,INV003127,2877.66,2906.6,0,normal
36,2025-05-07,1650.51,INV000249,1568.94,1572.4,0,normal
51,2025-05-07,2839.73,INV005156,2986.15,2989.8,0,normal
32,2025-05-07,1191.89,INV003232,1196.43,1211.25,0,normal
54,2025-05-07,1689.17,INV003053A,1696.03,1696.03,1,duplicate
50,2025-05-07,1825.23,INV000214,1897.45,1882.6,0,normal
17,2025-05-07,892.81,INV003175,888.78,888.6,0,normal
0,2025-05-07,2114.89,INV004823,2254.36,2225.49,0,normal
42,2025-05-07,1227.15,INV001103,1226.24,1211.25,0,normal
7,2025-05-07,1459.79,INV000479,1554.32,1566.58,0,normal
37,2025-05-07,920.5,INV001601,927.89,938.34,0,normal
23,2025-05-07,1597.79,INV004381,1620.84,1618.3,0,normal
17,2025-05-07,892.81,INV003175,888.78,998.63,1,overpayment
20,2025-05-07,1851.22,INV002122,1782.89,1801.75,0,normal
42,2025-05-07,1226.64,INV002108,1309.71,1305.97,0,normal
17,2025-05-07,1085.71,INV004404,1047.67,1059.32,0,normal
28,2025-05-07,2337.57,INV004902,2238.11,2247.11,0,normal
49,2025-05-07,1954.88,INV000604,2081.39,2058.09,0,normal
21,2025-05-07,1054.11,INV000385A,1003.77,1003.77,1,duplicate
56,2025-05-07,1495.11,INV003194,1604.62,1620.69,0,normal
52,2025-05-07,521.22,INV002634,554.41,556.38,0,normal
38,2025-05-08,835.64,INV004861,857.84,847.5,0,normal
32,2025-05-08,1187.01,INV005933,1173.4,1170.28,0,normal
18,2025-05-08,3806.08,INV003913,4068.61,4011.63,0,normal
0,2025-05-08,2375.33,INV001049,2433.69,2403.6,0,normal
47,2025-05-08,2690.58,INV001333,2834.44,2839.11,0,normal
13,2025-05-08,4005.97,INV003496,3838.74,3837.02,0,normal
10,2025-05-08,4822.05,INV003044,5002.4,4958.63,0,normal
30,2025-05-08,11785.22,INV001134,12597.93,12674.69,0,normal
25,2025-05-08,1434.72,INV001129,1510.96,1502.05,0,normal
15,2025-05-08,904.93,INV002363,975.7,976.74,0,normal
38,2025-05-08,945.36,INV003332,957.43,957.97,0,normal
9,2025-05-08,881.61,INV005692,887.63,900.01,0,normal
14,2025-05-08,3050.53,INV000680,3074.83,3039.78,0,normal
6,2025-05-08,2002.74,INV003976,2031.41,2009.45,0,normal
6,2025-05-08,2002.74,INV004721,1942.7,1959.0,0,normal
44,2025-05-09,1518.37,INV004402,1543.31,1540.3,0,normal
50,2025-05-09,2308.29,INV003753,2350.82,2330.89,0,normal
41,2025-05-09,3668.91,INV000177,3745.18,3713.27,0,normal
24,2025-05-09,1486.41,INV004651,1497.29,1480.97,0,normal
26,2025-05-09,2380.06,INV005393,2323.53,2334.1,0,normal
36,2025-05-09,1650.51,INV000427,1599.28,1599.4,0,normal
55,2025-05-09,1107.57,INV004595,1087.47,1074.78,0,normal
38,2025-05-09,1271.06,INV000990,1209.66,1200.81,0,normal
50,2025-05-09,2944.49,INV000337,3045.42,3013.26,0,normal
50,2025-05-09,2585.07,INV005293,2493.49,2502.68,0,normal
44,2025-05-09,2087.83,INV005092,2019.01,1989.4,0,normal
54,2025-05-09,985.72,INV004270,956.36,963.66,0,normal
58,2025-05-09,885.23,INV000606,919.37,924.42,0,normal
43,2025-05-10,1883.66,INV001819,1911.88,1924.31,0,normal
4,2025-05-10,332.82,INV003743,320.58,322.23,0,normal
35,2025-05-10,4461.22,INV001990,4374.59,4429.95,0,normal
28,2025-05-10,2477.51,INV002845,2502.0,2536.99,0,normal
38,2025-05-10,821.1,INV004746,830.28,826.91,0,normal
16,2025-05-10,2068.18,INV002604,1998.98,1985.18,0,normal
7,2025-05-10,842.28,INV000189,830.68,821.64,0,normal
1,2025-05-10,930.01,INV000233,961.28,956.33,0,normal
40,2025-05-10,2283.52,INV003522,2233.26,2251.72,0,normal
31,2025-05-10,1236.36,INV004066,1276.71,1291.1,0,normal
33,2025-05-10,1046.21,INV004569,1031.27,1040.24,0,normal
24,2025-05-10,1232.17,INV002319,1295.09,1280.84,0,normal
16,2025-05-10,1859.6,INV001306,1801.28,1783.56,0,normal
8,2025-05-10,1986.58,INV000061,1914.04,1932.27,0,normal
45,2025-05-11,1962.4,INV005754,2016.99,2046.71,0,normal
38,2025-05-11,906.1,INV000976,939.62,932.21,0,normal
38,2025-05-11,1033.36,INV002747,1039.72,1041.4,0,normal
31,2025-05-11,1643.49,INV000467,1654.48,1654.02,0,normal
43,2025-05-11,2463.6,INV003396,2763.79,2763.79,1,price_variance
25,2025-05-11,1494.2,INV002680,1597.51,1601.66,0,normal
58,2025-05-11,741.2,INV003891,740.54,736.07,0,normal
43,2025-05-11,2463.6,INV003396,2590.52,2587.33,0,normal
55,2025-05-11,979.04,INV000285 ,1038.01,1038.01,1,duplicate
26,2025-05-11,2097.79,INV005289,2098.83,2080.48,0,normal
28,2025-05-11,2478.49,INV005524,2425.79,2437.43,0,normal
36,2025-05-11,1650.51,INV005911,1767.41,1770.59,0,normal
23,2025-05-11,1597.79,INV001516,1692.96,1682.51,0,normal
25,2025-05-11,1068.83,INV004425,1147.99,1146.63,0,normal
56,2025-05-11,1069.94,INV001436,1064.7,1048.89,0,normal
49,2025-05-11,1409.42,INV002179,1378.13,1393.85,0,normal
28,2025-05-11,2350.21,INV000957 ,2419.61,2419.61,1,duplicate
35,2025-05-11,4461.22,INV004212,4787.81,4738.57,0,normal
49,2025-05-11,1681.07,INV004617,1664.16,1688.74,0,normal
27,2025-05-11,2263.44,INV001759,2356.68,2383.57,0,normal
42,2025-05-11,1119.17,INV004784,1207.93,1222.66,0,normal
54,2025-05-11,1137.69,INV001324,1223.65,1227.31,0,normal
50,2025-05-12,2831.98,INV003673,2806.14,2780.55,0,normal
23,2025-05-12,1597.79,INV001636,1589.47,1590.77,0,normal
50,2025-05-12,2127.63,INV002545,2164.33,2172.82,0,normal
23,2025-05-12,1597.79,INV001636,2167.8,2167.8,1,price_variance
24,2025-05-12,1084.55,INV002897-1,1119.0,1119.0,1,duplicate
8,2025-05-12,1174.16,INV001097,1179.42,1189.42,0,normal
8,2025-05-12,1174.16,INV001097,1179.42,1434.25,1,overpayment
48,2025-05-12,2920.72,INV002690,3042.57,3080.57,0,normal
44,2025-05-12,2077.9,INV005063,2047.48,2041.41,0,normal
2,2025-05-12,2567.84,INV004024,2665.12,2659.69,0,normal
5,2025-05-12,620.66,INV004366,633.34,632.89,0,normal
27,2025-05-12,1940.87,INV003922,1855.71,1838.33,0,normal
23,2025-05-13,1597.79,INV005101,1560.48,1573.84,0,normal
19,2025-05-13,1860.88,INV003614,1926.09,1949.41,0,normal
6,2025-05-13,2002.74,INV005312,2109.67,2120.48,0,normal
11,2025-05-13,2818.16,INV000643,2731.32,2722.98,0,normal
51,2025-05-13,2417.48,INV005244,2499.73,2520.34,0,normal
28,2025-05-13,2886.78,INV003629,2872.67,2841.3,0,normal
33,2025-05-13,958.41,INV003515,919.4,905.62,0,normal
59,2025-05-13,3442.73,INV004473,3445.26,4825.53,1,overpayment
33,2025-05-13,958.41,INV003515,1115.64,1115.64,1,price_variance
50,2025-05-13,2254.12,INV002903,2290.09,2265.89,0,normal
53,2025-05-13,1436.31,INV003261,1443.98,1442.15,0,normal
12,2025-05-13,1906.12,INV003943,1951.55,1929.39,0,normal
40,2025-05-13,3596.84,INV004879,3825.88,3852.59,0,normal
40,2025-05-13,4200.7,INV005710,4330.34,4310.25,0,normal
18,2025-05-13,3463.98,INV000504,3348.53,3351.25,0,normal
59,2025-05-13,3442.73,INV004473,3445.26,3493.39,0,normal
3,2025-05-13,3857.86,INV004767,3957.04,3973.89,0,normal
51,2025-05-13,3768.44,INV003721-1,3927.02,3927.02,1,duplicate
26,2025-05-14,2770.9,INV003016,2918.46,2900.48,0,normal
36,2025-05-14,1650.51,INV005306,1675.11,1673.84,0,normal
51,2025-05-14,3421.51,INV005866,3365.84,3331.19,0,normal
51,2025-05-14,3523.39,INV001461,3659.47,3639.48,0,normal
59,2025-05-14,2439.27,INV002962,2476.22,2510.3,0,normal
53,2025-05-14,1192.58,INV004089,1136.07,1124.2,0,normal
51,2025-05-14,3949.7,INV001853,3959.25,3981.26,0,normal
26,2025-05-14,2988.53,INV002835,3115.63,3157.92,0,normal
59,2025-05-14,3519.53,INV000111,3414.0,3461.57,0,normal
14,2025-05-14,2005.61,INV005727,2084.14,2091.37,0,normal
20,2025-05-14,1463.72,INV003242,1580.1,1593.62,0,normal
38,2025-05-14,1037.11,INV003512 ,1001.25,1001.25,1,duplicate
20,2025-05-14,1335.11,INV004723,1369.36,1386.07,0,normal
58,2025-05-14,965.53,INV005405,959.99,964.62,0,normal
44,2025-05-14,1615.23,INV000989,1694.38,1690.79,0,normal
25,2025-05-14,1593.83,INV002964,1579.42,1559.44,0,normal
9,2025-05-14,1118.04,INV000222,1179.88,1186.33,0,normal
7,2025-05-14,1112.96,INV000425,1165.05,1150.47,0,normal
19,2025-05-14,1933.68,INV005999,2010.97,2025.54,0,normal
11,2025-05-15,3638.09,INV005973,3759.01,3741.33,0,normal
7,2025-05-15,1456.16,INV005826,1550.92,1563.39,0,normal
0,2025-05-15,2114.52,INV004833,2247.67,2222.81,0,normal
46,2025-05-15,3630.56,INV000570,3692.35,3724.65,0,normal
1,2025-05-15,646.44,INV002874,661.55,662.01,0,normal
47,2025-05-15,2414.1,INV005817,2363.17,2361.99,0,normal
14,2025-05-15,2397.39,INV000744,2457.48,2477.42,0,normal
55,2025-05-15,1120.58,INV004624,1102.59,1103.34,0,normal
33,2025-05-15,740.81,INV004285,733.31,728.57,0,normal
57,2025-05-15,5659.05,INV005653,5720.69,5673.84,0,normal
14,2025-05-15,2338.13,INV001917,2361.34,2347.28,0,normal
50,2025-05-15,2147.47,INV003828,2120.98,2140.29,0,normal
47,2025-05-15,2069.01,INV005372,2207.73,2188.0,0,normal
56,2025-05-15,1165.69,INV002708,1253.11,1236.77,0,normal
58,2025-05-15,737.32,INV000714,707.12,707.12,1,duplicate
55,2025-05-15,1127.03,INV003727 ,1084.79,1084.79,1,duplicate
4,2025-05-15,434.16,INV005064,443.33,441.88,0,normal
11,2025-05-15,3919.58,INV001406,4195.93,4171.13,0,normal
9,2025-05-16,1026.99,INV002623,1080.01,1085.27,0,normal
20,2025-05-16,1191.37,INV005115,1275.19,1289.37,0,normal
43,2025-05-16,2095.5,INV004696,2119.77,2100.63,0,normal
40,2025-05-16,3378.41,INV002572,3311.64,3311.1,0,normal
49,2025-05-16,1612.19,INV002577,1642.06,1661.44,0,normal
43,2025-05-16,2488.33,INV003689,2548.2,2524.74,0,normal
53,2025-05-16,1522.35,INV001130,1618.25,1600.34,0,normal
45,2025-05-16,1783.09,INV003798,1792.13,1806.86,0,normal
44,2025-05-16,2033.7,INV000494,2142.97,2152.18,0,normal
5,2025-05-16,844.83,INV001298,881.13,868.74,0,normal
9,2025-05-16,872.38,INV001725,835.43,842.41,0,normal
15,2025-05-16,935.79,INV004164,904.42,914.07,0,normal
14,2025-05-16,2580.14,INV000348,2735.57,2771.54,0,normal
50,2025-05-16,1854.92,INV005488,1859.28,1869.91,0,normal
50,2025-05-16,2558.14,INV001716,2744.07,2729.53,0,normal
14,2025-05-16,2275.72,INV003458,2360.88,2361.26,0,normal
49,2025-05-16,1612.19,INV002577,1642.06,2441.02,1,overpayment
44,2025-05-16,2174.17,INV001497,2119.91,2132.67,0,normal
59,2025-05-17,3970.92,INV005642,3867.7,3912.8,0,normal
20,2025-05-17,1297.12,INV001266,1250.13,1257.92,0,normal
51,2025-05-17,3516.39,INV005119,3752.09,3768.8,0,normal
59,2025-05-17,3970.92,INV005642,3867.7,4609.75,1,overpayment
39,2025-05-17,3267.44,INV001448,3171.59,3203.63,0,normal
6,2025-05-17,2002.74,INV004189,2102.21,2084.91,0,normal
56,2025-05-17,1149.61,INV000704,1201.5,1218.46,0,normal
38,2025-05-17,1070.08,INV003163,1087.36,1081.56,0,normal
29,2025-05-17,2286.74,INV001108,2361.01,2370.06,0,normal
2,2025-05-17,4492.5,INV005947,4303.84,4267.69,0,normal
10,2025-05-17,4690.03,INV000440,4893.84,4922.56,0,normal
48,2025-05-17,2136.12,INV003588,2291.06,2275.35,0,normal
30,2025-05-17,11716.17,INV004552,11995.25,12053.03,0,normal
57,2025-05-17,5452.22,INV001565,5422.12,5499.98,0,normal
34,2025-05-18,2891.05,INV001483,2922.57,2922.57,1,duplicate
29,2025-05-18,2075.34,INV004638,2088.84,2088.57,0,normal
32,2025-05-18,1134.08,INV005731,1176.61,1188.26,0,normal
5,2025-05-18,812.43,INV002571,864.02,855.38,0,normal
38,2025-05-18,1056.78,INV003402,1092.13,1095.55,0,normal
51,2025-05-18,3007.93,INV005043,3201.26,3168.34,0,normal
43,2025-05-18,2446.64,INV003896,2606.46,2585.79,0,normal
3,2025-05-18,3629.82,INV002412,3665.72,3611.93,0,normal
0,2025-05-18,1921.76,INV004446,1941.98,1928.91,0,normal
28,2025-05-18,1546.46,INV005747,1489.5,1479.79,0,normal
54,2025-05-18,1152.84,INV004826,1138.14,1145.75,0,normal
4,2025-05-18,382.3,INV000035,412.88,410.01,0,normal
47,2025-05-18,2486.49,INV005437,2595.49,2607.44,0,normal
37,2025-05-19,835.47,INV004376,881.53,880.27,0,normal
42,2025-05-19,1262.15,INV004323,1360.04,1340.44,0,normal
19,2025-05-19,1735.4,INV005772,1854.23,1854.42,0,normal
23,2025-05-19,1597.79,INV002607,1630.56,1619.63,0,normal
13,2025-05-19,4143.18,INV003226,4263.53,4273.8,0,normal
19,2025-05-19,1735.4,INV005772,1854.23,2752.5,1,overpayment
19,2025-05-19,1835.74,INV005526,1787.73,1812.72,0,normal
26,2025-05-19,3076.98,INV000812,3020.41,3065.44,0,normal
52,2025-05-19,581.41,INV001468,620.75,625.14,0,normal
17,2025-05-19,960.62,INV001093,1013.0,1028.07,0,normal
26,2025-05-19,2380.26,INV001833,2270.85,2248.72,0,normal
34,2025-05-19,2825.67,INV005235,3022.8,2999.0,0,normal
15,2025-05-20,846.09,INV005979,852.38,1053.3,1,overpayment
52,2025-05-20,528.49,INV004305,512.97,511.88,0,normal
54,2025-05-20,1020.5,INV002649,1003.82,988.91,0,normal
49,2025-05-20,1488.95,INV002043,1594.73,1604.95,0,normal
32,2025-05-20,1233.65,INV001135,1194.13,1191.26,0,normal
15,2025-05-20,768.75,INV003146,747.32,757.82,0,normal
10,2025-05-20,4017.21,INV001188,3848.77,3905.62,0,normal
28,2025-05-20,3008.81,INV005316,2862.58,2828.08,0,normal
15,2025-05-20,846.09,INV005979,852.38,861.26,0,normal
9,2025-05-20,835.91,INV005954,889.19,876.92,0,normal
36,2025-05-20,1650.51,INV000803,1643.08,1636.98,0,normal
43,2025-05-20,1851.84,INV005259,1870.71,1876.09,0,normal
34,2025-05-20,3234.69,INV003638,3279.36,3308.92,0,normal
3,2025-05-21,3799.62,INV005114,3970.36,3974.93,0,normal
55,2025-05-21,956.28,INV002488,1019.75,1027.69,0,normal
10,2025-05-21,3770.97,INV002003,3921.82,3944.46,0,normal
50,2025-05-21,2189.89,INV004919,2287.23,2295.25,0,normal
28,2025-05-21,2496.72,INV005697,2622.85,2632.25,0,normal
23,2025-05-21,1597.79,INV002630,1592.17,1579.95,0,normal
58,2025-05-21,856.0,INV004119,924.35,921.52,0,normal
7,2025-05-21,1278.83,INV000760,1288.57,1287.2,0,normal
31,2025-05-21,948.84,INV002772,927.87,935.65,0,normal
7,2025-05-21,1308.06,INV004597,1246.72,1256.31,0,normal
45,2025-05-21,1932.82,INV004561,2008.77,2005.77,0,normal
12,2025-05-21,1906.12,INV002229,2000.55,1981.11,0,normal
32,2025-05-22,1554.24,INV000682,1644.03,1647.66,0,normal
10,2025-05-22,2858.15,INV000147,2956.38,2921.07,0,normal
24,2025-05-22,1638.17,INV005528,1581.81,1561.28,0,normal
58,2025-05-22,797.58,INV003892,808.11,816.67,0,normal
54,2025-05-22,753.0,INV003581,757.33,758.48,0,normal
59,2025-05-22,3564.34,INV001583,3731.78,4037.03,1,overpayment
15,2025-05-22,1002.63,INV000934,1017.69,1017.05,0,normal
32,2025-05-22,1197.58,INV003513,1209.0,1206.47,0,normal
30,2025-05-22,10274.16,INV000907,10384.08,10491.95,0,normal
45,2025-05-22,2250.0,INV004539,2269.73,2251.07,0,normal
58,2025-05-22,739.61,INV005847,759.95,763.85,0,normal
56,2025-05-22,885.1,INV001592,882.46,891.7,0,normal
59,2025-05-22,3564.34,INV001583,3731.78,3782.73,0,normal
9,2025-05-22,1000.65,INV005989,984.7,985.78,0,normal
46,2025-05-22,3630.56,INV003382,3450.88,3444.47,0,normal
11,2025-05-22,3392.14,INV005698,3491.03,3466.72,0,normal
15,2025-05-22,1031.76,INV005776,1064.44,1074.32,0,normal
49,2025-05-22,1880.11,INV004490,1912.17,1922.53,0,normal
54,2025-05-23,1162.08,INV001463,1232.11,1222.4,0,normal
26,2025-05-23,2721.17,INV000690,2630.78,2622.49,0,normal
42,2025-05-23,1035.47,INV005037,1020.8,1019.9,0,normal
1,2025-05-23,849.37,INV004260,824.79,836.84,0,normal
31,2025-05-23,1467.46,INV003092,1534.44,1540.0,0,normal
10,2025-05-23,3675.28,INV000929,3626.33,3673.92,0,normal
29,2025-05-23,2809.6,INV003597,2925.57,2918.25,0,normal
10,2025-05-23,2775.06,INV002368,2804.98,2842.7,0,normal
7,2025-05-23,1451.4,INV005416,1489.43,1474.3,0,normal
21,2025-05-23,1230.28,INV002037,1183.92,1201.68,0,normal
53,2025-05-23,1416.66,INV001387,1363.83,1360.93,0,normal
30,2025-05-23,10792.0,INV001051,10271.05,10358.27,0,normal
53,2025-05-23,1646.08,INV001816,1639.79,1647.01,0,normal
27,2025-05-24,2238.86,INV005849,2337.8,2326.73,0,normal
40,2025-05-24,3584.3,INV001084,3800.16,3792.74,0,normal
38,2025-05-24,1055.44,INV001827,1070.86,1067.81,0,normal
12,2025-05-24,1906.12,INV004342,1838.69,1845.73,0,normal
52,2025-05-24,623.77,INV001897,652.54,649.17,0,normal
5,2025-05-24,785.17,INV000455,799.17,799.2,0,normal
12,2025-05-24,1906.12,INV004566,1814.22,1791.23,0,normal
21,2025-05-24,1032.84,INV000753,1012.34,1002.9,0,normal
51,2025-05-24,2520.83,INV003533,2522.73,2517.12,0,normal
5,2025-05-24,701.2,INV005631,753.93,753.22,0,normal
46,2025-05-25,3630.56,INV005355,3882.54,3855.49,0,normal
17,2025-05-25,1051.43,INV004387,1113.06,1104.01,0,normal
31,2025-05-25,1293.28,INV001675,1371.85,1369.22,0,normal
6,2025-05-25,2002.74,INV003252,2000.17,1985.89,0,normal
37,2025-05-25,1094.09,INV002872,1110.61,1114.16,0,normal
10,2025-05-25,3131.05,INV002083,3113.66,3147.24,0,normal
58,2025-05-25,856.45,INV001585,898.4,907.83,0,normal
10,2025-05-25,4064.26,INV003445,4179.52,4203.68,0,normal
7,2025-05-25,1162.3,INV000538,1200.4,1195.74,0,normal
18,2025-05-25,2914.75,INV000064,2837.45,2850.66,0,normal
56,2025-05-25,1614.11,INV004720,1576.4,1584.68,0,normal
32,2025-05-25,1424.32,INV001873,1486.81,1497.92,0,normal
9,2025-05-25,1000.65,INV005989 ,984.7,984.7,1,duplicate
51,2025-05-25,3617.94,INV002395,3904.31,3937.1,0,normal
51,2025-05-25,2932.29,INV004230,2803.18,2761.42,0,normal
59,2025-05-26,3491.63,INV000924,3774.59,3774.59,1,price_variance
27,2025-05-26,3014.58,INV002092,2900.76,2862.06,0,normal
43,2025-05-26,2180.06,INV002724,2304.95,2314.86,0,normal
55,2025-05-26,869.57,INV003843,895.19,886.24,0,normal
15,2025-05-26,864.36,INV002955,870.11,863.07,0,normal
46,2025-05-26,3630.56,INV003299,3477.7,3448.25,0,normal
54,2025-05-26,1134.46,INV003908,1215.41,1210.21,0,normal
18,2025-05-26,3852.6,INV002222,3797.12,3783.22,0,normal
43,2025-05-26,2409.29,INV000492,2335.21,2301.72,0,normal
45,2025-05-26,2278.19,INV003324,2349.4,2339.97,0,normal
57,2025-05-26,5675.7,INV000978,5476.48,5496.71,0,normal
43,2025-05-26,2409.29,INV000492,3552.91,3552.91,1,price_variance
40,2025-05-26,3507.88,INV003145,3442.33,3443.49,0,normal
51,2025-05-26,3571.8,INV003636,3477.75,3521.96,0,normal
19,2025-05-26,1541.23,INV003490,1621.63,1621.42,0,normal
49,2025-05-26,1681.07,INV004617A,1687.45,1687.45,1,duplicate
30,2025-05-26,6811.75,INV002767,7056.23,7119.27,0,normal
59,2025-05-26,3491.63,INV000924,3439.55,3458.18,0,normal
13,2025-05-27,3960.42,INV001300,3797.6,3829.83,0,normal
48,2025-05-27,3486.84,INV004280,3539.0,3569.17,0,normal
6,2025-05-27,2002.74,INV000921,1945.3,1928.0,0,normal
38,2025-05-27,1147.79,INV003430,1114.38,1114.28,0,normal
52,2025-05-27,596.68,INV005883,628.17,626.46,0,normal
4,2025-05-27,420.54,INV003407,412.82,409.16,0,normal
11,2025-05-27,3351.96,INV003149,3596.65,3648.66,0,normal
3,2025-05-27,3579.87,INV000603,3686.53,3717.44,0,normal
57,2025-05-27,4604.17,INV005186,4546.67,4535.99,0,normal
56,2025-05-27,1592.11,INV004771,1628.61,1610.38,0,normal
12,2025-05-27,1906.12,INV001551,1982.47,1990.25,0,normal
57,2025-05-28,5609.78,INV001898,6019.98,6086.35,0,normal
10,2025-05-28,4322.35,INV003272,4637.84,4612.95,0,normal
53,2025-05-28,1440.81,INV005836,1469.45,1465.02,0,normal
35,2025-05-28,4461.22,INV001588,4380.21,4408.88,0,normal
11,2025-05-28,3753.73,INV002309,4044.08,4043.11,0,normal
19,2025-05-28,1620.77,INV001004,1647.31,1668.13,0,normal
41,2025-05-28,3062.04,INV003775,3001.78,3010.05,0,normal
44,2025-05-28,1904.54,INV004424,2006.34,2029.04,0,normal
26,2025-05-28,2816.58,INV005879,2908.02,2930.03,0,normal
56,2025-05-28,1676.45,INV004223,1804.08,1810.63,0,normal
32,2025-05-28,1448.39,INV002091,1483.88,1477.04,0,normal
57,2025-05-28,6484.99,INV005730,6336.07,6365.85,0,normal
52,2025-05-28,445.88,INV003218,441.04,435.65,0,normal
13,2025-05-28,4400.66,INV001632,4454.67,4450.94,0,normal
28,2025-05-28,2065.75,INV004650,2062.62,2053.87,0,normal
34,2025-05-28,2485.15,INV002002,2385.79,2410.8,0,normal
36,2025-05-28,1650.51,INV001280,1777.76,1789.18,0,normal
55,2025-05-28,801.24,INV004185,808.16,803.08,0,normal
22,2025-05-28,4807.98,INV002347,5027.76,4962.3,0,normal
20,2025-05-28,1431.72,INV004532,1470.0,1468.67,0,normal
20,2025-05-28,1431.72,INV004532,2247.46,2247.46,1,price_variance
3,2025-05-28,4351.58,INV002944,4511.88,4516.92,0,normal
26,2025-05-29,2718.32,INV003080,2928.41,2902.13,0,normal
19,2025-05-29,1352.58,INV001907,1380.53,1383.16,0,normal
48,2025-05-29,2488.44,INV000046,2633.89,2615.88,0,normal
48,2025-05-29,2409.67,INV000409,2375.02,2406.68,0,normal
45,2025-05-29,2099.37,INV003994,2032.89,2055.1,0,normal
11,2025-05-29,2718.04,INV002500,2771.26,3864.81,1,overpayment
5,2025-05-29,552.28,INV004221,565.32,567.73,0,normal
55,2025-05-29,1223.46,INV003068,1204.54,1200.21,0,normal
26,2025-05-29,2609.01,INV003374,2791.16,2762.86,0,normal
29,2025-05-29,2264.65,INV004393,2177.25,2198.54,0,normal
11,2025-05-29,2718.04,INV002500,2771.26,2804.29,0,normal
57,2025-05-29,5552.23,INV003595,5822.78,5895.76,0,normal
30,2025-05-30,5671.37,INV002068,5531.37,5582.54,0,normal
51,2025-05-30,3408.58,INV003087,3442.48,3434.03,0,normal
19,2025-05-30,1380.97,INV001190,1425.33,1406.28,0,normal
8,2025-05-30,1377.61,INV000703,1396.28,1395.61,0,normal
28,2025-05-30,2727.31,INV002214,2873.58,2894.62,0,normal
46,2025-05-30,3630.56,INV005252,5462.65,5462.65,1,price_variance
58,2025-05-30,673.23,INV003110,644.28,645.19,0,normal
55,2025-05-30,1260.67,INV005395,1294.64,1302.98,0,normal
4,2025-05-30,380.02,INV003369,392.46,387.93,0,normal
22,2025-05-30,4807.98,INV003706,4714.63,4676.33,0,normal
46,2025-05-30,3630.56,INV005252,3612.95,3566.69,0,normal
23,2025-05-30,1597.79,INV003215,1584.22,1595.97,0,normal
24,2025-05-30,1150.9,INV001772,1164.79,1156.74,0,normal
10,2025-05-30,3740.54,INV002804,3867.54,3893.68,0,normal
4,2025-05-30,347.44,INV002346,354.07,351.53,0,normal
9,2025-05-31,770.87,INV003898,828.51,832.86,0,normal
27,2025-05-31,2294.85,INV005985,2390.19,2392.41,0,normal
10,2025-05-31,2858.15,INV000147-1,2916.26,2916.26,1,duplicate
16,2025-05-31,2050.79,INV000260,2095.27,2069.48,0,normal
59,2025-05-31,4317.37,INV004547,4471.37,4443.63,0,normal
31,2025-05-31,1190.84,INV004304,1236.34,1219.74,0,normal
2,2025-05-31,3039.66,INV004824,3035.9,3024.86,0,normal
53,2025-05-31,1471.09,INV001507,1461.88,1474.13,0,normal
41,2025-05-31,2779.28,INV000568,2688.99,2683.61,0,normal
26,2025-05-31,2519.4,INV001762,2517.69,2481.26,0,normal
56,2025-05-31,1630.97,INV005287,1664.35,1669.57,0,normal
51,2025-05-31,3502.11,INV004936,3438.47,3409.47,0,normal
21,2025-05-31,895.0,INV003937,871.82,861.16,0,normal
44,2025-05-31,2017.31,INV003405,2098.37,2103.19,0,normal
15,2025-05-31,711.67,INV003927,763.84,757.57,0,normal
20,2025-05-31,1519.17,INV002840,1520.31,1516.53,0,normal
9,2025-05-31,499.04,INV005212,514.24,520.8,0,normal
6,2025-05-31,2002.74,INV004733,1973.01,1990.26,0,normal
44,2025-05-31,2094.43,INV002769,2230.7,2263.16,0,normal
13,2025-05-31,3314.35,INV003707,3171.42,3164.58,0,normal
50,2025-05-31,2167.93,INV004958,2181.76,2169.11,0,normal
55,2025-05-31,1172.71,INV002138,1222.95,1224.31,0,normal
23,2025-06-01,1597.79,INV001421,1523.7,1526.87,0,normal
34,2025-06-01,2852.53,INV004476,3068.08,3022.12,0,normal
44,2025-06-01,2186.26,INV000757,2187.39,2166.5,0,normal
57,2025-06-01,5681.78,INV000754,5528.35,5527.29,0,normal
25,2025-06-01,1200.36,INV004083,1237.34,1227.74,0,normal
22,2025-06-01,4807.98,INV001023,5175.81,5135.08,0,normal
59,2025-06-01,3966.73,INV000310,4239.61,4253.74,0,normal
59,2025-06-01,2956.22,INV005357,3169.6,3179.07,0,normal
24,2025-06-01,1315.2,INV004951,1336.16,1337.23,0,normal
16,2025-06-01,2404.86,INV001800,2348.96,2316.85,0,normal
32,2025-06-01,1055.01,INV004458,1053.38,1052.83,0,normal
31,2025-06-01,1080.58,INV002799,1067.66,1081.45,0,normal
20,2025-06-01,1502.23,INV003931,1620.27,1596.38,0,normal
32,2025-06-01,918.9,INV002679,940.56,949.18,0,normal
28,2025-06-01,2229.54,INV005167,2286.42,2282.6,0,normal
25,2025-06-01,1200.36,INV004083,1254.99,1254.99,1,price_variance
8,2025-06-01,1741.3,INV003269,1870.1,1897.99,0,normal
53,2025-06-01,1442.89,INV002055,1486.28,1503.63,0,normal
43,2025-06-01,2991.5,INV001353,3180.81,3164.09,0,normal
33,2025-06-01,925.06,INV003918,991.07,993.61,0,normal
28,2025-06-01,2490.11,INV003411,2570.58,2549.15,0,normal
56,2025-06-02,1963.94,INV003196,1954.1,1982.38,0,normal
13,2025-06-02,4153.51,INV000167,4484.6,4487.21,0,normal
17,2025-06-02,965.18,INV001071,974.17,980.78,0,normal
50,2025-06-02,2885.11,INV005077,2975.4,2999.37,0,normal
34,2025-06-02,2139.2,INV001515,2152.97,2140.22,0,normal
45,2025-06-02,1991.84,INV005390,2078.9,2083.9,0,normal
18,2025-06-02,2755.2,INV004250,2676.98,2714.02,0,normal
34,2025-06-02,3115.31,INV002830,3217.66,3263.8,0,normal
58,2025-06-02,926.69,INV001322,957.38,950.91,0,normal
56,2025-06-02,1339.28,INV003065,1320.26,1324.48,0,normal
26,2025-06-02,2325.93,INV001398,2246.25,2220.18,0,normal
30,2025-06-02,11468.69,INV004471,11869.85,11756.1,0,normal
11,2025-06-02,3478.15,INV005026,3610.87,3573.73,0,normal
40,2025-06-02,3006.82,INV003921,3039.78,3060.99,0,normal
43,2025-06-03,2320.31,INV001087,2389.71,2412.16,0,normal
58,2025-06-03,789.79,INV003844,776.43,783.82,0,normal
19,2025-06-03,1412.53,INV005672,1519.43,1527.39,0,normal
0,2025-06-03,2174.98,INV003859,2149.89,2154.84,0,normal
26,2025-06-03,3083.06,INV001901,3268.67,3260.27,0,normal
22,2025-06-03,4807.98,INV000331,5056.97,5046.36,0,normal
50,2025-06-03,1602.08,INV000848,1548.4,1534.7,0,normal
14,2025-06-03,3074.62,INV003190,3184.76,3146.44,0,normal
4,2025-06-03,409.66,INV005017,407.14,411.21,0,normal
20,2025-06-03,1805.85,INV004068,1738.0,1735.98,0,normal
30,2025-06-03,10849.27,INV003132,11088.87,10970.97,0,normal
47,2025-06-03,1981.53,INV003148,1920.09,1918.5,0,normal
18,2025-06-03,3815.85,INV001534,3940.71,3902.89,0,normal
10,2025-06-03,5459.04,INV001160,5746.87,5800.73,0,normal
17,2025-06-03,841.82,INV005125,880.81,885.57,0,normal
46,2025-06-03,3630.56,INV002677,3816.99,3826.21,0,normal
17,2025-06-03,1051.43,INV004387-1,1113.06,1113.06,1,duplicate
53,2025-06-03,1541.42,INV005021,1659.82,1666.77,0,normal
20,2025-06-03,1771.42,INV002246,1698.31,1697.75,0,normal
10,2025-06-04,3007.33,INV002289,2971.91,2935.93,0,normal
28,2025-06-04,2015.42,INV005816,2042.05,2025.1,0,normal
49,2025-06-04,2090.67,INV003978,2245.01,2219.15,0,normal
18,2025-06-04,3631.11,INV000910,3526.71,3550.07,0,normal
50,2025-06-04,2233.16,INV001688,2250.95,2278.15,0,normal
27,2025-06-04,2519.24,INV001802,2518.29,2482.09,0,normal
30,2025-06-04,9787.54,INV002714,10252.05,10343.14,0,normal
31,2025-06-04,1407.37,INV001147,1358.26,1363.41,0,normal
47,2025-06-04,2380.06,INV004271,2511.28,2530.41,0,normal
4,2025-06-04,361.31,INV005900,378.06,375.62,0,normal
8,2025-06-04,1633.97,INV000507,1680.33,1689.51,0,normal
10,2025-06-04,2455.55,INV001457,2528.55,2563.57,0,normal
9,2025-06-04,914.77,INV002004,942.84,955.44,0,normal
11,2025-06-04,3657.77,INV001418,3505.5,3483.02,0,normal
30,2025-06-04,9787.54,INV002714,10252.05,14515.51,1,overpayment
45,2025-06-04,2515.87,INV001739,2578.91,2597.54,0,normal
32,2025-06-04,1581.48,INV001874,1601.31,1588.07,0,normal
34,2025-06-05,2907.29,INV002508,2882.71,2908.95,0,normal
10,2025-06-05,2848.2,INV000017,2902.55,2874.4,0,normal
38,2025-06-05,1331.62,INV005835,1304.78,1320.0,0,normal
32,2025-06-05,1023.27,INV005464,1064.36,1054.82,0,normal
47,2025-06-05,2139.44,INV003140,2139.81,2143.85,0,normal
10,2025-06-05,2848.2,INV000017,3074.97,3074.97,1,price_variance
3,2025-06-05,3631.53,INV004273,3588.0,3620.85,0,normal
59,2025-06-05,3791.2,INV004377,3673.98,3661.45,0,normal
19,2025-06-05,1442.23,INV004623,1470.04,1451.42,0,normal
34,2025-06-05,2866.66,INV003439,3062.59,3031.45,0,normal
5,2025-06-05,691.06,INV001286,683.19,683.5,0,normal
31,2025-06-05,1192.87,INV001784,1176.08,1179.83,0,normal
59,2025-06-05,3629.08,INV002930,3602.32,3622.77,0,normal
1,2025-06-05,831.65,INV001121,814.02,812.01,0,normal
23,2025-06-05,1597.79,INV002046,1723.06,1709.85,0,normal
46,2025-06-05,3630.56,INV004937,3634.72,3669.11,0,normal
55,2025-06-05,1508.04,INV004486,1618.74,1621.95,0,normal
31,2025-06-05,1297.66,INV001657,1288.67,1270.97,0,normal
40,2025-06-06,3663.22,INV000614,3668.96,3673.76,0,normal
56,2025-06-06,1379.92,INV003443,1423.99,1410.72,0,normal
17,2025-06-06,786.26,INV001155,836.99,836.39,0,normal
31,2025-06-06,1303.16,INV000770,1297.48,1307.57,0,normal
15,2025-06-06,890.01,INV005948,849.09,842.39,0,normal
39,2025-06-06,2934.78,INV004973,2985.25,3009.71,0,normal
24,2025-06-06,1331.19,INV003171,1425.45,1408.75,0,normal
22,2025-06-06,4807.98,INV004801,5073.0,5127.34,0,normal
17,2025-06-06,758.07,INV003144,808.31,797.34,0,normal
47,2025-06-06,2646.51,INV000710,2650.09,2621.86,0,normal
3,2025-06-06,4079.57,INV001556,4320.18,4304.43,0,normal
33,2025-06-06,1094.27,INV004204,1147.71,1157.79,0,normal
0,2025-06-06,2654.24,INV003810,2669.62,2639.09,0,normal
49,2025-06-06,1718.79,INV003385,1744.78,1762.93,0,normal
52,2025-06-06,602.69,INV001389,635.01,633.35,0,normal
6,2025-06-06,2002.74,INV004966,2044.67,2032.23,0,normal
15,2025-06-06,948.81,INV004489,925.77,935.12,0,normal
52,2025-06-06,602.69,INV001389,635.01,752.31,1,overpayment
18,2025-06-06,3172.13,INV003452,3307.39,3292.69,0,normal
43,2025-06-06,2171.33,INV000874,2325.47,2345.87,0,normal
5,2025-06-06,661.72,INV002021,692.7,696.7,0,normal
38,2025-06-06,921.25,INV005965,881.37,876.28,0,normal
53,2025-06-07,1377.14,INV005857,1374.38,1369.43,0,normal
33,2025-06-07,1117.43,INV001693,1203.05,1211.07,0,normal
16,2025-06-07,2049.86,INV004001,2202.97,2220.12,0,normal
11,2025-06-07,2717.89,INV003668,2640.79,2655.25,0,normal
57,2025-06-07,6281.88,INV001203,6521.14,6443.5,0,normal
55,2025-06-07,1017.89,INV003360,1020.83,1009.99,0,normal
6,2025-06-07,2002.74,INV002789,2123.46,2125.48,0,normal
31,2025-06-07,1321.56,INV001054,1306.42,1292.85,0,normal
57,2025-06-07,6281.88,INV001203,6695.28,6695.28,1,price_variance
46,2025-06-07,3630.56,INV002978,3583.23,3633.16,0,normal
42,2025-06-07,896.88,INV003309,881.29,883.11,0,normal
18,2025-06-07,2707.98,INV000707,2592.31,2594.51,0,normal
33,2025-06-07,1007.0,INV001595,1076.17,1083.19,0,normal
20,2025-06-07,1910.92,INV002495,1883.87,1906.44,0,normal
31,2025-06-07,742.93,INV005665,743.2,749.44,0,normal
31,2025-06-07,1230.03,INV005272,1207.07,1216.39,0,normal
7,2025-06-07,1664.07,INV001385,1715.7,1735.02,0,normal
21,2025-06-07,874.8,INV000807,837.74,847.5,0,normal
51,2025-06-07,2932.29,INV004230 ,2782.45,2782.45,1,duplicate
7,2025-06-08,1490.63,INV003042,1766.19,1766.19,1,price_variance
18,2025-06-08,3377.31,INV004202,3234.5,3270.21,0,normal
6,2025-06-08,2002.74,INV000335,2151.73,2131.21,0,normal
18,2025-06-08,3504.19,INV003497,3651.32,3648.26,0,normal
40,2025-06-08,4139.92,INV001728,4052.13,4044.27,0,normal
28,2025-06-08,2773.84,INV000399,2978.85,3204.38,1,overpayment
11,2025-06-08,3124.62,INV002949,3273.85,3292.87,0,normal
27,2025-06-08,2847.1,INV000588,2933.38,2898.2,0,normal
2,2025-06-08,3370.38,INV003882,3637.93,3609.58,0,normal
21,2025-06-08,1014.04,INV001808,1061.39,1046.82,0,normal
6,2025-06-08,2002.74,INV004672,2040.68,2042.47,0,normal
7,2025-06-08,1490.63,INV003042,1463.92,1484.37,0,normal
49,2025-06-08,1977.09,INV004842,2132.22,2149.79,0,normal
48,2025-06-08,3204.42,INV003809,3061.05,3052.84,0,normal
42,2025-06-08,841.46,INV001910,828.39,839.89,0,normal
39,2025-06-08,3308.13,INV005053,3360.78,3396.51,0,normal
29,2025-06-08,2668.35,INV002053,2866.16,2903.63,0,normal
24,2025-06-08,1430.45,INV001474,1509.16,1513.48,0,normal
28,2025-06-08,2773.84,INV000399,2978.85,2985.73,0,normal
3,2025-06-08,3948.51,INV002280,4252.72,4236.28,0,normal
42,2025-06-08,1304.91,INV003920,1365.11,1367.86,0,normal
35,2025-06-08,4461.22,INV004545,4600.54,4660.14,0,normal
47,2025-06-08,2387.71,INV005854,2285.89,2305.54,0,normal
24,2025-06-09,1363.43,INV003373,1429.01,1972.44,1,overpayment
36,2025-06-09,1650.51,INV003357,1612.76,1619.84,0,normal
30,2025-06-09,9640.62,INV000384,10280.16,10246.76,0,normal
23,2025-06-09,1597.79,INV003084,1717.17,1716.82,0,normal
22,2025-06-09,4807.98,INV003795,5127.44,5196.96,0,normal
22,2025-06-09,4807.98,INV004233,4636.04,4703.94,0,normal
24,2025-06-09,1363.43,INV003373,1429.01,1420.43,0,normal
5,2025-06-09,507.43,INV004984,503.05,509.4,0,normal
34,2025-06-09,2871.88,INV004413,2921.22,2901.96,0,normal
18,2025-06-09,3640.05,INV001942,3802.3,3843.79,0,normal
52,2025-06-09,564.22,INV001471,567.87,564.71,0,normal
51,2025-06-09,2719.06,INV001908,2857.95,2848.12,0,normal
5,2025-06-09,795.07,INV002061,844.54,851.63,0,normal
55,2025-06-09,1007.95,INV001434,1000.97,994.36,0,normal
28,2025-06-09,2238.44,INV003182,2203.95,2222.52,0,normal
59,2025-06-09,3325.43,INV002904,3243.65,3236.33,0,normal
20,2025-06-09,1575.82,INV004538,1597.61,1592.93,0,normal
37,2025-06-09,949.52,INV000955,1017.63,1030.4,0,normal
11,2025-06-10,2859.21,INV004989,2952.01,2935.62,0,normal
34,2025-06-10,3139.39,INV002492,3341.51,3353.62,0,normal
7,2025-06-10,1259.24,INV000533,1227.97,1219.8,0,normal
20,2025-06-10,1630.33,INV004009,1756.17,1738.54,0,normal
26,2025-06-10,3021.73,INV001173,3196.27,3230.82,0,normal
54,2025-06-10,1462.87,INV001856,1394.16,1375.9,0,normal
44,2025-06-10,1915.19,INV000560,1888.5,1896.01,0,normal
36,2025-06-10,1650.51,INV003172,1740.34,1727.12,0,normal
6,2025-06-10,2002.74,INV001044,1956.17,1945.12,0,normal
12,2025-06-10,1906.12,INV003438,1839.64,1835.32,0,normal
8,2025-06-10,2050.87,INV005510,2061.3,2041.83,0,normal
53,2025-06-10,1189.27,INV000495,1165.96,1165.43,0,normal
53,2025-06-10,1589.41,INV003767,1639.25,1653.27,0,normal
27,2025-06-10,2637.53,INV001960,2614.63,2636.16,0,normal
58,2025-06-10,1100.41,INV000988,1065.26,1052.76,0,normal
34,2025-06-10,2838.29,INV001427,2841.39,2810.08,0,normal
8,2025-06-10,1746.73,INV000217,1878.76,1891.14,0,normal
49,2025-06-10,2246.1,INV001719,2308.88,2286.56,0,normal
9,2025-06-10,869.32,INV002547,891.05,878.82,0,normal
21,2025-06-10,1220.13,INV001956,1264.13,1272.54,0,normal
24,2025-06-10,1159.81,INV000697,1247.73,1254.73,0,normal
17,2025-06-10,768.93,INV000964,765.93,767.76,0,normal
32,2025-06-10,750.11,INV000632,724.22,715.85,0,normal
26,2025-06-10,3021.73,INV001173,3512.19,3512.19,1,price_variance
7,2025-06-10,1106.68,INV003285,1130.98,1146.12,0,normal
46,2025-06-10,3630.56,INV003184,3611.49,3651.08,0,normal
4,2025-06-11,368.53,INV002550,362.91,367.34,0,normal
5,2025-06-11,374.78,INV001837,401.11,396.51,0,normal
44,2025-06-11,1741.6,INV003249,1673.92,1697.12,0,normal
7,2025-06-11,1256.09,INV002454,1200.73,1185.55,0,normal
9,2025-06-11,1041.51,INV004797,1044.04,1032.38,0,normal
4,2025-06-11,418.51,INV004149,405.95,405.13,0,normal
14,2025-06-11,2834.99,INV001464,3058.99,3065.63,0,normal
54,2025-06-11,1135.15,INV002388,1174.49,1157.68,0,normal
54,2025-06-11,1360.57,INV004792,1343.45,1357.99,0,normal
41,2025-06-11,3053.21,INV000630,3228.87,3239.52,0,normal
24,2025-06-11,1203.5,INV001235,1184.37,1168.73,0,normal
33,2025-06-11,885.95,INV003541,891.05,898.55,0,normal
31,2025-06-11,1102.76,INV003493,1114.85,1120.11,0,normal
24,2025-06-11,1074.17,INV000717,1041.32,1029.51,0,normal
15,2025-06-11,842.72,INV004207,839.97,830.71,0,normal
52,2025-06-11,651.34,INV004997,647.77,655.01,0,normal
43,2025-06-11,2126.99,INV004619,2080.26,2077.8,0,normal
36,2025-06-12,1650.51,INV000936,1747.1,1752.78,0,normal
33,2025-06-12,900.44,INV000784,946.57,956.26,0,normal
11,2025-06-12,4418.52,INV005472,4291.06,4286.35,0,normal
56,2025-06-12,1502.54,INV002386,1590.82,1603.15,0,normal
5,2025-06-12,660.73,INV002349,628.69,740.29,1,overpayment
25,2025-06-12,1110.15,INV005059,1057.47,1057.6,0,normal
0,2025-06-12,2576.08,INV004116,2548.11,2574.46,0,normal
49,2025-06-12,2267.92,INV000360,2383.92,2406.48,0,normal
14,2025-06-12,1893.95,INV003350,1899.14,1881.89,0,normal
59,2025-06-12,3862.22,INV003159,4000.52,4059.09,0,normal
35,2025-06-12,4461.22,INV004655,4393.37,4446.84,0,normal
15,2025-06-12,893.01,INV004264,907.74,910.51,0,normal
5,2025-06-12,660.73,INV002349,628.69,631.03,0,normal
46,2025-06-12,3630.56,INV000903,3583.68,3604.98,0,normal
46,2025-06-12,3630.56,INV002756,3856.97,3897.61,0,normal
14,2025-06-12,2318.6,INV005790,2281.89,2315.75,0,normal
59,2025-06-13,3139.96,INV002993,3048.44,3053.65,0,normal
51,2025-06-13,2276.06,INV003019,2401.5,2406.16,0,normal
36,2025-06-13,1650.51,INV001628,1600.97,1583.83,0,normal
48,2025-06-13,3052.23,INV000842,3184.48,3199.2,0,normal
5,2025-06-13,545.8,INV004187,527.45,521.47,0,normal
49,2025-06-13,2161.36,INV000622,2296.79,2302.78,0,normal
52,2025-06-13,595.69,INV005552,599.11,596.67,0,normal
5,2025-06-13,535.16,INV003098,528.59,521.84,0,normal
36,2025-06-13,1650.51,INV004926,1776.18,1791.14,0,normal
1,2025-06-13,814.41,INV003197,811.55,816.29,0,normal
18,2025-06-13,2881.19,INV005170,2800.41,2764.45,0,normal
18,2025-06-13,2790.98,INV004422,2877.26,2846.21,0,normal
42,2025-06-13,1073.73,INV004339,1066.29,1075.23,0,normal
15,2025-06-13,885.07,INV002173,845.96,843.03,0,normal
25,2025-06-13,1652.83,INV000228,1616.48,1599.57,0,normal
51,2025-06-13,2541.19,INV001220,2468.01,2437.03,0,normal
55,2025-06-13,1216.53,INV002716,1245.21,1249.25,0,normal
8,2025-06-13,1145.43,INV001863,1183.59,1192.69,0,normal
18,2025-06-13,3047.82,INV001882,3209.4,3239.98,0,normal
28,2025-06-13,2365.31,INV000699,2293.07,2269.12,0,normal
52,2025-06-13,449.44,INV003303,459.98,463.28,0,normal
14,2025-06-14,2513.89,INV001261,2565.13,2528.74,0,normal
55,2025-06-14,1088.44,INV000424,1099.57,1090.74,0,normal
42,2025-06-14,751.99,INV004962,740.06,746.09,0,normal
33,2025-06-14,914.86,INV002181,884.04,882.69,0,normal
59,2025-06-14,2991.54,INV001001,2929.65,2942.77,0,normal
59,2025-06-14,3894.22,INV000446,3778.35,3747.52,0,normal
18,2025-06-14,4912.83,INV004132,5294.19,5238.93,0,normal
11,2025-06-14,3062.85,INV004711,3264.97,3279.37,0,normal
15,2025-06-14,780.97,INV003074,743.48,752.05,0,normal
15,2025-06-14,1166.21,INV003942,1218.41,1219.22,0,normal
26,2025-06-14,3134.19,INV002073,3003.56,2968.32,0,normal
59,2025-06-14,4531.62,INV004177,4590.41,5180.76,1,overpayment
46,2025-06-14,3630.56,INV004802,3716.77,3747.26,0,normal
42,2025-06-14,1046.29,INV003967,1026.93,1012.26,0,normal
55,2025-06-14,974.42,INV003398,1023.64,1033.69,0,normal
59,2025-06-14,4531.62,INV004177,4590.41,4528.05,0,normal
34,2025-06-14,3569.88,INV000677,3745.61,3718.74,0,normal
20,2025-06-14,1419.78,INV001915,1450.04,1457.57,0,normal
52,2025-06-15,625.61,INV003336,622.74,690.82,1,overpayment
17,2025-06-15,785.83,INV004855,789.39,798.28,0,normal
55,2025-06-15,1091.89,INV004978,1038.71,1042.99,0,normal
50,2025-06-15,2258.08,INV001791,2424.3,2447.62,0,normal
16,2025-06-15,2977.77,INV003901,3070.37,3035.96,0,normal
24,2025-06-15,1571.97,INV000003,1640.79,1638.28,0,normal
19,2025-06-15,1835.74,INV005526A,1757.19,1757.19,1,duplicate
7,2025-06-15,1195.15,INV003060,1229.83,1227.19,0,normal
56,2025-06-15,1825.88,INV002450,1877.4,1873.16,0,normal
24,2025-06-15,1571.97,INV000003,1640.79,2041.5,1,overpayment
58,2025-06-15,1045.1,INV005404,1023.16,1024.35,0,normal
30,2025-06-15,9852.94,INV003131,10454.07,10348.55,0,normal
52,2025-06-15,625.61,INV003336,622.74,621.08,0,normal
40,2025-06-15,3909.2,INV001368,3945.98,3979.27,0,normal
10,2025-06-15,3511.98,INV004828,3647.71,3618.63,0,normal
52,2025-06-15,703.92,INV004776,682.19,685.01,0,normal
22,2025-06-15,4807.98,INV005837,5056.25,5094.59,0,normal
46,2025-06-15,3630.56,INV003081,3706.94,3749.1,0,normal
27,2025-06-15,2657.45,INV003736,2642.48,2640.48,0,normal
55,2025-06-15,1347.05,INV002956,1415.15,1427.57,0,normal
0,2025-06-15,1931.92,INV001751,2033.06,2024.69,0,normal
46,2025-06-16,3630.56,INV005659,3562.28,3520.64,0,normal
57,2025-06-16,7314.63,INV002759,7761.98,7801.25,0,normal
3,2025-06-16,3821.27,INV005819,4073.5,4084.66,0,normal
49,2025-06-16,2616.44,INV005757,2706.92,2687.21,0,normal
2,2025-06-16,3342.92,INV002636,3224.03,3235.53,0,normal
24,2025-06-16,1246.73,INV004073,1305.25,1306.96,0,normal
37,2025-06-16,1297.41,INV003574,1356.4,1355.96,0,normal
24,2025-06-16,1312.33,INV003240,1409.96,1406.2,0,normal
8,2025-06-16,2066.72,INV004592,2131.33,2120.62,0,normal
44,2025-06-16,2132.17,INV004533,2218.21,2200.85,0,normal
22,2025-06-16,4807.98,INV000513,4860.74,4874.33,0,normal
55,2025-06-17,1178.26,INV002248,1260.87,1254.4,0,normal
27,2025-06-17,1993.83,INV002262,2101.77,2083.12,0,normal
8,2025-06-17,1823.08,INV005661,1951.82,1952.12,0,normal
3,2025-06-17,4752.06,INV003372,5059.16,5074.63,0,normal
25,2025-06-17,1495.39,INV002717,1594.21,1593.48,0,normal
22,2025-06-17,4807.98,INV002766,4859.0,4866.99,0,normal
5,2025-06-17,656.83,INV002095,636.4,630.36,0,normal
53,2025-06-17,1559.16,INV001570,1489.79,1509.35,0,normal
28,2025-06-17,2666.18,INV000856,2861.24,2843.81,0,normal
34,2025-06-17,3300.17,INV002647,3315.43,3289.64,0,normal
11,2025-06-17,3788.97,INV004163,3949.95,3983.78,0,normal
25,2025-06-18,1365.82,INV002763,1442.33,1443.5,0,normal
41,2025-06-18,2860.81,INV003363,2731.9,2766.46,0,normal
36,2025-06-18,1650.51,INV003178,1700.07,1698.41,0,normal
31,2025-06-18,1306.29,INV002232,1392.47,1410.95,0,normal
11,2025-06-18,2780.7,INV002854,2833.38,2809.32,0,normal
43,2025-06-18,2245.75,INV005828,2241.82,2217.81,0,normal
12,2025-06-18,1906.12,INV005445,1945.71,2236.41,1,overpayment
55,2025-06-18,1152.22,INV004744,1123.28,1138.3,0,normal
12,2025-06-18,1906.12,INV005445,1945.71,1928.73,0,normal
14,2025-06-18,2133.8,INV002242,2274.83,2307.49,0,normal
36,2025-06-18,1650.51,INV003178,1700.07,2402.97,1,overpayment
23,2025-06-18,1597.79,INV004245,1576.59,1576.04,0,normal
13,2025-06-19,4077.9,INV003469,4094.93,4100.31,0,normal
27,2025-06-19,1679.55,INV003709,1660.55,1657.0,0,normal
59,2025-06-19,4173.07,INV005994,4129.5,4135.45,0,normal
10,2025-06-19,3576.53,INV003579,3645.46,3670.26,0,normal
5,2025-06-19,806.45,INV000336,810.41,805.95,0,normal
23,2025-06-19,1597.79,INV005335,1528.45,1529.92,0,normal
17,2025-06-19,642.63,INV001238,946.18,946.18,1,price_variance
49,2025-06-19,1961.9,INV002271,2012.47,2005.77,0,normal
22,2025-06-19,4807.98,INV004690,5084.26,5133.61,0,normal
17,2025-06-19,642.63,INV001238,669.56,677.17,0,normal
22,2025-06-19,4807.98,INV005565,4712.92,4731.52,0,normal
38,2025-06-19,1093.71,INV005321,1096.44,1091.04,0,normal
23,2025-06-19,1597.79,INV005796,1608.92,1585.95,0,normal
22,2025-06-19,4807.98,INV004690,5084.26,6004.98,1,overpayment
40,2025-06-19,2125.77,INV001265,2222.85,2202.13,0,normal
48,2025-06-19,3661.94,INV003055,3828.12,5478.59,1,overpayment
48,2025-06-19,3661.94,INV003055,3828.12,3809.09,0,normal
59,2025-06-19,4042.85,INV005597,3884.5,3909.78,0,normal
2,2025-06-19,2901.0,INV000774,3018.58,3032.48,0,normal
28,2025-06-19,1695.81,INV001523,1796.09,1773.47,0,normal
0,2025-06-19,2774.17,INV004543,2683.41,2659.87,0,normal
3,2025-06-20,3316.22,INV001731,3390.89,3407.85,0,normal
11,2025-06-20,3847.47,INV002565,4079.35,4114.13,0,normal
56,2025-06-20,1686.33,INV001924,1636.14,1652.33,0,normal
56,2025-06-20,1190.32,INV000074,1206.54,1205.64,0,normal
54,2025-06-20,1015.51,INV005742,1012.31,1002.44,0,normal
24,2025-06-20,1430.65,INV003310,1536.13,1531.58,0,normal
27,2025-06-20,2377.72,INV003802,2373.18,2350.51,0,normal
12,2025-06-20,1906.12,INV001495,2043.6,2020.36,0,normal
35,2025-06-20,4461.22,INV000210,4363.18,4397.7,0,normal
34,2025-06-20,2731.57,INV001520,2945.05,2962.77,0,normal
58,2025-06-20,983.14,INV000702,1032.14,1022.46,0,normal
7,2025-06-20,1419.91,INV004781,1374.96,1364.53,0,normal
12,2025-06-20,1906.12,INV005846,1921.78,1913.5,0,normal
29,2025-06-20,2465.74,INV004762,2598.52,2609.42,0,normal
21,2025-06-20,1124.97,INV002196,1107.76,1116.5,0,normal
22,2025-06-20,4807.98,INV002983,5125.04,5132.18,0,normal
22,2025-06-20,4807.98,INV004916,5032.51,5009.79,0,normal
26,2025-06-20,3209.86,INV000040,3238.92,3202.89,0,normal
3,2025-06-21,4687.71,INV001734,4602.34,4644.73,1,overpayment
8,2025-06-21,1759.89,INV001962,1890.13,1911.06,0,normal
40,2025-06-21,4037.17,INV001423,4006.13,3995.71,0,normal
30,2025-06-21,10738.21,INV003176,10906.13,10787.35,0,normal
8,2025-06-21,2159.58,INV000942,2124.45,2132.7,0,normal
39,2025-06-21,2540.81,INV005490,2526.63,2503.14,0,normal
44,2025-06-21,2085.73,INV001477,2237.82,2227.07,0,normal
8,2025-06-21,1759.89,INV001962,1890.13,1997.56,1,overpayment
58,2025-06-21,1069.27,INV005476,1110.75,1104.14,0,normal
4,2025-06-21,445.54,INV005285,434.47,429.76,0,normal
27,2025-06-21,2046.62,INV002220,2123.81,2112.65,0,normal
26,2025-06-21,3254.55,INV000847,3430.45,3464.76,0,normal
20,2025-06-21,2105.93,INV003751,2197.31,2206.07,0,normal
6,2025-06-21,2002.74,INV004587,1944.31,1963.81,0,normal
3,2025-06-21,4687.71,INV001734,4602.34,4645.47,0,normal
29,2025-06-21,3030.21,INV001304,3169.88,3178.59,0,normal
22,2025-06-22,4807.98,INV005433,4873.24,4903.14,0,normal
37,2025-06-22,893.82,INV003364,912.9,910.34,0,normal
14,2025-06-22,2779.06,INV000372,2798.82,2759.64,0,normal
47,2025-06-22,1879.03,INV003137,2019.84,2042.6,0,normal
26,2025-06-22,2600.56,INV000678,2588.19,2626.72,0,normal
46,2025-06-22,3630.56,INV004061,3543.76,3572.27,0,normal
44,2025-06-22,2302.47,INV005646,2382.71,2406.71,0,normal
28,2025-06-22,2298.89,INV003041,2425.92,2428.77,0,normal
25,2025-06-22,1550.6,INV005502,1558.36,1547.54,0,normal
19,2025-06-22,1613.71,INV002062,1603.58,1601.05,0,normal
9,2025-06-22,1002.81,INV005988,990.11,982.17,0,normal
12,2025-06-22,1906.12,INV002357,1911.6,1933.17,0,normal
23,2025-06-22,1597.79,INV000821,1576.42,1587.35,0,normal
59,2025-06-22,3981.84,INV003540,4075.47,4103.77,0,normal
57,2025-06-22,5088.22,INV002298,5034.0,5008.39,0,normal
57,2025-06-22,7755.47,INV003400,7957.04,8069.41,0,normal
25,2025-06-22,1734.18,INV000255,1763.09,1774.36,0,normal
51,2025-06-22,3203.41,INV000584,3266.19,3287.61,1,overpayment
51,2025-06-22,2101.01,INV002862,2214.18,2212.6,0,normal
57,2025-06-22,5333.7,INV001024,5519.82,5578.49,0,normal
35,2025-06-22,4461.22,INV004296,4546.52,4607.08,0,normal
51,2025-06-22,3203.41,INV000584,3266.19,3260.73,0,normal
3,2025-06-22,4510.46,INV005408,4674.6,4646.6,0,normal
59,2025-06-22,4046.45,INV002523,3903.13,3917.09,0,normal
35,2025-06-22,4461.22,INV004545-1,4600.54,4600.54,1,duplicate
3,2025-06-22,4510.46,INV005408,4674.6,6610.05,1,overpayment
21,2025-06-23,1131.24,INV002241,1146.47,1133.3,0,normal
13,2025-06-23,3756.24,INV003910,3606.25,3618.4,0,normal
24,2025-06-23,1277.68,INV000946,1361.95,1374.95,0,normal
57,2025-06-23,7018.15,INV002423,7026.7,6935.97,0,normal
48,2025-06-23,2207.87,INV004970,2350.94,2364.46,0,normal
44,2025-06-23,2097.89,INV000358,2261.32,2282.48,0,normal
15,2025-06-23,937.38,INV005702,1000.34,1009.84,0,normal
52,2025-06-23,692.93,INV001579,668.48,663.84,0,normal
57,2025-06-23,5540.66,INV001195,5360.55,5341.28,0,normal
24,2025-06-23,1188.51,INV002045,1170.34,1160.14,0,normal
29,2025-06-23,2073.06,INV000318,2095.78,2085.41,0,normal
50,2025-06-23,1777.47,INV004646,1895.07,1889.18,0,normal
9,2025-06-23,931.2,INV002063,940.28,951.82,0,normal
36,2025-06-23,1650.51,INV003650,1703.96,1711.1,0,normal
0,2025-06-23,2353.31,INV002858,2363.66,2382.78,0,normal
36,2025-06-23,1650.51,INV001417,1683.26,1689.42,0,normal
11,2025-06-23,3417.18,INV002570,3497.38,3456.2,0,normal
57,2025-06-23,4663.42,INV004955,4623.37,4595.7,0,normal
11,2025-06-23,3417.18,INV002570,4416.56,4416.56,1,price_variance
53,2025-06-23,1017.65,INV004456,1003.21,1002.1,0,normal
12,2025-06-23,1906.12,INV002489,1858.19,1859.7,0,normal
36,2025-06-23,1650.51,INV004818,1613.72,1599.67,0,normal
39,2025-06-23,2358.5,INV004770,2254.87,2275.86,0,normal
34,2025-06-23,3119.11,INV002990,3025.45,3026.16,0,normal
7,2025-06-23,1354.93,INV003268,1337.52,1340.95,0,normal
13,2025-06-23,3449.49,INV003605,3491.84,3527.45,0,normal
58,2025-06-23,810.4,INV001230,851.83,859.58,0,normal
10,2025-06-24,3852.25,INV000104,4108.79,4093.66,0,normal
47,2025-06-24,2471.21,INV003151,2603.43,2624.53,0,normal
36,2025-06-24,1650.51,INV005400,1611.01,1623.0,0,normal
22,2025-06-24,4807.98,INV002299,4890.6,4962.34,0,normal
17,2025-06-24,859.31,INV003351,873.36,874.41,0,normal
18,2025-06-24,4282.28,INV000554,4274.59,4327.04,0,normal
48,2025-06-24,2635.57,INV003156,2787.83,2811.88,0,normal
8,2025-06-24,1911.57,INV000283,1923.19,1941.59,0,normal
10,2025-06-24,4088.38,INV005606,3987.36,3936.65,0,normal
51,2025-06-24,2698.33,INV002749,2617.11,2624.9,0,normal
11,2025-06-24,3583.58,INV004630,3557.86,3515.66,0,normal
10,2025-06-24,4057.55,INV003012,4212.66,4189.53,0,normal
32,2025-06-24,1053.53,INV004257,1067.18,1059.63,0,normal
41,2025-06-24,2638.03,INV002011,2808.75,2766.8,0,normal
22,2025-06-24,4807.98,INV005980,4595.99,4534.64,0,normal
13,2025-06-24,3536.07,INV005507,3485.45,3475.95,0,normal
11,2025-06-24,4214.56,INV001278,4497.74,4507.81,0,normal
41,2025-06-24,2332.14,INV001936,2310.69,2280.8,0,normal
46,2025-06-24,3630.56,INV000353,3523.82,3529.4,0,normal
29,2025-06-24,2324.11,INV005530,2221.78,2188.73,0,normal
55,2025-06-24,1230.79,INV004023,1285.5,1280.13,0,normal
51,2025-06-24,3668.09,INV001080,3530.71,3532.94,0,normal
44,2025-06-25,1523.49,INV001813,1538.72,1522.69,0,normal
19,2025-06-25,1799.76,INV004832,1732.41,1726.94,0,normal
23,2025-06-25,1597.79,INV000849,1604.16,1585.89,0,normal
17,2025-06-25,636.59,INV003280,646.85,643.18,0,normal
10,2025-06-25,4173.86,INV003547,3994.84,4000.35,0,normal
6,2025-06-25,2002.74,INV004484,2054.28,2055.01,0,normal
44,2025-06-25,1594.18,INV001268,1638.18,1646.79,0,normal
1,2025-06-25,974.19,INV001845,1022.85,1022.1,0,normal
53,2025-06-25,1469.81,INV004205,1528.96,1543.05,0,normal
47,2025-06-25,2636.74,INV000471,2588.44,2618.9,0,normal
42,2025-06-25,1191.62,INV002823,1181.28,1186.74,0,normal
9,2025-06-26,890.16,INV000692,907.51,894.88,0,normal
36,2025-06-26,1650.51,INV005735,1704.85,1697.47,0,normal
46,2025-06-26,3630.56,INV000816,3817.97,3844.7,0,normal
1,2025-06-26,865.77,INV004790,853.87,866.32,0,normal
21,2025-06-26,1119.62,INV000520,1170.65,1186.65,0,normal
55,2025-06-26,978.36,INV005738,969.49,967.83,0,normal
20,2025-06-26,2104.01,INV000931,2048.9,2042.92,0,normal
10,2025-06-26,3566.73,INV002123,3410.92,3409.84,0,normal
3,2025-06-26,4462.7,INV000891,4470.01,4420.61,0,normal
18,2025-06-26,3254.88,INV000815,3300.19,3293.98,0,normal
48,2025-06-26,3398.84,INV003263,3509.2,3539.19,0,normal
13,2025-06-26,5013.84,INV003624,5163.62,5118.38,0,normal
37,2025-06-26,925.83,INV001152,912.4,912.9,0,normal
59,2025-06-26,4226.73,INV004051,4509.42,4528.88,0,normal
53,2025-06-26,1538.39,INV001995,1461.96,1472.96,0,normal
6,2025-06-26,2002.74,INV000215,2072.74,2099.79,0,normal
19,2025-06-26,1488.16,INV000309,1545.17,1557.33,0,normal
39,2025-06-26,3397.04,INV000066,3290.71,3296.26,0,normal
2,2025-06-26,3873.06,INV000418,3967.82,3984.57,0,normal
43,2025-06-26,2318.91,INV001540,2435.55,2442.87,0,normal
44,2025-06-27,1829.1,INV000386,1814.87,1836.28,0,normal
42,2025-06-27,1142.76,INV003611,1100.47,1095.59,0,normal
46,2025-06-27,3630.56,INV001876,3908.96,3856.71,0,normal
27,2025-06-27,2120.39,INV004078,2042.08,2038.32,0,normal
41,2025-06-27,2578.64,INV002473,2675.59,2656.94,0,normal
1,2025-06-27,564.55,INV003791,608.33,607.52,0,normal
24,2025-06-27,1227.15,INV005889,1280.36,1274.3,0,normal
34,2025-06-27,3509.9,INV003681,3448.92,3440.05,0,normal
4,2025-06-27,493.42,INV000142,494.17,487.54,0,normal
27,2025-06-27,1939.02,INV001123,2008.19,1980.48,0,normal
50,2025-06-27,2106.63,INV000345,2174.11,2192.88,0,normal
24,2025-06-27,1067.17,INV002228,1026.76,1029.09,0,normal
52,2025-06-28,659.17,INV004295,644.34,646.8,0,normal
27,2025-06-28,2557.02,INV004933,2481.37,2468.17,0,normal
59,2025-06-28,4346.76,INV002913,4160.82,4104.53,0,normal
14,2025-06-28,2792.9,INV005032,2727.28,2714.66,0,normal
56,2025-06-28,1441.28,INV003308,1369.75,1385.13,0,normal
25,2025-06-28,1361.27,INV001596,1349.23,1359.35,0,normal
14,2025-06-28,2615.02,INV000263,2710.71,2714.43,0,normal
35,2025-06-28,4461.22,INV005226,4384.34,4414.8,0,normal
32,2025-06-28,1452.27,INV002651,1495.52,1493.94,0,normal
4,2025-06-28,383.82,INV003860,412.14,416.93,0,normal
58,2025-06-28,1099.13,INV003909,1157.33,1172.83,0,normal
41,2025-06-28,3265.48,INV003792,3403.64,3377.81,0,normal
11,2025-06-28,3632.62,INV004599,3830.79,3881.95,0,normal
25,2025-06-28,1093.45,INV004498,1159.78,1156.71,0,normal
9,2025-06-28,748.15,INV002124,773.12,783.22,0,normal
17,2025-06-28,836.77,INV001974,843.42,846.33,0,normal
18,2025-06-28,4387.1,INV003742,4215.43,4155.65,0,normal
26,2025-06-29,2320.49,INV005384,2259.61,2252.93,0,normal
43,2025-06-29,2654.9,INV002464,2778.15,2790.6,0,normal
45,2025-06-29,2213.68,INV003337,2301.14,2306.09,0,normal
12,2025-06-29,1906.12,INV005929,2041.8,2058.23,0,normal
18,2025-06-29,4282.28,INV000554A,4221.52,4221.52,1,duplicate
32,2025-06-29,1052.47,INV005525,1053.39,1053.9,0,normal
31,2025-06-29,1297.55,INV000121,1363.49,1355.81,0,normal
34,2025-06-29,2901.25,INV002058,2956.04,2925.91,0,normal
32,2025-06-29,1444.59,INV002576,1433.97,1436.1,0,normal
5,2025-06-29,613.78,INV000343,599.38,599.22,0,normal
45,2025-06-29,2157.31,INV001862,2202.79,2214.98,0,normal
31,2025-06-29,1297.55,INV000121,1363.49,1410.32,1,overpayment
51,2025-06-29,3240.46,INV001307,3241.34,3285.75,0,normal
14,2025-06-29,2539.41,INV001318,2505.05,2489.39,0,normal
42,2025-06-29,896.48,INV001350,908.37,917.08,0,normal
19,2025-06-30,2019.07,INV004196,2152.64,2136.52,0,normal
39,2025-06-30,2662.84,INV002135,2757.19,2716.67,0,normal
27,2025-06-30,2388.99,INV000465,2540.03,2555.6,0,normal
31,2025-06-30,1301.04,INV002705,1366.73,1370.86,0,normal
50,2025-06-30,3026.02,INV004396,2956.57,2942.24,0,normal
41,2025-06-30,2453.52,INV005271,2390.13,2385.89,0,normal
18,2025-06-30,4522.55,INV005520,4821.25,4753.53,0,normal
10,2025-06-30,3883.97,INV002843,3905.73,3930.93,0,normal
55,2025-06-30,1185.76,INV001769,1186.75,1175.24,0,normal
31,2025-06-30,1214.08,INV001713,1180.21,1168.35,0,normal
37,2025-06-30,759.0,INV002751,801.44,810.31,0,normal
15,2025-06-30,883.89,INV002650,886.47,892.35,0,normal
18,2025-07-01,4012.83,INV000769,3815.45,3834.14,0,normal
17,2025-07-01,504.34,INV000869,522.0,520.61,0,normal
32,2025-07-01,919.6,INV000562,950.44,951.12,0,normal
55,2025-07-01,860.92,INV005406,869.65,874.98,0,normal
48,2025-07-01,3224.19,INV000351,3116.0,3107.54,0,normal
3,2025-07-01,4146.55,INV002939,3992.12,3945.44,0,normal
48,2025-07-01,2952.61,INV002290,2825.52,2826.84,0,normal
57,2025-07-01,5355.83,INV001689,5718.34,5774.41,0,normal
33,2025-07-01,832.3,INV000735,886.68,886.01,0,normal
6,2025-07-01,2002.74,INV005681,1905.4,1878.15,0,normal
53,2025-07-01,1314.97,INV001633,1278.4,1286.5,0,normal
46,2025-07-01,3630.56,INV001625,3916.73,3894.29,0,normal
28,2025-07-02,2997.96,INV003391,3181.19,3149.82,0,normal
54,2025-07-02,1350.21,INV004736,1415.27,1430.01,0,normal
55,2025-07-02,833.73,INV001983,827.68,833.31,0,normal
54,2025-07-02,1224.1,INV000961,1267.13,1261.29,0,normal
27,2025-07-02,3132.45,INV000968,3275.02,3236.14,0,normal
58,2025-07-02,794.62,INV004080,824.66,834.59,0,normal
46,2025-07-02,3630.56,INV005767,3712.5,3704.2,0,normal
54,2025-07-02,1350.05,INV000598,1382.14,1394.74,0,normal
15,2025-07-02,672.36,INV005608,706.15,707.93,0,normal
45,2025-07-02,1773.41,INV004901,1783.27,1778.49,0,normal
31,2025-07-02,1319.04,INV004027,1260.5,1242.97,0,normal
31,2025-07-02,1228.51,INV001308,1306.2,1320.52,0,normal
12,2025-07-02,1906.12,INV001495,2029.1,2029.1,1,duplicate
51,2025-07-02,2656.2,INV004088,2651.26,2667.25,0,normal
36,2025-07-02,1650.51,INV005717,1755.69,1736.97,0,normal
29,2025-07-02,2505.66,INV002896,2495.61,2527.28,0,normal
35,2025-07-02,4461.22,INV003170,4622.91,4672.95,0,normal
46,2025-07-02,3630.56,INV002202,3568.12,3559.12,0,normal
55,2025-07-02,1061.05,INV005998,1109.85,1094.3,0,normal
9,2025-07-02,972.53,INV000288,973.28,979.27,0,normal
34,2025-07-02,3674.09,INV003557,3502.6,3469.79,0,normal
39,2025-07-03,2396.64,INV003344,2408.94,2430.68,0,normal
14,2025-07-03,2588.41,INV005855,2552.4,2520.97,0,normal
8,2025-07-03,1732.89,INV002824,1832.93,1824.49,0,normal
46,2025-07-03,3630.56,INV000445,3560.51,3565.5,0,normal
46,2025-07-03,3630.56,INV001068,3689.72,3744.66,0,normal
32,2025-07-03,1249.76,INV004574,1266.15,1257.97,0,normal
4,2025-07-03,359.62,INV002825,348.5,348.92,0,normal
27,2025-07-03,2133.56,INV002029,2271.91,2293.89,0,normal
10,2025-07-03,4096.46,INV003279,4087.72,4115.3,0,normal
34,2025-07-03,2612.16,INV004954,2653.03,2679.24,0,normal
12,2025-07-03,1906.12,INV002528,1949.08,1942.77,0,normal
14,2025-07-03,1893.95,INV003350 ,1899.14,1899.14,1,duplicate
19,2025-07-03,1408.7,INV003277,1446.1,1426.87,0,normal
16,2025-07-03,2333.9,INV004334,2330.37,2308.79,0,normal
41,2025-07-03,2511.66,INV002272,2478.37,2465.18,0,normal
54,2025-07-03,1215.47,INV000698,1288.25,1282.17,0,normal
14,2025-07-03,3277.96,INV000879,3412.64,3433.52,0,normal
30,2025-07-03,9295.69,INV003895,9137.84,9001.18,0,normal
14,2025-07-03,2588.41,INV005855,2552.4,3540.13,1,overpayment
16,2025-07-04,1504.52,INV003789,1569.75,1584.66,0,normal
51,2025-07-04,3101.42,INV003903,2980.87,2961.69,0,normal
31,2025-07-04,1508.03,INV004568,1560.34,1538.3,0,normal
40,2025-07-04,3807.0,INV001458,3660.53,3638.88,0,normal
39,2025-07-04,2979.06,INV003193,2911.39,2948.91,0,normal
30,2025-07-04,12202.66,INV000996,12697.78,12703.94,0,normal
3,2025-07-04,4397.11,INV004628,4626.73,4602.94,0,normal
14,2025-07-04,1784.55,INV003995,1839.09,1845.93,0,normal
6,2025-07-04,2002.74,INV000573,1973.19,1955.22,0,normal
45,2025-07-04,2037.36,INV005396,2037.63,2032.07,0,normal
37,2025-07-04,729.43,INV000413,722.15,732.15,0,normal
8,2025-07-04,1207.52,INV003004,1150.11,1148.0,0,normal
8,2025-07-04,1454.79,INV001362,1569.75,1550.97,0,normal
16,2025-07-04,1933.25,INV003551,1918.31,1934.28,0,normal
7,2025-07-04,1727.33,INV000805,1816.4,1819.07,0,normal
0,2025-07-04,2168.37,INV001034,2132.34,2118.24,0,normal
40,2025-07-04,2556.88,INV004759,2635.41,2657.61,0,normal
20,2025-07-04,1092.62,INV002929,1047.93,1061.03,0,normal
17,2025-07-04,463.55,INV000026,486.82,491.55,0,normal
34,2025-07-04,3257.56,INV003477,3145.65,3102.76,0,normal
28,2025-07-04,3333.22,INV005246,3270.81,3251.63,0,normal
14,2025-07-04,2078.83,INV001566,2152.89,2132.64,0,normal
15,2025-07-04,891.23,INV004113,921.53,915.36,0,normal
15,2025-07-05,737.37,INV004249,727.22,725.68,0,normal
7,2025-07-05,1424.93,INV005365,1430.12,1409.23,0,normal
36,2025-07-05,1650.51,INV004014,1594.93,1614.85,0,normal
10,2025-07-05,4317.32,INV002560,4429.06,4379.12,0,normal
36,2025-07-05,1650.51,INV004014,1594.93,2249.54,1,overpayment
9,2025-07-05,1002.81,INV005988,998.23,998.23,1,duplicate
58,2025-07-05,843.28,INV002025,862.16,870.79,0,normal
5,2025-07-05,641.94,INV003283,676.82,670.64,0,normal
9,2025-07-05,1150.04,INV000505,1108.61,1099.01,0,normal
12,2025-07-05,1906.12,INV003874,1986.89,1963.2,0,normal
13,2025-07-05,3782.62,INV002308,4077.68,4131.6,0,normal
44,2025-07-05,1830.47,INV000115,1757.39,1766.68,0,normal
17,2025-07-05,982.0,INV002296,1040.07,1047.59,0,normal
44,2025-07-05,1834.41,INV003381,1825.1,1829.79,0,normal
3,2025-07-05,3480.68,INV002243,3587.81,3617.61,0,normal
37,2025-07-05,1104.38,INV005756,1106.53,1097.56,0,normal
11,2025-07-05,3730.17,INV005660,3993.67,4030.7,0,normal
12,2025-07-05,1906.12,INV003874,1986.89,2888.42,1,overpayment
53,2025-07-05,1096.31,INV001447,1176.01,1170.03,0,normal
25,2025-07-05,1238.29,INV005382,1319.28,1300.38,0,normal
4,2025-07-06,387.82,INV005764,415.33,414.19,0,normal
24,2025-07-06,1461.63,INV001621,1479.47,1458.68,0,normal
52,2025-07-06,621.91,INV002433,653.8,657.06,0,normal
51,2025-07-06,3101.42,INV003903,2980.87,2980.87,1,duplicate
58,2025-07-06,810.4,INV001230 ,849.6,849.6,1,duplicate
28,2025-07-06,1929.03,INV002282,2053.26,2071.17,0,normal
39,2025-07-06,2528.36,INV002526,2694.06,2680.35,0,normal
48,2025-07-06,3233.34,INV002287,3108.22,3126.64,0,normal
5,2025-07-06,622.09,INV000581,666.18,664.52,0,normal
20,2025-07-06,1803.46,INV003973,1943.97,1948.07,0,normal
2,2025-07-06,3770.46,INV001536,3773.94,3738.15,0,normal
58,2025-07-06,767.22,INV002595,790.16,779.25,0,normal
45,2025-07-06,2206.29,INV001577,2241.11,2241.3,0,normal
19,2025-07-06,1748.03,INV001259,1799.22,1782.77,0,normal
0,2025-07-06,2284.48,INV001243,2208.11,2236.66,0,normal
8,2025-07-06,1207.52,INV003004-1,1134.57,1134.57,1,duplicate
57,2025-07-06,5825.29,INV000258,5687.47,5655.58,0,normal
2,2025-07-06,2717.98,INV002995,2833.43,2795.69,0,normal
56,2025-07-06,1613.19,INV002044,1631.42,1636.0,0,normal
43,2025-07-06,2580.79,INV002023,2630.34,2640.87,0,normal
33,2025-07-06,773.66,INV001817,778.08,767.39,0,normal
24,2025-07-06,1289.21,INV002501,1318.71,1308.83,0,normal
59,2025-07-06,4647.0,INV000872,4725.5,4729.91,0,normal
55,2025-07-07,1103.62,INV003887,1083.98,1085.13,0,normal
25,2025-07-07,1247.75,INV005471,1311.6,1323.34,0,normal
35,2025-07-07,4461.22,INV003710,4641.51,4590.9,0,normal
10,2025-07-07,3733.34,INV000224,3863.85,3846.39,0,normal
19,2025-07-07,1386.03,INV005188,1379.55,1383.82,0,normal
22,2025-07-07,4807.98,INV003570,4778.53,4841.46,0,normal
2,2025-07-07,3619.35,INV005377,3889.8,3899.54,0,normal
11,2025-07-07,3796.89,INV004660,3947.6,3914.59,0,normal
16,2025-07-07,2458.99,INV005431,2648.81,2653.03,0,normal
14,2025-07-07,2445.34,INV005028,2491.24,2459.29,0,normal
29,2025-07-07,2057.23,INV000875,1983.66,2005.44,0,normal
32,2025-07-07,1193.44,INV002530,1254.72,1257.25,0,normal
34,2025-07-07,3358.25,INV001954,3330.5,3320.69,0,normal
11,2025-07-07,3679.76,INV001289,3569.84,3595.59,0,normal
34,2025-07-07,2861.64,INV005792,2725.76,2694.65,0,normal
27,2025-07-07,3017.66,INV002600,3136.71,3163.79,0,normal
25,2025-07-07,1342.16,INV001199,1284.59,1268.98,0,normal
21,2025-07-07,1002.42,INV001440,992.12,997.74,0,normal
28,2025-07-08,2243.95,INV001452,2244.31,2226.92,0,normal
41,2025-07-08,2578.64,INV002473-1,2707.63,2707.63,1,duplicate
11,2025-07-08,3982.29,INV002779,3994.2,3999.29,0,normal
13,2025-07-08,4163.17,INV003377,4188.02,4236.5,0,normal
12,2025-07-08,1906.12,INV003814,1931.08,1929.35,0,normal
36,2025-07-08,1650.51,INV004556,1602.33,1601.02,0,normal
17,2025-07-08,1052.15,INV000569,1050.66,1062.56,0,normal
0,2025-07-08,3226.62,INV002014,3366.01,3328.26,0,normal
8,2025-07-08,2533.17,INV000524,2517.13,2491.21,0,normal
34,2025-07-08,2413.58,INV005105,2576.12,2611.99,0,normal
25,2025-07-08,1216.76,INV000980,1205.4,1217.7,0,normal
40,2025-07-08,3356.83,INV005978,3201.28,3177.7,0,normal
21,2025-07-08,1131.89,INV005798,1196.07,1211.08,0,normal
37,2025-07-08,1101.21,INV005541,1107.15,1110.31,0,normal
14,2025-07-08,2035.6,INV001541,1964.14,1971.12,0,normal
30,2025-07-08,8032.35,INV002470,7858.06,7807.89,0,normal
14,2025-07-08,2658.07,INV001020,2526.45,2523.39,0,normal
19,2025-07-08,1906.31,INV001838,1942.09,1933.59,0,normal
41,2025-07-09,3264.19,INV004821,3280.53,3265.56,0,normal
54,2025-07-09,1265.25,INV003505,1202.95,1197.75,0,normal
48,2025-07-09,2710.09,INV003468,2924.31,2916.21,0,normal
3,2025-07-09,3800.19,INV000776,3917.24,3870.4,0,normal
4,2025-07-09,394.78,INV001589,400.29,401.92,0,normal
35,2025-07-09,4461.22,INV004693,4604.91,4612.55,0,normal
31,2025-07-09,1187.01,INV005414,1176.65,1182.76,0,normal
54,2025-07-09,1093.9,INV000863,1172.02,1158.91,0,normal
30,2025-07-09,9926.65,INV002009,10609.81,10689.6,0,normal
57,2025-07-09,6101.26,INV000221,5862.95,5854.17,0,normal
21,2025-07-09,1110.13,INV002870,1063.07,1060.86,0,normal
11,2025-07-09,3528.97,INV001975,3786.03,3780.87,0,normal
2,2025-07-09,4692.6,INV003758,5065.4,5059.89,0,normal
11,2025-07-09,2599.01,INV002147,2597.01,2610.72,0,normal
32,2025-07-09,1330.54,INV005352,1368.7,1382.91,0,normal
37,2025-07-09,852.51,INV005349,813.79,824.25,0,normal
30,2025-07-09,9942.01,INV003928,9671.56,9719.07,0,normal
42,2025-07-09,1356.08,INV004274,1317.27,1314.86,0,normal
18,2025-07-09,3868.33,INV005324,4176.67,4184.87,0,normal
7,2025-07-09,1489.02,INV002541,1469.37,1488.3,0,normal
58,2025-07-09,652.74,INV002344,692.15,694.37,0,normal
23,2025-07-09,1597.79,INV002377,1583.79,1567.43,0,normal
4,2025-07-09,368.53,INV002550A,370.08,370.08,1,duplicate
30,2025-07-09,9926.65,INV002009,14921.19,14921.19,1,price_variance
25,2025-07-09,1408.04,INV002453,1458.28,1470.37,0,normal
25,2025-07-10,1314.16,INV002517,1405.29,1398.72,0,normal
56,2025-07-10,1382.32,INV000435,1437.51,1427.95,0,normal
53,2025-07-10,1177.0,INV001846,1152.15,1158.63,0,normal
55,2025-07-10,1029.68,INV005928,1089.38,1077.38,0,normal
5,2025-07-10,674.08,INV001543,692.4,683.45,0,normal
51,2025-07-10,3482.4,INV000797,3489.93,3473.05,0,normal
14,2025-07-10,3642.79,INV003500,3931.14,3982.7,0,normal
10,2025-07-10,3338.52,INV003542,3600.4,3563.21,0,normal
25,2025-07-10,1230.76,INV000532,1169.64,1186.97,0,normal
47,2025-07-10,1716.19,INV003670,1741.26,1743.21,0,normal
28,2025-07-10,2414.43,INV001994,2591.9,2562.48,0,normal
0,2025-07-10,2161.96,INV000876,2112.43,2133.74,0,normal
0,2025-07-10,2213.53,INV001518,2273.87,2251.55,0,normal
2,2025-07-10,2816.86,INV004506,2927.08,2969.11,0,normal
7,2025-07-10,1245.98,INV001701,1325.57,1344.43,0,normal
24,2025-07-10,1461.63,INV001621A,1479.47,1479.47,1,duplicate
59,2025-07-11,3853.26,INV001325,3897.17,3854.48,0,normal
9,2025-07-11,1085.15,INV004712,1043.16,1031.45,0,normal
41,2025-07-11,2846.73,INV005078,2759.54,2786.68,0,normal
22,2025-07-11,4807.98,INV004916,5037.37,5037.37,1,duplicate
57,2025-07-11,5248.66,INV003153,5151.91,5213.41,0,normal
10,2025-07-11,4147.4,INV000458,4065.56,4024.08,0,normal
55,2025-07-11,1323.23,INV004028,1343.19,1358.3,0,normal
1,2025-07-11,798.27,INV005385,1209.12,1209.12,1,price_variance
25,2025-07-11,1089.75,INV003823,1142.42,1139.64,0,normal
46,2025-07-11,3630.56,INV000561,3479.71,3515.25,0,normal
34,2025-07-11,3058.63,INV005118,3099.63,3118.4,0,normal
3,2025-07-11,4548.49,INV002737,4500.67,4544.68,0,normal
20,2025-07-11,1737.61,INV002846,1704.48,1701.92,0,normal
54,2025-07-11,1443.11,INV005907,1523.4,1509.87,0,normal
1,2025-07-11,798.27,INV005385,811.52,805.53,0,normal
2,2025-07-11,3352.91,INV002077,3334.32,3342.96,0,normal
5,2025-07-11,614.12,INV000429,607.46,603.45,0,normal
48,2025-07-11,2465.24,INV005413,2569.5,2571.43,0,normal
22,2025-07-11,4807.98,INV003248,4771.68,4826.03,0,normal
56,2025-07-11,1877.8,INV000164,1791.02,1769.4,0,normal
31,2025-07-12,1129.12,INV002244,1171.22,1179.88,0,normal
42,2025-07-12,875.7,INV000796,896.38,891.86,0,normal
44,2025-07-12,2437.98,INV002080,2411.84,2433.01,0,normal
49,2025-07-12,1591.28,INV001678,1696.44,1690.59,0,normal
14,2025-07-12,2736.76,INV001572,2898.8,2881.72,0,normal
18,2025-07-12,3047.82,INV001882,3209.4,3209.4,1,duplicate
3,2025-07-12,4146.55,INV002939,3992.12,3992.12,1,duplicate
10,2025-07-12,4081.58,INV003634,4317.11,4353.12,0,normal
20,2025-07-12,1130.18,INV002665,1142.72,1140.69,0,normal
8,2025-07-12,1588.44,INV001330,1644.79,1669.42,0,normal
47,2025-07-12,1894.68,INV005664,1902.34,1906.89,0,normal
44,2025-07-12,2384.86,INV005845,2300.45,2280.56,0,normal
44,2025-07-12,2285.83,INV000512,2179.94,2182.87,0,normal
48,2025-07-12,2941.59,INV000607,2852.78,2819.17,0,normal
14,2025-07-12,2962.04,INV004362,3069.47,3024.57,0,normal
38,2025-07-12,928.19,INV000498,930.7,923.01,0,normal
23,2025-07-12,1597.79,INV005081,1565.48,1576.88,0,normal
30,2025-07-12,8267.41,INV000558,8423.7,8499.48,0,normal
58,2025-07-12,836.19,INV004115,812.33,810.14,0,normal
45,2025-07-12,1909.81,INV004070,1965.03,1954.49,0,normal
2,2025-07-12,3102.4,INV005303,3194.57,3230.03,0,normal
47,2025-07-13,2534.91,INV002039,2723.63,2759.81,0,normal
44,2025-07-13,1699.3,INV004460,1759.34,1770.39,0,normal
36,2025-07-13,1650.51,INV000380,1678.79,1657.25,0,normal
36,2025-07-13,1650.51,INV000742,1671.55,1660.58,0,normal
17,2025-07-13,675.72,INV001617,710.51,702.89,0,normal
49,2025-07-13,2043.53,INV003645,2092.25,2070.58,0,normal
37,2025-07-13,845.66,INV005553,895.04,895.45,0,normal
1,2025-07-13,707.68,INV005652,763.64,760.7,0,normal
37,2025-07-13,784.89,INV002263,844.04,843.5,0,normal
50,2025-07-13,2163.41,INV004766,2129.92,2145.64,0,normal
32,2025-07-13,1090.32,INV005581,1147.14,1147.72,0,normal
32,2025-07-13,1126.83,INV003616,1215.66,1203.0,0,normal
56,2025-07-13,1167.18,INV003498,1150.07,1160.78,0,normal
15,2025-07-13,775.46,INV001456,762.16,771.63,0,normal
32,2025-07-13,1449.03,INV004667,1403.91,1399.48,0,normal
32,2025-07-13,1342.25,INV005544,1449.55,1442.36,0,normal
35,2025-07-13,4461.22,INV004131,4517.64,4524.77,0,normal
12,2025-07-13,1906.12,INV003259,1832.62,1854.14,0,normal
28,2025-07-13,2366.03,INV001563,2277.03,2262.56,0,normal
48,2025-07-14,3220.67,INV005992,3145.62,3140.14,0,normal
24,2025-07-14,947.11,INV004957,909.94,923.36,0,normal
43,2025-07-14,2910.37,INV002353,3074.12,3058.98,0,normal
30,2025-07-14,8739.31,INV000311,9017.03,8994.33,0,normal
28,2025-07-14,2549.7,INV002735,2614.54,2646.72,0,normal
17,2025-07-14,1058.39,INV003779,1137.73,1134.1,0,normal
27,2025-07-14,2593.34,INV001832,2684.69,2645.72,0,normal
46,2025-07-14,3630.56,INV005596,3751.43,3747.61,0,normal
29,2025-07-14,2462.84,INV004964,2431.52,2412.23,0,normal
23,2025-07-14,1597.79,INV004406,1652.56,1667.85,0,normal
44,2025-07-14,2015.7,INV003022,2128.48,2103.99,0,normal
52,2025-07-15,584.13,INV005141,592.21,583.63,0,normal
20,2025-07-15,2104.01,INV000931A,2048.9,2048.9,1,duplicate
26,2025-07-15,2534.54,INV002709,2652.22,2687.79,0,normal
24,2025-07-15,967.52,INV003800,943.24,937.46,0,normal
56,2025-07-15,1236.48,INV005956,1201.02,1203.05,0,normal
42,2025-07-15,1331.71,INV005165,1348.57,1333.33,0,normal
38,2025-07-15,933.47,INV005542,976.38,976.88,0,normal
51,2025-07-15,2819.24,INV001035,2837.7,2817.53,0,normal
11,2025-07-15,1820.93,INV000870,1919.04,1938.65,0,normal
9,2025-07-15,780.46,INV001609,777.85,775.27,0,normal
52,2025-07-15,584.13,INV005141,592.21,705.8,1,overpayment
7,2025-07-15,1601.13,INV005701,1603.24,1610.21,0,normal
49,2025-07-15,2111.31,INV002093,2261.79,2232.25,0,normal
32,2025-07-15,1205.81,INV002589,1239.19,1234.65,0,normal
55,2025-07-15,1070.6,INV005732,1056.55,1058.33,0,normal
26,2025-07-15,2984.77,INV001074,2983.04,2952.15,0,normal
25,2025-07-16,1586.99,INV004779,1601.39,1588.03,0,normal
7,2025-07-16,1242.21,INV000198,1201.57,1202.3,0,normal
59,2025-07-16,4356.18,INV000156,4139.85,4163.01,0,normal
52,2025-07-16,446.58,INV002059,457.82,454.68,0,normal
10,2025-07-16,3570.65,INV002233,3521.4,3495.54,0,normal
0,2025-07-16,1992.22,INV001164,1981.45,1957.48,0,normal
34,2025-07-16,2312.37,INV004653,2423.53,2440.43,0,normal
16,2025-07-16,2427.09,INV005719,2615.3,2596.24,0,normal
22,2025-07-16,4807.98,INV005433-1,4873.24,4873.24,1,duplicate
37,2025-07-16,984.12,INV001765,1001.65,997.06,0,normal
37,2025-07-16,977.55,INV002172,1040.2,1052.37,0,normal
40,2025-07-16,3273.08,INV000582,3204.1,3167.84,0,normal
3,2025-07-16,2669.13,INV003288,2779.27,2782.0,0,normal
18,2025-07-16,4158.51,INV002536,4014.36,3973.58,0,normal
30,2025-07-16,7440.9,INV003864,7835.94,7763.27,0,normal
38,2025-07-16,967.47,INV002444,922.44,931.83,0,normal
32,2025-07-16,991.95,INV005650,1036.77,1051.32,0,normal
23,2025-07-16,1597.79,INV005951,1560.46,1550.56,0,normal
17,2025-07-16,807.27,INV001401,864.71,864.22,0,normal
45,2025-07-16,1698.01,INV001929,1626.04,1618.23,0,normal
35,2025-07-17,4461.22,INV004340,4376.0,4392.62,0,normal
31,2025-07-17,1199.3,INV005784,1158.19,1142.97,0,normal
59,2025-07-17,4042.6,INV000020,4340.08,4318.14,0,normal
16,2025-07-17,2444.28,INV004388,2628.5,2601.62,0,normal
57,2025-07-17,5006.63,INV000092,5159.51,5151.7,0,normal
15,2025-07-17,926.55,INV001062,998.71,994.74,0,normal
22,2025-07-17,4807.98,INV002479,4953.09,4950.75,0,normal
37,2025-07-17,1148.26,INV002926,1213.17,1226.03,0,normal
19,2025-07-17,1611.79,INV000009,1713.35,1691.6,0,normal
58,2025-07-17,833.73,INV001925,827.47,817.79,0,normal
37,2025-07-17,860.47,INV000580,863.48,861.39,0,normal
29,2025-07-17,2479.53,INV003393,2366.49,2341.86,0,normal
12,2025-07-17,1906.12,INV000840,1852.35,1847.62,0,normal
26,2025-07-17,2808.34,INV005558,2802.8,2827.38,0,normal
33,2025-07-18,935.14,INV000839,892.65,880.62,0,normal
3,2025-07-18,4588.86,INV001738,4637.67,4587.76,0,normal
23,2025-07-18,1597.79,INV001348,1579.97,1565.28,0,normal
13,2025-07-18,5250.84,INV003199,5448.24,5379.19,0,normal
5,2025-07-18,656.34,INV005859,682.57,676.08,0,normal
17,2025-07-18,764.24,INV004918,729.01,736.39,0,normal
6,2025-07-18,2002.74,INV002608,1980.27,2009.75,0,normal
47,2025-07-18,1935.51,INV001216,2001.55,2001.61,0,normal
21,2025-07-18,722.05,INV005000,787.14,787.14,1,price_variance
1,2025-07-18,767.75,INV001407,791.75,797.25,0,normal
19,2025-07-18,1898.29,INV002798,1831.45,1809.13,0,normal
34,2025-07-18,2743.3,INV003267,2787.77,2809.86,0,normal
8,2025-07-18,1932.25,INV001591,1903.17,1897.0,0,normal
48,2025-07-18,2363.47,INV005176,2376.69,2366.26,0,normal
14,2025-07-18,2273.41,INV005142,2232.21,2261.65,0,normal
21,2025-07-18,722.05,INV005000,715.84,719.73,0,normal
19,2025-07-18,1780.5,INV001143,1708.85,1711.16,0,normal
0,2025-07-18,3023.91,INV000793,2983.37,2938.63,0,normal
39,2025-07-18,2520.28,INV004155,2551.31,2579.66,0,normal
28,2025-07-19,1950.13,INV001554,2097.73,2078.48,0,normal
5,2025-07-19,779.79,INV003036,760.69,754.82,0,normal
54,2025-07-19,1421.64,INV001823,1481.21,1502.76,0,normal
55,2025-07-19,868.97,INV000724,903.78,903.11,0,normal
9,2025-07-19,747.14,INV005669,749.87,757.38,0,normal
13,2025-07-19,3893.29,INV000381,3862.5,3886.16,0,normal
15,2025-07-19,1002.62,INV001573,1048.68,1058.28,0,normal
3,2025-07-19,3950.39,INV005960,4153.4,4180.81,0,normal
41,2025-07-19,2217.52,INV000342,2151.93,2162.57,0,normal
56,2025-07-19,1788.37,INV002546,1700.26,1724.03,0,normal
55,2025-07-19,1323.23,INV004028A,1333.14,1333.14,1,duplicate
44,2025-07-19,2384.86,INV005845,2300.45,2300.45,1,duplicate
56,2025-07-19,1506.77,INV005137,1588.51,1582.86,0,normal
16,2025-07-19,2345.92,INV001861,2350.63,2383.13,0,normal
7,2025-07-19,1170.61,INV005508,1195.83,1210.92,0,normal
10,2025-07-20,3632.92,INV001787,3654.44,3615.09,0,normal
28,2025-07-20,2509.1,INV003871,2493.88,2488.07,0,normal
43,2025-07-20,2212.22,INV000529,2289.67,2289.03,0,normal
27,2025-07-20,3050.42,INV001998,3231.75,3273.73,0,normal
1,2025-07-20,827.88,INV004965,829.82,823.85,0,normal
41,2025-07-20,2655.44,INV005425,2613.16,2649.31,0,normal
0,2025-07-20,2066.33,INV003866,2043.74,2031.01,0,normal
14,2025-07-20,2460.28,INV005179,2354.8,2342.78,0,normal
28,2025-07-20,2797.21,INV005103,2938.21,2958.83,0,normal
36,2025-07-20,1650.51,INV001782,1753.13,1732.49,0,normal
1,2025-07-20,827.88,INV004965,829.82,912.29,1,overpayment
34,2025-07-20,2458.05,INV002991,2612.14,2639.31,0,normal
58,2025-07-20,878.96,INV003869,838.09,848.46,0,normal
57,2025-07-20,6631.28,INV000404,6683.13,6683.28,0,normal
11,2025-07-20,3124.19,INV002568,3330.96,3373.71,0,normal
58,2025-07-20,915.16,INV001404,905.59,900.43,0,normal
36,2025-07-20,1650.51,INV003058,1588.41,1609.55,0,normal
31,2025-07-20,1444.56,INV004845,1536.4,1514.46,0,normal
26,2025-07-20,2328.06,INV004839,2296.72,2272.9,0,normal
30,2025-07-20,7578.61,INV005311,7779.3,7840.92,0,normal
31,2025-07-20,1141.14,INV003294,1169.42,1173.93,0,normal
19,2025-07-20,2097.67,INV004252,2201.54,2220.9,0,normal
29,2025-07-21,2958.72,INV004118,2945.27,2955.46,0,normal
57,2025-07-21,4408.3,INV005957,4406.31,4340.85,0,normal
7,2025-07-21,1777.22,INV000701,1871.31,1886.42,0,normal
52,2025-07-21,627.41,INV002141,669.29,659.99,0,normal
52,2025-07-21,452.26,INV000259,453.21,451.82,0,normal
9,2025-07-21,842.52,INV000859,820.6,816.04,0,normal
47,2025-07-21,2436.52,INV004972,2550.74,2542.27,0,normal
52,2025-07-21,591.6,INV002407,570.76,567.58,0,normal
40,2025-07-21,4299.65,INV003474,4531.08,4547.03,0,normal
50,2025-07-21,2923.0,INV002986,2888.69,2888.14,0,normal
16,2025-07-21,2283.1,INV000705,2342.16,2360.35,0,normal
22,2025-07-21,4807.98,INV004005,4983.08,5018.28,0,normal
27,2025-07-21,2251.13,INV002399,2327.63,2315.69,0,normal
9,2025-07-21,1088.75,INV005582,1109.63,1122.6,0,normal
28,2025-07-21,1985.17,INV005627,2105.21,2118.78,0,normal
26,2025-07-21,2854.44,INV003244,3007.13,2971.49,0,normal
40,2025-07-21,3211.96,INV004754,3060.35,3059.4,0,normal
4,2025-07-21,315.83,INV003316,301.97,304.14,0,normal
36,2025-07-21,1650.51,INV001584,1593.49,1586.61,0,normal
48,2025-07-21,3353.23,INV004565,3496.18,3501.96,0,normal
31,2025-07-21,1309.8,INV005580,1313.44,1312.75,0,normal
16,2025-07-21,2556.14,INV002815,2615.56,2603.79,0,normal
11,2025-07-21,1820.93,INV000870 ,1919.04,1919.04,1,duplicate
37,2025-07-21,948.27,INV003395,928.69,918.22,0,normal
16,2025-07-22,3000.42,INV005762,3114.68,3100.65,0,normal
37,2025-07-22,1130.47,INV002653,1078.48,1075.02,0,normal
34,2025-07-22,2916.32,INV003646,2833.69,2831.82,0,normal
20,2025-07-22,1736.88,INV003947,1793.48,1768.21,0,normal
0,2025-07-22,2066.33,INV003866-1,2063.89,2063.89,1,duplicate
7,2025-07-22,1311.91,INV000141,1357.26,1341.05,0,normal
45,2025-07-22,2132.51,INV002107,2284.53,2316.47,0,normal
45,2025-07-22,2309.89,INV004331,2282.21,2249.88,0,normal
35,2025-07-22,4461.22,INV002369,4361.34,4340.34,0,normal
5,2025-07-22,570.81,INV003730,614.08,607.05,0,normal
16,2025-07-22,2268.13,INV003842,2262.65,2271.08,0,normal
35,2025-07-22,4461.22,INV000149,4634.46,4676.65,0,normal
11,2025-07-22,3986.34,INV004003,4279.51,4300.54,0,normal
19,2025-07-22,1862.57,INV002292,1966.24,1969.92,0,normal
11,2025-07-22,3986.34,INV004003,4279.51,5432.13,1,overpayment
44,2025-07-22,1727.92,INV005473,1851.11,1845.83,0,normal
56,2025-07-22,1326.13,INV004357,1367.15,1347.11,0,normal
48,2025-07-22,3243.91,INV000306,3230.09,3207.63,0,normal
47,2025-07-22,2334.1,INV003507,2360.97,2395.0,0,normal
28,2025-07-22,3067.22,INV002893,3152.92,3155.57,0,normal
46,2025-07-22,3630.56,INV001486,3657.77,3643.71,0,normal
0,2025-07-23,2758.93,INV005984,2902.27,2914.19,0,normal
10,2025-07-23,3886.77,INV002807,3717.31,3682.61,0,normal
17,2025-07-23,859.07,INV003354,899.91,894.06,0,normal
52,2025-07-23,589.72,INV002456,617.08,622.08,0,normal
53,2025-07-23,1668.79,INV002226,1762.33,1746.81,0,normal
52,2025-07-23,538.38,INV000247,571.27,569.58,0,normal
53,2025-07-23,1484.08,INV005498,1415.92,1428.79,0,normal
20,2025-07-23,1092.62,INV002929A,1037.9,1037.9,1,duplicate
8,2025-07-23,2050.65,INV004967,2198.91,2226.57,0,normal
20,2025-07-23,1543.24,INV001402,1548.8,1546.76,0,normal
17,2025-07-23,907.56,INV005568,909.44,897.07,0,normal
18,2025-07-23,3901.33,INV002110,3879.95,3836.55,0,normal
21,2025-07-23,1099.4,INV002992,1078.81,1075.7,0,normal
27,2025-07-23,2625.08,INV003861,2503.81,2531.08,0,normal
19,2025-07-23,1646.85,INV005586,1581.07,1559.1,0,normal
46,2025-07-23,3630.56,INV000619,3498.24,3481.34,0,normal
56,2025-07-23,1822.28,INV002213,1826.6,1844.49,0,normal
28,2025-07-23,3062.09,INV000523,3147.62,3128.39,0,normal
43,2025-07-23,2339.55,INV003876,2288.08,2262.52,0,normal
24,2025-07-24,1361.18,INV001007,1368.69,1372.0,0,normal
47,2025-07-24,2411.43,INV001961,2557.93,2549.21,0,normal
53,2025-07-24,1441.79,INV000659,1474.02,1492.97,0,normal
15,2025-07-24,846.75,INV001607,819.32,829.67,0,normal
6,2025-07-24,2002.74,INV002270,1927.65,1915.86,0,normal
8,2025-07-24,1733.68,INV002644,1792.02,1768.07,0,normal
49,2025-07-24,1871.34,INV003998,1974.01,1950.64,0,normal
14,2025-07-24,2708.06,INV004870,2630.37,2650.24,0,normal
45,2025-07-24,2151.08,INV000469,2304.99,2332.47,0,normal
45,2025-07-24,1780.21,INV002184,1769.14,1764.47,0,normal
45,2025-07-24,1780.21,INV002184,1769.14,2489.86,1,overpayment
59,2025-07-24,3444.98,INV000102,3551.16,3561.17,0,normal
47,2025-07-24,2207.54,INV002012,2382.95,2361.64,0,normal
27,2025-07-24,2251.66,INV004199,2213.58,2222.97,0,normal
3,2025-07-24,4845.8,INV005605,4786.4,4818.6,0,normal
7,2025-07-24,1158.36,INV004040,1206.33,1191.48,0,normal
12,2025-07-25,1906.12,INV000627,2032.05,2043.41,0,normal
1,2025-07-25,884.84,INV001345,841.91,853.34,0,normal
59,2025-07-25,4318.18,INV001381,4330.39,4539.92,1,overpayment
59,2025-07-25,4318.18,INV001381,4330.39,4296.94,0,normal
51,2025-07-25,3373.36,INV001489,3476.91,3428.07,0,normal
21,2025-07-25,1370.7,INV002886,1473.49,1467.12,0,normal
31,2025-07-25,1463.01,INV000472,1553.48,1573.17,0,normal
35,2025-07-25,4461.22,INV005363,4801.2,4789.19,0,normal
19,2025-07-25,2189.38,INV000723,2192.18,2213.04,0,normal
26,2025-07-25,3143.27,INV004039,3063.83,3094.8,0,normal
25,2025-07-25,1325.59,INV000030,1382.77,1376.59,0,normal
37,2025-07-25,766.77,INV000430,785.76,781.68,0,normal
59,2025-07-25,3611.79,INV001212,3490.64,3446.11,0,normal
55,2025-07-25,999.25,INV000617,1033.77,1033.32,0,normal
24,2025-07-25,1403.56,INV000715,1455.61,1440.3,0,normal
47,2025-07-25,1947.61,INV000239,2036.6,2028.18,0,normal
11,2025-07-25,3076.75,INV005035,3094.55,3084.45,0,normal
58,2025-07-25,813.23,INV003832,776.0,773.72,0,normal
44,2025-07-25,2038.82,INV003957,2106.32,2090.16,0,normal
55,2025-07-25,999.25,INV000617,1033.77,1515.12,1,overpayment
35,2025-07-25,4461.22,INV004537,4487.56,4449.35,0,normal
39,2025-07-25,3117.04,INV000526,3277.12,3228.53,0,normal
26,2025-07-26,3128.83,INV003356,3055.01,3052.73,0,normal
47,2025-07-26,2269.19,INV000767,2227.88,2195.35,0,normal
29,2025-07-26,1607.09,INV001766,1679.21,1662.0,0,normal
2,2025-07-26,3225.57,INV000152,3462.25,3412.01,0,normal
45,2025-07-26,2475.74,INV004314,2455.67,2464.6,0,normal
43,2025-07-26,2142.96,INV000892,2219.25,2228.43,0,normal
43,2025-07-26,1778.94,INV003754,1738.58,1739.09,0,normal
50,2025-07-26,2235.79,INV002206,2182.18,2164.09,0,normal
32,2025-07-26,1265.47,INV004235,1703.4,1703.4,1,price_variance
28,2025-07-26,1985.17,INV005627,2105.21,2105.21,1,duplicate
21,2025-07-26,1131.89,INV005798-1,1196.07,1196.07,1,duplicate
3,2025-07-26,4250.47,INV000273,4208.63,4998.85,1,overpayment
20,2025-07-26,1671.56,INV001785,1803.75,1822.03,0,normal
45,2025-07-26,2213.21,INV001422,2310.34,2290.38,0,normal
43,2025-07-26,2706.71,INV000468,2799.75,2813.39,0,normal
56,2025-07-26,1547.53,INV001198,1567.11,1557.75,0,normal
32,2025-07-26,1265.47,INV004235,1320.84,1318.07,0,normal
3,2025-07-26,4250.47,INV000273,4208.63,4186.99,0,normal
18,2025-07-26,3490.52,INV003185,3550.23,3513.77,0,normal
43,2025-07-27,2407.29,INV002610,2579.66,3272.98,1,overpayment
10,2025-07-27,2914.62,INV000948,3111.32,3154.22,0,normal
16,2025-07-27,2753.32,INV000154,2961.4,2961.4,0,normal
4,2025-07-27,377.41,INV003291,387.94,393.41,0,normal
14,2025-07-27,2294.56,INV005443,2424.87,2397.26,0,normal
28,2025-07-27,2675.11,INV002441,2746.04,2749.91,0,normal
0,2025-07-27,2104.57,INV005812,2105.4,2121.94,0,normal
55,2025-07-27,823.4,INV001028,889.24,879.55,0,normal
58,2025-07-27,754.85,INV002627,800.65,797.4,0,normal
14,2025-07-27,2726.18,INV005761,2660.52,2661.29,0,normal
51,2025-07-27,3093.37,INV002658,3126.46,3118.22,0,normal
43,2025-07-27,2407.29,INV002610,2579.66,2557.31,0,normal
20,2025-07-27,1576.53,INV004929,1629.74,1625.17,0,normal
16,2025-07-27,2685.74,INV002185,2797.17,2768.91,0,normal
30,2025-07-27,10966.27,INV000304,10696.65,10729.03,0,normal
0,2025-07-27,1949.23,INV001377,2068.4,2060.41,0,normal
42,2025-07-27,1153.66,INV005630,1156.13,1145.21,0,normal
17,2025-07-27,715.36,INV004945,762.84,762.44,0,normal
52,2025-07-27,660.58,INV005578,689.4,679.09,0,normal
4,2025-07-27,367.34,INV004894,373.27,377.32,0,normal
30,2025-07-28,9970.61,INV003682,10381.35,10390.39,0,normal
46,2025-07-28,3630.56,INV003602,3907.47,3873.44,0,normal
9,2025-07-28,812.7,INV005871,791.28,800.3,0,normal
9,2025-07-28,776.22,INV000028,771.64,780.09,0,normal
29,2025-07-28,2535.93,INV001111,2421.07,2439.66,0,normal
29,2025-07-28,2234.03,INV005728,2373.0,2390.91,0,normal
24,2025-07-28,1505.11,INV003046,1774.96,1774.96,1,price_variance
55,2025-07-28,966.79,INV004135,970.82,977.24,0,normal
12,2025-07-28,1906.12,INV004795,2016.01,2013.02,0,normal
33,2025-07-28,803.47,INV005745,858.51,849.15,0,normal
45,2025-07-28,2441.24,INV005354,2530.68,2548.94,0,normal
20,2025-07-28,1667.05,INV000746,1675.91,1680.23,0,normal
26,2025-07-28,3176.97,INV003567,3314.87,3336.68,0,normal
53,2025-07-28,1611.75,INV000759,1717.88,1736.33,0,normal
19,2025-07-28,1408.7,INV003277 ,1446.1,1446.1,1,duplicate
41,2025-07-28,2529.9,INV005478,2581.38,2551.16,0,normal
24,2025-07-28,1505.11,INV003046,1593.33,1583.36,0,normal
9,2025-07-29,971.46,INV001161,1047.97,1060.98,0,normal
49,2025-07-29,2325.81,INV000986,2278.71,2280.75,0,normal
18,2025-07-29,3834.26,INV005850,4112.52,4052.82,0,normal
29,2025-07-29,2505.66,INV002896A,2495.61,2495.61,1,duplicate
52,2025-07-29,546.24,INV001698,615.92,615.92,1,price_variance
38,2025-07-29,1016.7,INV001940,1086.9,1075.19,0,normal
6,2025-07-29,2002.74,INV001221,1971.36,2000.62,0,normal
43,2025-07-29,2755.75,INV004659,2676.95,2711.73,0,normal
22,2025-07-29,4807.98,INV004713,5180.44,5245.21,0,normal
23,2025-07-29,1597.79,INV003073,1566.06,2098.2,1,overpayment
52,2025-07-29,546.24,INV001698,530.07,535.92,0,normal
29,2025-07-29,2790.0,INV001911,2873.96,2887.74,0,normal
2,2025-07-29,3478.66,INV003510,3306.01,3290.5,0,normal
23,2025-07-29,1597.79,INV003073,1566.06,1583.93,0,normal
32,2025-07-29,1428.1,INV003696,1477.57,1481.88,0,normal
12,2025-07-29,1906.12,INV004932,1886.21,1885.18,0,normal
51,2025-07-29,3325.54,INV004942,3225.4,3228.43,0,normal
39,2025-07-29,2675.67,INV005921,2718.1,2700.43,0,normal
56,2025-07-29,1610.63,INV004953,1572.05,1569.0,0,normal
1,2025-07-30,801.3,INV005500,814.18,810.01,0,normal
24,2025-07-30,1292.88,INV001095,1264.04,1253.79,0,normal
12,2025-07-30,1906.12,INV002625,1950.05,1948.94,0,normal
55,2025-07-30,1219.16,INV004186,1174.78,1187.28,0,normal
33,2025-07-30,1012.82,INV004309,1046.17,1045.83,0,normal
29,2025-07-30,2488.72,INV003972,2501.98,2510.85,0,normal
29,2025-07-30,2762.52,INV002895,2739.06,2719.61,0,normal
53,2025-07-30,1509.34,INV004846,1434.49,1416.85,0,normal
49,2025-07-30,1777.59,INV005111,1861.77,1859.2,0,normal
40,2025-07-30,3232.47,INV001182,3421.71,3425.89,0,normal
22,2025-07-30,4807.98,INV000134,4802.73,4851.21,0,normal
28,2025-07-31,2091.82,INV001254,2218.49,2201.9,0,normal
7,2025-07-31,1267.48,INV005108,1249.51,1232.38,0,normal
31,2025-07-31,1409.92,INV003656,1379.18,1380.55,0,normal
0,2025-07-31,2265.81,INV001704,2434.79,2445.53,0,normal
5,2025-07-31,651.91,INV003375,680.37,672.68,0,normal
43,2025-07-31,2597.01,INV000150,2730.88,2741.09,0,normal
21,2025-07-31,759.54,INV001528,783.61,783.12,0,normal
55,2025-07-31,1243.46,INV000341,1329.88,1316.65,0,normal
26,2025-07-31,2683.94,INV002276,2893.3,2890.22,0,normal
24,2025-07-31,1564.31,INV005572,1514.32,1493.62,0,normal
55,2025-07-31,1255.49,INV003085,1261.95,1266.06,0,normal
23,2025-07-31,1597.79,INV001223,1599.79,1591.05,0,normal
50,2025-07-31,1669.11,INV005486,1745.78,1723.92,0,normal
43,2025-07-31,2002.15,INV005049,2085.89,2061.92,0,normal
4,2025-07-31,401.56,INV000414,390.97,385.38,0,normal
16,2025-07-31,1956.97,INV002332,2092.02,2122.99,0,normal
39,2025-07-31,3001.41,INV005749,3149.13,3193.86,0,normal
40,2025-08-01,3111.9,INV002988,3004.92,3031.2,0,normal
40,2025-08-01,3111.9,INV002988,3004.92,3212.67,1,overpayment
31,2025-08-01,1085.0,INV003692,1062.55,1052.55,0,normal
34,2025-08-01,4034.25,INV005098,4293.88,4277.8,0,normal
44,2025-08-01,2179.52,INV001721,2299.27,2312.12,0,normal
25,2025-08-01,1559.48,INV004006,1516.95,1505.95,0,normal
2,2025-08-01,2990.82,INV002535,3029.16,3048.42,0,normal
48,2025-08-01,3167.39,INV001504,3265.05,3303.75,0,normal
2,2025-08-01,2709.62,INV004347,2583.23,2583.97,0,normal
10,2025-08-01,4281.07,INV003705,4378.1,4394.99,0,normal
55,2025-08-01,897.45,INV003250,922.78,923.59,0,normal
34,2025-08-01,2616.24,INV002434,2723.74,2727.26,0,normal
26,2025-08-01,2901.02,INV004052,3119.64,3146.63,0,normal
32,2025-08-01,827.92,INV002065,820.34,810.79,0,normal
17,2025-08-01,759.52,INV004443,758.15,763.62,0,normal
39,2025-08-01,2711.39,INV005469,2717.31,2703.46,0,normal
12,2025-08-01,1906.12,INV003919,2039.47,2067.46,0,normal
34,2025-08-02,2893.5,INV005123,2805.35,2842.72,0,normal
32,2025-08-02,1284.35,INV005150,1379.74,1380.38,0,normal
49,2025-08-02,2062.22,INV004416,2062.72,2058.52,0,normal
37,2025-08-02,779.05,INV001883,797.7,787.37,0,normal
39,2025-08-02,3483.14,INV004941,3605.16,3567.22,0,normal
7,2025-08-02,1594.23,INV000481,1557.14,1554.62,0,normal
42,2025-08-02,904.49,INV002462,931.25,918.03,0,normal
26,2025-08-02,2656.29,INV002671,2810.24,2836.5,0,normal
22,2025-08-02,4807.98,INV001619,5001.71,4944.19,0,normal
59,2025-08-02,5099.59,INV004279,5497.39,5456.74,0,normal
59,2025-08-02,3563.09,INV003503,3563.95,3593.02,0,normal
9,2025-08-02,784.5,INV003323,826.97,816.7,0,normal
33,2025-08-02,1193.35,INV004370,1158.22,1169.13,0,normal
11,2025-08-03,3834.66,INV003592,3853.6,3845.09,0,normal
58,2025-08-03,982.59,INV005539,1007.48,1013.83,0,normal
8,2025-08-03,1934.03,INV002491,1928.95,1902.27,0,normal
2,2025-08-03,3192.92,INV001025,3408.48,3427.83,0,normal
47,2025-08-03,1704.22,INV003236,1686.19,1677.95,0,normal
17,2025-08-03,986.66,INV004266,948.83,951.23,0,normal
55,2025-08-03,1193.96,INV000488,1187.01,1181.96,0,normal
1,2025-08-03,737.49,INV002314,722.07,711.83,0,normal
34,2025-08-03,4311.43,INV004120,4280.43,4249.1,0,normal
42,2025-08-03,879.12,INV000737,931.13,935.48,0,normal
27,2025-08-03,2001.6,INV004514,2134.61,2126.49,0,normal
19,2025-08-03,1647.99,INV001194,1687.5,1707.43,0,normal
58,2025-08-03,982.59,INV005539,1007.48,1017.73,1,overpayment
7,2025-08-03,1302.84,INV002777,1304.03,1292.18,0,normal
13,2025-08-04,3933.5,INV001949,4142.82,4194.35,0,normal
14,2025-08-04,2561.77,INV002396,2544.33,2530.87,0,normal
3,2025-08-04,4785.28,INV005894,4734.27,4681.67,0,normal
58,2025-08-04,1059.12,INV002505,1016.66,1026.83,0,normal
8,2025-08-04,1951.2,INV001989,2041.06,2039.96,0,normal
0,2025-08-04,1949.23,INV001377 ,2068.4,2068.4,1,duplicate
15,2025-08-04,873.43,INV000451,904.3,891.84,0,normal
40,2025-08-04,2668.38,INV002914,2844.84,2880.97,0,normal
19,2025-08-04,1699.85,INV002343,1811.06,1810.93,0,normal
38,2025-08-04,759.75,INV004775,816.97,828.35,0,normal
45,2025-08-04,2243.06,INV004502,3212.93,3212.93,1,price_variance
13,2025-08-04,5184.25,INV002784,5525.44,6228.14,1,overpayment
36,2025-08-04,1650.51,INV003191,1758.22,1763.81,0,normal
56,2025-08-04,1359.85,INV005154,1369.34,1355.79,0,normal
13,2025-08-04,5184.25,INV002784,5525.44,5571.54,0,normal
16,2025-08-04,2617.89,INV004071,2804.07,2808.51,0,normal
48,2025-08-04,3113.49,INV005061,3353.98,3307.62,0,normal
27,2025-08-04,1903.28,INV001972,1858.02,1864.3,0,normal
9,2025-08-04,1032.23,INV002351,1026.56,1020.12,0,normal
48,2025-08-04,2815.16,INV000183,2850.22,2878.2,0,normal
11,2025-08-04,2984.94,INV003448,2836.14,2862.72,0,normal
45,2025-08-04,2243.06,INV004502,2142.01,2141.68,0,normal
1,2025-08-04,660.92,INV000922,643.64,643.47,0,normal
2,2025-08-04,3028.27,INV001958,2882.2,2920.52,0,normal
42,2025-08-05,1053.92,INV005218,1084.34,1095.32,0,normal
58,2025-08-05,915.16,INV001404A,905.59,905.59,1,duplicate
9,2025-08-05,860.27,INV000831,872.32,860.69,0,normal
28,2025-08-05,2564.9,INV003417,2685.68,2652.47,0,normal
21,2025-08-05,860.97,INV002605,867.14,859.39,0,normal
53,2025-08-05,1657.47,INV001667,1726.59,1733.4,0,normal
11,2025-08-05,3080.62,INV004582,3189.59,3207.47,0,normal
13,2025-08-05,4652.5,INV005639,4717.58,4655.98,0,normal
12,2025-08-05,1906.12,INV001150,1869.09,1848.05,0,normal
21,2025-08-05,1050.62,INV004920,1041.0,1032.55,0,normal
12,2025-08-05,1906.12,INV001150,1869.09,2159.38,1,overpayment
9,2025-08-05,880.79,INV002688,885.98,874.13,0,normal
24,2025-08-05,1623.36,INV004226,1749.83,1754.6,0,normal
31,2025-08-05,1450.39,INV003813,1503.97,1513.96,0,normal
40,2025-08-05,3211.96,INV004754 ,3028.3,3028.3,1,duplicate
28,2025-08-06,3163.02,INV005760,3336.09,3336.09,1,price_variance
9,2025-08-06,991.9,INV005587,954.06,952.27,0,normal
28,2025-08-06,2821.14,INV003745,2969.25,2984.29,0,normal
29,2025-08-06,2274.87,INV004469,2191.86,2166.18,0,normal
8,2025-08-06,1621.12,INV001718,1731.6,1723.09,0,normal
48,2025-08-06,2795.99,INV004910,2917.16,2923.83,0,normal
17,2025-08-06,947.35,INV002562,1011.95,1015.03,0,normal
19,2025-08-06,1680.68,INV003796,1758.32,1774.87,0,normal
42,2025-08-06,1183.35,INV002000,1218.23,1204.14,0,normal
15,2025-08-06,846.07,INV004496,861.59,871.3,0,normal
5,2025-08-06,730.76,INV000483,774.38,772.99,0,normal
26,2025-08-06,1555.15,INV004300,1549.72,1549.02,0,normal
37,2025-08-06,932.07,INV000635,918.21,924.76,0,normal
40,2025-08-06,3780.99,INV000038,3663.25,3629.8,0,normal
17,2025-08-06,742.49,INV002567,747.92,744.87,0,normal
24,2025-08-06,1342.81,INV003641,1422.38,1433.22,0,normal
14,2025-08-06,3083.35,INV000802,3314.47,3363.56,0,normal
10,2025-08-06,4555.54,INV000299,4487.06,4475.06,0,normal
26,2025-08-06,2941.64,INV001128,3174.93,3156.93,0,normal
26,2025-08-06,2941.64,INV001128,3174.93,3482.35,1,overpayment
12,2025-08-06,1906.12,INV003649,2044.47,2053.24,0,normal
38,2025-08-06,1194.46,INV003519,1137.77,1138.38,0,normal
32,2025-08-06,1189.16,INV000634,1220.94,1217.82,0,normal
28,2025-08-06,3163.02,INV005760,3347.14,3321.58,0,normal
26,2025-08-06,2514.11,INV003371,2432.19,2452.68,0,normal
13,2025-08-07,4504.36,INV004971,4773.81,4838.59,0,normal
14,2025-08-07,3415.3,INV004843,3275.93,3241.46,0,normal
20,2025-08-07,1466.26,INV004841,1556.92,1569.07,0,normal
22,2025-08-07,4807.98,INV000906,4757.04,4754.4,0,normal
24,2025-08-07,1247.65,INV003488,1343.36,1343.36,1,price_variance
15,2025-08-07,797.8,INV000373,768.0,776.78,0,normal
36,2025-08-07,1650.51,INV005090,1685.79,1667.44,0,normal
10,2025-08-07,2730.21,INV003516,2944.94,2940.79,0,normal
51,2025-08-07,2709.08,INV003904,2599.58,2584.66,0,normal
53,2025-08-07,1514.25,INV000059,1529.66,1547.31,0,normal
2,2025-08-07,3528.32,INV001021,3809.35,3838.28,0,normal
43,2025-08-07,2209.99,INV005622,2100.29,2096.24,0,normal
57,2025-08-07,6619.84,INV002486,6688.95,6626.79,0,normal
21,2025-08-07,836.96,INV003848,893.2,900.93,0,normal
15,2025-08-07,950.62,INV004503,1017.44,1013.06,0,normal
24,2025-08-07,1247.65,INV003488,1242.93,1243.7,0,normal
54,2025-08-08,1226.24,INV004269,1256.37,1266.5,0,normal
36,2025-08-08,1650.51,INV003793,1658.88,1679.98,0,normal
17,2025-08-08,896.95,INV000985,964.43,950.58,0,normal
37,2025-08-08,860.47,INV000580 ,862.83,862.83,1,duplicate
12,2025-08-08,1906.12,INV004409,2047.41,2037.04,0,normal
45,2025-08-08,2339.95,INV004615,2426.78,2398.92,0,normal
24,2025-08-08,1236.72,INV005477,1249.8,1233.56,0,normal
24,2025-08-08,1079.28,INV003521,1094.75,1095.63,0,normal
33,2025-08-08,1013.5,INV000085,982.97,987.56,0,normal
24,2025-08-08,1079.28,INV003521,1481.73,1481.73,1,price_variance
44,2025-08-08,1849.34,INV001812,1893.15,1883.2,0,normal
15,2025-08-08,874.24,INV003989,850.21,852.13,0,normal
52,2025-08-08,525.19,INV000778,566.5,571.1,0,normal
7,2025-08-08,1478.85,INV003728,1493.37,1474.41,0,normal
56,2025-08-08,1409.6,INV005975,1458.46,1462.28,0,normal
21,2025-08-08,920.8,INV001900,949.49,936.79,0,normal
21,2025-08-08,920.8,INV001900,949.49,1077.57,1,overpayment
53,2025-08-08,1159.68,INV001139,1135.66,1140.95,0,normal
7,2025-08-08,1337.45,INV003873,1341.72,1329.44,0,normal
28,2025-08-09,1958.33,INV005386,1945.06,1972.94,0,normal
50,2025-08-09,1878.29,INV000405,1800.94,1789.73,0,normal
12,2025-08-09,1906.12,INV001465,1924.64,1933.84,0,normal
29,2025-08-09,3010.92,INV005359,2888.05,2862.51,0,normal
16,2025-08-09,2061.6,INV000878,2179.84,2192.79,0,normal
57,2025-08-09,6238.78,INV000095,6687.99,6591.73,0,normal
2,2025-08-09,3771.78,INV004700,3918.48,3865.79,0,normal
28,2025-08-09,1852.56,INV004110,1914.65,1893.51,0,normal
18,2025-08-09,3299.92,INV004976,3357.29,3379.79,0,normal
39,2025-08-09,3157.06,INV002660,3315.44,3266.22,0,normal
1,2025-08-09,816.1,INV002254,839.75,834.3,0,normal
28,2025-08-09,1958.33,INV005386,1945.06,2841.86,1,overpayment
34,2025-08-09,2601.29,INV002335,2538.31,2570.24,0,normal
28,2025-08-09,2111.72,INV002209,2095.72,2110.56,0,normal
1,2025-08-09,554.86,INV003213,564.95,566.65,0,normal
45,2025-08-10,2318.24,INV005496,2469.53,2437.04,0,normal
33,2025-08-10,725.41,INV003952,689.28,695.28,0,normal
22,2025-08-10,4807.98,INV004831,5016.9,4950.59,0,normal
49,2025-08-10,1234.14,INV004993,1283.91,1268.97,0,normal
34,2025-08-10,2557.19,INV001210,2671.62,2693.82,0,normal
35,2025-08-10,4461.22,INV003422,4703.16,4752.93,0,normal
51,2025-08-10,3032.93,INV005350,3092.61,3066.83,0,normal
25,2025-08-10,1740.29,INV005007,1829.42,1826.35,0,normal
57,2025-08-10,5171.32,INV005943,4921.67,4851.54,0,normal
1,2025-08-10,887.33,INV001624,908.71,897.74,0,normal
5,2025-08-10,656.34,INV005859A,676.29,676.29,1,duplicate
57,2025-08-10,5098.03,INV001132,4913.33,4906.47,0,normal
24,2025-08-10,1254.76,INV001443,1212.13,1208.22,0,normal
42,2025-08-10,836.8,INV004330,871.97,871.87,0,normal
57,2025-08-10,6205.13,INV002142,6490.45,6439.5,0,normal
16,2025-08-10,2553.7,INV005509,2727.47,2701.35,0,normal
45,2025-08-10,2506.47,INV000828,2650.96,2646.11,0,normal
56,2025-08-10,1164.95,INV000138,1196.36,1194.24,0,normal
59,2025-08-10,4988.57,INV005694,4887.9,4860.37,0,normal
52,2025-08-11,378.22,INV001982,370.95,372.4,0,normal
34,2025-08-11,2811.3,INV001099,2732.61,2761.17,0,normal
24,2025-08-11,1232.16,INV001643,1179.2,1644.26,1,overpayment
18,2025-08-11,4265.43,INV000743,4288.06,4295.6,0,normal
18,2025-08-11,3624.9,INV000789,3514.13,3506.0,0,normal
24,2025-08-11,1232.16,INV001643,1179.2,1180.67,0,normal
35,2025-08-11,4461.22,INV004190,4660.91,4640.38,0,normal
47,2025-08-11,1462.65,INV005267,1469.59,1475.01,0,normal
6,2025-08-11,2002.74,INV004137,2044.74,2049.37,0,normal
26,2025-08-11,2740.18,INV000190,2901.11,2938.62,0,normal
17,2025-08-11,981.5,INV004335,974.46,960.35,0,normal
24,2025-08-11,1135.22,INV000798,1159.86,1153.52,0,normal
23,2025-08-11,1597.79,INV003807,1576.37,1560.09,0,normal
58,2025-08-11,1059.12,INV002505,1016.66,1016.66,1,duplicate
29,2025-08-11,1607.09,INV001766-1,1679.21,1679.21,1,duplicate
46,2025-08-12,3630.56,INV004760,3465.84,3463.09,0,normal
31,2025-08-12,1788.46,INV003979,1826.73,1823.72,0,normal
20,2025-08-12,1667.16,INV003472,1734.21,1713.53,0,normal
7,2025-08-12,1406.06,INV000252,1464.12,1452.24,0,normal
19,2025-08-12,1860.6,INV003906,1962.2,1988.04,0,normal
43,2025-08-12,2159.69,INV002548,2053.56,2033.44,0,normal
38,2025-08-12,917.09,INV004938,979.33,971.56,0,normal
58,2025-08-12,1078.31,INV003181,1122.56,1106.57,0,normal
51,2025-08-12,2380.99,INV000762,2296.77,2297.8,0,normal
42,2025-08-12,1134.39,INV002820,1158.28,1166.1,0,normal
10,2025-08-12,4070.28,INV005229,4255.92,4306.48,0,normal
45,2025-08-12,2286.25,INV004359,2378.96,2384.46,0,normal
43,2025-08-12,2407.29,INV002610-1,2579.66,2579.66,1,duplicate
32,2025-08-12,1055.58,INV003778,1013.25,1026.33,0,normal
23,2025-08-12,1597.79,INV000772,1544.57,1559.61,0,normal
5,2025-08-12,631.41,INV000508,610.91,617.7,0,normal
32,2025-08-12,1221.78,INV005440,1314.09,1304.27,0,normal
33,2025-08-12,878.76,INV003203,928.39,917.76,0,normal
27,2025-08-12,2645.18,INV002109,2732.63,2745.57,0,normal
27,2025-08-12,2417.21,INV001775,2582.93,2575.47,0,normal
27,2025-08-12,3029.98,INV002601,3000.02,2965.38,0,normal
36,2025-08-12,1650.51,INV005090,1699.13,1699.13,1,duplicate
2,2025-08-12,2202.77,INV004084,2104.11,2126.41,0,normal
31,2025-08-12,1788.46,INV003979,2605.03,2605.03,1,price_variance
30,2025-08-12,12602.32,INV000972,13041.8,13192.86,0,normal
30,2025-08-12,10568.43,INV002006,11200.52,11293.06,0,normal
43,2025-08-12,1982.34,INV005722,2079.17,2106.26,0,normal
25,2025-08-13,1274.18,INV002321,1288.46,1274.6,0,normal
31,2025-08-13,848.13,INV004440,814.41,811.82,0,normal
51,2025-08-13,3325.54,INV004942 ,3225.4,3225.4,1,duplicate
28,2025-08-13,2787.23,INV004888,2691.72,2686.48,0,normal
36,2025-08-13,1650.51,INV005097,1701.58,1702.15,0,normal
36,2025-08-13,1650.51,INV002726,1641.82,1628.4,0,normal
42,2025-08-13,1230.24,INV002163,1203.12,1214.4,0,normal
36,2025-08-13,1650.51,INV005364,1720.29,1740.29,0,normal
56,2025-08-13,1513.29,INV004666,1490.52,1764.25,1,overpayment
51,2025-08-13,3000.85,INV005941,2971.44,2969.67,0,normal
40,2025-08-13,3663.06,INV005291,3652.62,3613.38,0,normal
55,2025-08-13,1062.52,INV005003,1111.53,1101.87,0,normal
6,2025-08-13,2002.74,INV003825,1983.99,1973.95,0,normal
24,2025-08-13,1392.82,INV004935,1426.3,1418.26,0,normal
45,2025-08-13,2473.63,INV001133,2370.86,2364.6,0,normal
37,2025-08-13,737.33,INV001416,732.18,734.09,0,normal
38,2025-08-13,990.54,INV005175,1004.79,992.42,0,normal
58,2025-08-13,878.53,INV000981,947.87,953.71,0,normal
31,2025-08-13,1314.34,INV003755,1249.15,1232.98,0,normal
56,2025-08-13,1274.76,INV003963,1282.86,1274.69,0,normal
56,2025-08-13,1513.29,INV004666,1490.52,1499.94,0,normal
22,2025-08-14,4807.98,INV002761,5040.37,4984.58,0,normal
52,2025-08-14,469.55,INV003660,491.31,487.92,0,normal
11,2025-08-14,3600.1,INV004546,3442.98,3482.71,0,normal
31,2025-08-14,1223.87,INV003251,1321.49,1336.56,0,normal
27,2025-08-14,2201.79,INV001310,2109.63,2126.48,0,normal
39,2025-08-14,2338.06,INV005768,2423.53,2419.24,0,normal
1,2025-08-14,770.35,INV001978,732.81,733.38,0,normal
14,2025-08-14,3125.39,INV000586,3292.94,3966.08,1,overpayment
14,2025-08-14,3125.39,INV000586,3292.94,3332.26,0,normal
20,2025-08-14,1625.34,INV005010,1643.44,1660.71,0,normal
0,2025-08-14,2972.78,INV002401,3129.61,3125.36,0,normal
21,2025-08-14,1077.63,INV000734,1076.92,1089.47,0,normal
45,2025-08-14,1334.3,INV001931,1392.57,1399.29,0,normal
59,2025-08-14,4803.08,INV004794,4688.16,4700.24,0,normal
45,2025-08-14,2005.58,INV004862,2162.71,2177.43,0,normal
16,2025-08-14,2634.54,INV005976,2722.44,2757.0,0,normal
48,2025-08-14,2905.72,INV002792,2973.59,2983.96,0,normal
22,2025-08-14,4807.98,INV000383,4827.16,4842.83,0,normal
47,2025-08-14,2606.78,INV001372,2510.16,2485.01,0,normal
43,2025-08-14,2175.69,INV003694,2318.13,2321.35,0,normal
52,2025-08-15,660.58,INV005578A,696.23,696.23,1,duplicate
30,2025-08-15,14390.99,INV003695,15017.05,15056.43,0,normal
10,2025-08-15,3331.82,INV004851,3193.61,3212.57,0,normal
21,2025-08-15,1103.62,INV004788,1050.85,1046.87,0,normal
45,2025-08-15,2116.72,INV005424,2134.48,2116.58,0,normal
53,2025-08-15,1251.61,INV004037,1225.46,1215.24,0,normal
52,2025-08-15,689.49,INV001547,709.61,701.61,0,normal
6,2025-08-15,2002.74,INV001334,2024.19,2045.69,0,normal
8,2025-08-15,1513.37,INV000589,1577.52,1567.88,0,normal
6,2025-08-15,2002.74,INV000338,2004.84,1996.73,0,normal
34,2025-08-15,3321.16,INV005693,3582.75,3587.68,0,normal
33,2025-08-15,1071.29,INV001419,1042.4,1031.83,0,normal
48,2025-08-15,3922.81,INV001951,3770.84,3717.25,0,normal
40,2025-08-15,3270.47,INV002387,3486.78,3489.87,0,normal
5,2025-08-15,673.97,INV001493,665.45,663.73,0,normal
40,2025-08-15,3270.47,INV002387,3486.78,4516.41,1,overpayment
46,2025-08-15,3630.56,INV000997,3471.08,3515.77,0,normal
33,2025-08-15,871.01,INV005174,922.17,911.96,0,normal
38,2025-08-15,1048.71,INV000689,1049.29,1061.61,0,normal
13,2025-08-16,4642.31,INV005106,4422.6,4416.45,0,normal
16,2025-08-16,1970.93,INV005466,2118.79,2091.05,0,normal
54,2025-08-16,1437.3,INV002957,1365.56,1376.29,0,normal
17,2025-08-16,1082.03,INV005045,1072.54,1073.75,0,normal
3,2025-08-16,4258.3,INV005571,4332.91,4299.33,0,normal
40,2025-08-16,2232.83,INV000012,2161.27,2153.68,0,normal
35,2025-08-16,4461.22,INV000873,4305.62,4273.21,0,normal
57,2025-08-16,5098.03,INV001132A,4830.57,4830.57,1,duplicate
31,2025-08-16,1587.78,INV003020,1533.94,1533.47,0,normal
23,2025-08-16,1597.79,INV001140,1614.74,1635.57,0,normal
41,2025-08-16,2889.49,INV003552,3110.51,3124.14,0,normal
15,2025-08-16,961.29,INV001415,974.48,977.78,0,normal
44,2025-08-16,2367.18,INV003007,2257.13,2286.95,0,normal
11,2025-08-16,2812.8,INV005724,2791.61,2777.79,0,normal
16,2025-08-16,2152.33,INV003997,2275.0,2243.68,0,normal
30,2025-08-16,11951.16,INV003889,11710.4,11829.47,0,normal
52,2025-08-17,495.76,INV004227,503.38,506.81,0,normal
34,2025-08-17,3271.22,INV005347,3405.6,3423.0,0,normal
55,2025-08-17,1371.41,INV000176,1306.08,1322.3,0,normal
54,2025-08-17,1102.14,INV001706,1146.84,1688.54,1,overpayment
4,2025-08-17,413.32,INV002234,427.12,431.41,0,normal
50,2025-08-17,2652.08,INV005638,2667.64,2637.32,0,normal
50,2025-08-17,2310.09,INV000918,2482.57,2461.96,0,normal
15,2025-08-17,1117.51,INV004099,1090.71,1091.07,0,normal
18,2025-08-17,3347.37,INV003697,5147.86,5147.86,1,price_variance
7,2025-08-17,1353.2,INV005584,1349.58,1353.6,0,normal
31,2025-08-17,1103.7,INV000920,1181.78,1184.06,0,normal
18,2025-08-17,3347.37,INV003697,3302.49,3269.25,0,normal
41,2025-08-17,2458.12,INV005783,2622.45,2660.11,0,normal
34,2025-08-17,2502.44,INV002474,2466.49,2478.02,0,normal
49,2025-08-17,1856.25,INV004763,1793.47,1790.82,0,normal
16,2025-08-17,3020.85,INV004985,2902.0,2926.31,0,normal
30,2025-08-17,8043.71,INV002019,8112.75,8005.99,0,normal
54,2025-08-17,1102.14,INV001706,1146.84,1129.78,0,normal
50,2025-08-17,2437.29,INV000116,2590.37,2586.95,0,normal
41,2025-08-17,2623.23,INV004560,2832.34,2846.47,0,normal
11,2025-08-17,3082.2,INV003664,3273.79,3226.55,0,normal
28,2025-08-17,2749.34,INV004462,2668.21,2667.9,0,normal
20,2025-08-17,1362.29,INV005909,1424.48,1419.84,0,normal
34,2025-08-17,3039.58,INV004732,3157.97,3111.31,0,normal
10,2025-08-18,3993.98,INV001371,4283.86,4280.11,0,normal
55,2025-08-18,1249.5,INV004734,1190.24,1186.43,0,normal
2,2025-08-18,3124.53,INV000329,3228.38,3211.63,0,normal
35,2025-08-18,4461.22,INV001399,4591.95,4583.79,0,normal
6,2025-08-18,2002.74,INV004880,1915.58,1920.84,0,normal
9,2025-08-18,917.41,INV001696,918.0,910.07,0,normal
11,2025-08-18,3600.1,INV004546-1,3442.98,3442.98,1,duplicate
53,2025-08-18,1357.01,INV004468,1433.1,1443.9,0,normal
56,2025-08-18,1174.96,INV002375,1228.9,1216.92,0,normal
4,2025-08-18,348.16,INV003642,373.69,378.33,0,normal
20,2025-08-18,1530.67,INV000824,1599.15,1591.87,0,normal
37,2025-08-18,860.96,INV002584,836.68,841.32,0,normal
36,2025-08-18,1650.51,INV003619,1574.85,1586.3,0,normal
14,2025-08-18,2544.8,INV003803,2532.5,2551.22,0,normal
14,2025-08-19,2889.72,INV003633,3036.53,3079.58,0,normal
19,2025-08-19,1554.85,INV004367,1499.61,1496.78,0,normal
42,2025-08-19,1078.9,INV003625,1155.61,1169.06,0,normal
33,2025-08-19,1018.52,INV004678,978.8,965.44,0,normal
26,2025-08-19,1951.46,INV004697,2048.67,2040.09,0,normal
37,2025-08-19,986.96,INV001295,1005.55,990.9,0,normal
21,2025-08-19,1050.62,INV004920 ,1041.0,1041.0,1,duplicate
59,2025-08-19,4589.78,INV005040,4594.96,4658.3,0,normal
48,2025-08-19,3057.68,INV003558,3194.1,3241.1,0,normal
36,2025-08-19,1650.51,INV001584A,1593.49,1593.49,1,duplicate
19,2025-08-19,1630.35,INV001660,1656.29,1674.8,0,normal
17,2025-08-19,728.01,INV003471,707.75,715.93,0,normal
29,2025-08-19,2730.22,INV005102,2634.8,3845.68,1,overpayment
21,2025-08-19,1309.64,INV004996,1299.59,1314.04,0,normal
29,2025-08-19,2730.22,INV005102,2634.8,2668.21,0,normal
15,2025-08-19,1086.13,INV003270,1165.12,1156.36,0,normal
51,2025-08-19,3184.83,INV001264,3067.34,3092.45,0,normal
21,2025-08-20,1074.44,INV004796,1149.98,1148.27,0,normal
35,2025-08-20,4461.22,INV005877,4517.18,4484.17,0,normal
37,2025-08-20,943.99,INV004758,940.75,934.45,0,normal
4,2025-08-20,324.02,INV004399,311.51,313.51,0,normal
32,2025-08-20,993.99,INV000316,1070.84,1057.54,0,normal
27,2025-08-20,2186.05,INV003805,2123.58,2148.16,0,normal
49,2025-08-20,2233.18,INV003495,2201.76,2228.13,0,normal
9,2025-08-20,1085.4,INV004338,1130.61,1135.59,0,normal
39,2025-08-20,2454.26,INV002236,2409.33,2426.38,0,normal
20,2025-08-20,1645.23,INV003006,1586.51,1577.55,0,normal
58,2025-08-20,1004.31,INV005569,1043.46,1033.1,0,normal
15,2025-08-20,880.99,INV003729,860.82,849.45,0,normal
54,2025-08-20,1358.66,INV004947,1445.08,1464.47,0,normal
46,2025-08-20,3630.56,INV000666,3477.62,3488.44,0,normal
34,2025-08-20,3601.58,INV002892,3521.85,3493.58,0,normal
45,2025-08-20,1879.23,INV002036,1874.4,1898.44,0,normal
43,2025-08-20,2110.12,INV001396,2137.14,2114.86,0,normal
15,2025-08-21,815.61,INV005953,869.08,870.4,0,normal
46,2025-08-21,3630.56,INV003235,3787.9,3799.47,0,normal
16,2025-08-21,2685.74,INV002185A,2767.41,2767.41,1,duplicate
9,2025-08-21,890.92,INV001450,915.92,902.37,0,normal
30,2025-08-21,12115.09,INV001197,12428.78,12506.47,0,normal
37,2025-08-21,890.36,INV005497,873.98,867.84,0,normal
54,2025-08-21,1000.22,INV005632,978.08,976.04,0,normal
52,2025-08-21,549.5,INV004234,540.28,544.57,0,normal
20,2025-08-21,1411.56,INV002078,1419.44,1400.79,0,normal
58,2025-08-21,1004.31,INV005569 ,1049.24,1049.24,1,duplicate
1,2025-08-21,717.82,INV002016,698.18,691.56,0,normal
14,2025-08-21,2726.18,INV005761A,2707.15,2707.15,1,duplicate
37,2025-08-21,860.96,INV002584-1,826.47,826.47,1,duplicate
50,2025-08-21,2023.88,INV001414,2184.61,2162.82,0,normal
4,2025-08-21,360.77,INV002719,343.93,349.06,0,normal
10,2025-08-21,3214.57,INV004383,3321.67,3321.98,0,normal
32,2025-08-21,1246.38,INV003222,1204.47,1195.61,0,normal
27,2025-08-22,2693.77,INV000660,2882.72,2846.6,0,normal
22,2025-08-22,4807.98,INV002818,4624.02,4624.58,0,normal
34,2025-08-22,2422.11,INV005618,2452.88,2489.17,0,normal
1,2025-08-22,678.82,INV005184,681.09,678.22,0,normal
48,2025-08-22,2833.63,INV003001,2871.21,2836.53,0,normal
50,2025-08-22,2883.09,INV005239,2909.55,2897.83,0,normal
24,2025-08-22,1687.31,INV000327,1713.56,1692.75,0,normal
16,2025-08-22,2610.07,INV000047,2702.0,2695.14,0,normal
8,2025-08-22,1929.44,INV002085,1835.76,1841.65,0,normal
58,2025-08-22,1017.19,INV004676,1041.93,1028.44,0,normal
30,2025-08-22,8721.82,INV001821,8671.2,8718.07,0,normal
47,2025-08-22,2016.35,INV003854,2023.55,2007.2,0,normal
2,2025-08-22,2612.46,INV002094,2745.46,2711.75,0,normal
20,2025-08-22,1673.18,INV005667,1727.19,1744.89,0,normal
59,2025-08-22,4877.82,INV003534,5069.45,5018.52,0,normal
7,2025-08-22,1426.59,INV004166,1378.39,1394.33,0,normal
15,2025-08-22,1156.63,INV003762,1195.72,1212.1,0,normal
3,2025-08-22,3191.06,INV004096,3173.05,3157.66,0,normal
28,2025-08-23,2966.17,INV005612,3050.72,3023.89,0,normal
29,2025-08-23,2601.1,INV003951,2541.51,2517.56,0,normal
17,2025-08-23,1009.51,INV002960,1043.92,1037.04,0,normal
3,2025-08-23,2596.36,INV000301,2718.38,2702.84,0,normal
52,2025-08-23,557.6,INV002994,534.86,528.76,0,normal
3,2025-08-23,4224.75,INV005292,4233.31,4223.43,0,normal
17,2025-08-23,644.72,INV002933,662.2,656.84,0,normal
14,2025-08-23,2984.73,INV003088,2944.18,2919.47,0,normal
44,2025-08-23,2219.23,INV005130,2208.64,2185.08,0,normal
33,2025-08-23,990.54,INV001013,1020.84,1011.18,0,normal
45,2025-08-23,2332.65,INV005442,2221.33,2207.99,0,normal
55,2025-08-23,1020.71,INV001506,1019.74,1014.5,0,normal
45,2025-08-23,1571.33,INV002598,1589.74,1568.95,0,normal
6,2025-08-23,2002.74,INV005802,2005.83,1988.92,0,normal
47,2025-08-23,1918.19,INV001439,2039.37,2020.56,0,normal
13,2025-08-23,4473.68,INV005001,4318.96,4309.45,0,normal
40,2025-08-23,2525.1,INV005014,2602.83,2578.65,0,normal
36,2025-08-24,1650.51,INV005736,1695.62,1710.02,0,normal
5,2025-08-24,547.3,INV002712,579.79,577.63,0,normal
58,2025-08-24,1012.29,INV004008,1072.47,1069.39,0,normal
34,2025-08-24,3449.47,INV003297,3302.02,3318.91,0,normal
12,2025-08-24,1906.12,INV005380,2046.0,2075.45,0,normal
2,2025-08-24,3768.17,INV003626,3623.29,3636.41,0,normal
43,2025-08-24,2398.22,INV004607,2296.57,2550.49,1,overpayment
9,2025-08-24,783.2,INV001236,787.43,795.36,0,normal
50,2025-08-24,2313.0,INV004698,2249.45,2277.3,0,normal
39,2025-08-24,3072.09,INV001352,3196.39,3180.86,0,normal
52,2025-08-24,690.93,INV001756,682.57,680.5,0,normal
44,2025-08-24,2030.17,INV001036,1988.85,1991.74,0,normal
33,2025-08-24,1004.42,INV002788,1082.15,1072.25,0,normal
49,2025-08-24,1761.8,INV004477,1867.53,1839.9,0,normal
50,2025-08-24,2313.0,INV004698,2493.54,2493.54,1,price_variance
50,2025-08-24,1674.11,INV004612,1799.53,1816.53,0,normal
30,2025-08-24,12246.25,INV000763,11805.83,11924.17,0,normal
43,2025-08-24,2398.22,INV004607,2296.57,2308.86,0,normal
6,2025-08-24,2002.74,INV004671,1991.16,2002.65,0,normal
19,2025-08-24,1497.7,INV005481,1455.25,1454.17,0,normal
49,2025-08-24,1962.48,INV005588,1999.18,1986.2,0,normal
37,2025-08-24,818.67,INV004350,814.24,804.23,0,normal
40,2025-08-25,3993.0,INV000491,4091.45,4142.99,0,normal
55,2025-08-25,1141.06,INV000858,1177.27,1170.03,0,normal
23,2025-08-25,1597.79,INV001814,1599.94,1623.32,0,normal
8,2025-08-25,1604.14,INV002418,1656.66,1646.74,0,normal
58,2025-08-25,748.99,INV003025,802.72,808.33,0,normal
37,2025-08-25,1191.03,INV002876,1170.15,1184.95,0,normal
1,2025-08-25,733.38,INV001349,784.42,776.24,0,normal
2,2025-08-25,3028.27,INV001958 ,2922.48,2922.48,1,duplicate
9,2025-08-25,877.52,INV000145,893.84,890.45,0,normal
7,2025-08-25,1329.67,INV002578,1271.71,1289.04,0,normal
58,2025-08-25,1000.82,INV003440,1072.47,1080.88,0,normal
6,2025-08-25,2002.74,INV002701,1916.97,1918.37,0,normal
53,2025-08-25,1412.49,INV002998,1373.03,1366.26,0,normal
32,2025-08-25,950.89,INV001909,1006.89,1012.33,0,normal
38,2025-08-25,1054.77,INV000213,1083.87,1088.17,0,normal
36,2025-08-25,1650.51,INV001899,1674.89,1668.37,0,normal
2,2025-08-25,2461.34,INV003300,2627.2,2652.67,0,normal
7,2025-08-25,1400.25,INV001631,1491.65,1506.42,0,normal
26,2025-08-25,3420.33,INV000555,3673.08,3697.23,0,normal
52,2025-08-25,599.07,INV004085,602.82,606.8,0,normal
5,2025-08-25,690.97,INV001788,660.66,663.2,0,normal
41,2025-08-26,2951.5,INV004277,2957.33,2981.24,0,normal
18,2025-08-26,3347.37,INV003697A,3302.49,3302.49,1,duplicate
11,2025-08-26,3743.42,INV001715,3683.31,3706.4,0,normal
52,2025-08-26,578.52,INV005655,587.34,583.4,0,normal
8,2025-08-26,1879.0,INV000163,1842.65,1851.91,0,normal
32,2025-08-26,1508.94,INV004463,1592.15,1614.08,0,normal
53,2025-08-26,1396.11,INV004472,1416.23,1411.73,0,normal
1,2025-08-26,912.56,INV000542,884.34,880.5,0,normal
46,2025-08-26,3630.56,INV004983,3835.89,3809.26,0,normal
44,2025-08-26,2357.92,INV004062,2426.98,2395.84,0,normal
11,2025-08-26,3337.42,INV003720,3260.83,3251.04,0,normal
21,2025-08-26,924.73,INV004505,893.76,902.26,0,normal
56,2025-08-26,1580.73,INV001809,1649.5,1635.95,0,normal
48,2025-08-26,3078.63,INV002963,3141.63,3171.58,0,normal
47,2025-08-26,1979.36,INV005209,2128.15,2112.19,0,normal
8,2025-08-26,1902.98,INV003771,1835.07,1855.41,0,normal
41,2025-08-27,2107.2,INV003768,2138.0,2140.38,0,normal
16,2025-08-27,2359.02,INV001864,2529.43,2563.41,0,normal
13,2025-08-27,7145.33,INV002113,6944.86,6981.35,0,normal
31,2025-08-27,1058.58,INV001441,1018.76,1022.94,0,normal
44,2025-08-27,1971.6,INV001616,1942.63,1950.61,0,normal
7,2025-08-27,1166.06,INV002678,1139.82,1131.67,0,normal
33,2025-08-27,893.53,INV002821,886.63,881.12,0,normal
58,2025-08-27,939.26,INV001710,928.35,937.78,0,normal
3,2025-08-27,4247.06,INV002128,4063.31,4066.51,0,normal
25,2025-08-27,1363.49,INV003318,1377.12,1360.0,0,normal
21,2025-08-27,752.71,INV003766,812.86,808.12,0,normal
0,2025-08-27,2332.26,INV005910,2443.49,2434.87,0,normal
3,2025-08-27,3308.71,INV002543,3404.19,3373.66,0,normal
33,2025-08-27,878.76,INV003203,926.4,926.4,1,duplicate
49,2025-08-27,2217.2,INV005423,2280.7,2291.6,0,normal
30,2025-08-27,10379.54,INV002707,10938.56,10871.04,0,normal
20,2025-08-27,1884.1,INV001347,1886.74,1870.64,0,normal
51,2025-08-27,2663.8,INV002661,3174.65,3174.65,1,price_variance
51,2025-08-27,2663.8,INV002661,2663.34,2669.34,0,normal
11,2025-08-27,3588.19,INV004247,3664.78,3691.12,0,normal
30,2025-08-27,10440.68,INV000846,10381.67,10391.38,0,normal
55,2025-08-28,1374.66,INV004298,1308.49,1327.15,0,normal
28,2025-08-28,2536.55,INV003610,2723.17,2758.7,0,normal
28,2025-08-28,2131.76,INV001296,2300.32,2327.36,0,normal
24,2025-08-28,1040.8,INV001828,1014.26,1009.26,0,normal
18,2025-08-28,3743.53,INV003654,5474.98,5474.98,1,price_variance
1,2025-08-28,985.69,INV003653,1058.38,1046.78,0,normal
33,2025-08-28,937.07,INV000977,1013.23,1013.23,1,price_variance
14,2025-08-28,2511.14,INV005633,2442.63,2450.29,0,normal
8,2025-08-28,1514.99,INV002235,1636.02,1655.5,0,normal
38,2025-08-28,752.83,INV003451,757.36,759.22,0,normal
17,2025-08-28,828.39,INV002461,864.82,857.63,0,normal
35,2025-08-28,4461.22,INV005769,4396.19,4396.98,0,normal
31,2025-08-28,1273.76,INV001888,1343.07,1360.14,0,normal
28,2025-08-28,1898.37,INV003315,2048.04,2046.83,0,normal
34,2025-08-28,2785.58,INV005093,2868.54,2896.64,0,normal
33,2025-08-28,937.07,INV000977,918.96,916.43,0,normal
59,2025-08-28,4037.97,INV004258,4184.56,4169.81,0,normal
18,2025-08-28,3743.53,INV003654,3585.14,3536.88,0,normal
46,2025-08-29,3630.56,INV003105,3830.42,3811.28,0,normal
50,2025-08-29,3289.92,INV003384,3186.96,3185.75,0,normal
35,2025-08-29,4461.22,INV004020,4706.66,5345.99,1,overpayment
33,2025-08-29,1033.76,INV003598,1114.75,1129.89,0,normal
38,2025-08-29,1053.62,INV001222,1021.23,1032.25,0,normal
37,2025-08-29,1207.88,INV000098,1303.6,1288.72,0,normal
35,2025-08-29,4461.22,INV004621,4596.55,4577.5,0,normal
40,2025-08-29,2487.24,INV005353,2475.83,2502.75,0,normal
35,2025-08-29,4461.22,INV004020,4706.66,4764.09,0,normal
55,2025-08-29,1201.37,INV004714,1164.65,1169.21,0,normal
14,2025-08-29,2446.3,INV004461,2449.26,2425.13,0,normal
17,2025-08-29,935.43,INV000236,936.18,940.15,0,normal
0,2025-08-29,2476.61,INV000601,2430.4,2461.5,0,normal
39,2025-08-29,3072.04,INV000577,3118.59,3076.77,0,normal
11,2025-08-29,3505.85,INV005870,3334.11,3286.1,0,normal
39,2025-08-29,2303.53,INV004057,2312.08,2297.48,0,normal
59,2025-08-29,3888.37,INV003289,4047.18,4000.17,0,normal
33,2025-08-29,834.3,INV000510,821.83,820.16,0,normal
54,2025-08-29,1264.12,INV001042,1347.29,1364.32,0,normal
37,2025-08-29,976.66,INV002481,1025.99,1016.1,0,normal
37,2025-08-29,976.66,INV002481,1025.99,1122.02,1,overpayment
13,2025-08-29,4479.24,INV002691,4521.34,4583.15,0,normal
47,2025-08-29,2187.75,INV004117,2092.75,2088.29,0,normal
20,2025-08-29,1640.15,INV001959,1649.3,1626.52,0,normal
57,2025-08-30,4189.34,INV005470,4022.92,3987.49,0,normal
6,2025-08-30,2002.74,INV001293,2144.04,2125.24,0,normal
10,2025-08-30,3755.73,INV004528,3686.55,3697.85,0,normal
21,2025-08-30,992.84,INV001811,1007.27,1002.61,0,normal
2,2025-08-30,1873.0,INV004889,1992.07,1975.6,0,normal
24,2025-08-30,889.0,INV003744,955.43,958.79,0,normal
38,2025-08-30,1178.92,INV003485,1201.54,1202.29,0,normal
18,2025-08-30,4247.77,INV005922,4495.12,5362.78,1,overpayment
37,2025-08-30,857.86,INV003620,862.62,858.61,0,normal
26,2025-08-30,2562.25,INV003759,2494.43,2459.01,0,normal
17,2025-08-30,736.02,INV004865,730.83,726.92,0,normal
18,2025-08-30,4002.23,INV001593,3898.68,3861.65,0,normal
17,2025-08-30,731.6,INV001316,788.71,791.76,0,normal
18,2025-08-30,4247.77,INV005922,4495.12,4545.33,0,normal
24,2025-08-30,1040.8,INV001828-1,1032.96,1032.96,1,duplicate
56,2025-08-30,1827.67,INV002663,1761.24,1768.11,0,normal
44,2025-08-30,2209.07,INV003604,2126.33,2103.2,0,normal
9,2025-08-30,1035.75,INV002918,1014.17,1023.76,0,normal
31,2025-08-30,1240.04,INV005348,1244.55,1254.41,0,normal
15,2025-08-30,1128.66,INV001168,1214.44,1231.77,0,normal
3,2025-08-30,2596.36,INV000301-1,2723.82,2723.82,1,duplicate
48,2025-08-30,3426.61,INV001848,3565.84,3513.48,0,normal
41,2025-08-30,2395.14,INV001302,2392.6,2390.37,0,normal
27,2025-08-30,2413.13,INV002887,2390.19,2398.06,0,normal
8,2025-08-31,2031.72,INV001690,2138.31,2143.07,0,normal
38,2025-08-31,1048.71,INV000689-1,1045.48,1045.48,1,duplicate
24,2025-08-31,1371.78,INV004739,1409.29,1425.29,0,normal
33,2025-08-31,1003.65,INV005164,1074.71,1066.57,0,normal
5,2025-08-31,607.74,INV002076,642.87,636.22,0,normal
2,2025-08-31,2370.38,INV000317,2337.71,2366.48,0,normal
0,2025-08-31,1990.7,INV004838,2141.71,2132.96,0,normal
36,2025-08-31,1650.51,INV000522,1676.26,1653.91,0,normal
45,2025-08-31,2078.74,INV004654,2091.48,2064.27,0,normal
1,2025-08-31,650.68,INV003064,644.79,650.42,0,normal
57,2025-08-31,5824.22,INV001539,5772.82,5780.04,0,normal
31,2025-08-31,1355.41,INV003401,1446.98,1451.14,0,normal
22,2025-09-01,4807.98,INV004431,4931.96,4956.06,0,normal
46,2025-09-01,3630.56,INV002829,3600.31,3643.17,0,normal
14,2025-09-01,2833.32,INV005673,2775.62,2767.27,0,normal
56,2025-09-01,1090.06,INV005152,1070.2,1066.75,0,normal
5,2025-09-01,638.02,INV004453,615.3,618.39,0,normal
45,2025-09-01,2160.1,INV005990,2103.61,2118.47,0,normal
43,2025-09-01,2096.29,INV003591,2210.95,2187.29,0,normal
40,2025-09-01,3611.7,INV004778,3776.09,3769.69,0,normal
16,2025-09-01,1335.01,INV001672,1351.11,1336.27,0,normal
52,2025-09-01,720.55,INV005715,740.87,749.41,0,normal
47,2025-09-01,1556.73,INV005651,1530.25,1541.36,0,normal
41,2025-09-01,2645.83,INV001369,2570.11,2587.78,0,normal
58,2025-09-01,738.67,INV001005,762.52,772.88,0,normal
18,2025-09-01,3460.27,INV004343,3568.62,3542.12,0,normal
11,2025-09-01,3463.59,INV002684,3489.19,3494.07,0,normal
35,2025-09-01,4461.22,INV000475,4420.21,4383.21,0,normal
3,2025-09-01,4232.08,INV005725,4035.35,4073.3,0,normal
33,2025-09-01,1145.11,INV005310,1114.29,1125.8,0,normal
31,2025-09-01,1497.16,INV005231,1573.9,1557.67,0,normal
19,2025-09-02,1453.6,INV004853,1434.43,1418.96,0,normal
39,2025-09-02,3769.43,INV001567,3782.97,3768.77,0,normal
0,2025-09-02,2088.31,INV001494,2218.94,2228.41,0,normal
7,2025-09-02,1668.48,INV001859,1688.33,1706.34,0,normal
27,2025-09-02,3292.89,INV004873,3242.52,3244.65,0,normal
17,2025-09-02,812.18,INV001748,838.49,827.7,0,normal
31,2025-09-02,1386.37,INV003147,1381.69,1377.88,0,normal
25,2025-09-02,1183.85,INV005027,1179.92,1170.72,0,normal
47,2025-09-02,2303.25,INV001171,2292.34,2298.71,0,normal
13,2025-09-02,4517.33,INV005417,4663.75,4620.63,0,normal
1,2025-09-03,795.4,INV000184,772.48,762.3,0,normal
5,2025-09-03,521.87,INV001011,556.36,560.34,0,normal
3,2025-09-03,4261.71,INV003674,4049.81,4086.94,0,normal
8,2025-09-03,1509.28,INV004123,1524.01,1544.71,0,normal
37,2025-09-03,992.54,INV004803,1056.55,1046.99,0,normal
30,2025-09-03,8684.41,INV000099,8308.79,8334.4,0,normal
37,2025-09-03,900.77,INV001934,946.78,952.62,0,normal
14,2025-09-03,2644.58,INV001046,2572.47,2546.63,0,normal
38,2025-09-03,607.19,INV001472,636.66,645.39,0,normal
43,2025-09-03,2182.53,INV001842,3053.95,3053.95,1,price_variance
24,2025-09-03,985.26,INV005485,1054.06,1048.76,0,normal
0,2025-09-03,2102.44,INV004148,2127.62,2125.67,0,normal
55,2025-09-03,1213.11,INV002758,1207.21,1199.63,0,normal
47,2025-09-03,2644.15,INV000447,2630.59,2661.41,0,normal
17,2025-09-03,678.75,INV004694,657.37,659.25,0,normal
36,2025-09-03,1650.51,INV002925,1576.44,1588.7,0,normal
43,2025-09-03,2182.53,INV001842,2354.71,2385.3,0,normal
24,2025-09-03,1236.72,INV005477,1241.13,1241.13,1,duplicate
24,2025-09-03,1195.62,INV002670,1166.84,1180.32,0,normal
56,2025-09-03,1273.13,INV002152,1337.08,1354.78,0,normal
40,2025-09-03,3121.19,INV005202,3059.01,3079.72,0,normal
11,2025-09-04,3445.55,INV002266,3669.18,3614.6,0,normal
3,2025-09-04,3625.96,INV004143,3675.87,3664.89,0,normal
46,2025-09-04,3630.56,INV001481,3746.31,3703.71,0,normal
17,2025-09-04,814.53,INV003960,828.74,832.05,0,normal
22,2025-09-04,4807.98,INV002863,4874.61,4938.98,0,normal
28,2025-09-04,2385.71,INV000729,2413.47,2416.83,0,normal
41,2025-09-04,2732.28,INV001966,2711.36,2735.3,0,normal
49,2025-09-04,1500.11,INV002924,1515.54,1507.9,0,normal
55,2025-09-04,1253.48,INV002642,1251.66,1260.89,0,normal
22,2025-09-04,4807.98,INV003286,4789.25,4799.07,0,normal
46,2025-09-04,3630.56,INV002981,3491.65,3459.56,0,normal
8,2025-09-04,1949.57,INV001200,1978.76,1997.48,0,normal
8,2025-09-04,1428.23,INV003426,1412.87,1422.7,0,normal
16,2025-09-04,2251.89,INV000264,2183.95,2177.49,0,normal
14,2025-09-04,2693.55,INV002816,2809.44,2776.96,0,normal
42,2025-09-04,1144.33,INV001072,1134.54,1131.42,0,normal
47,2025-09-05,2220.43,INV002426,2277.9,2265.83,0,normal
51,2025-09-05,3620.3,INV004911,3605.58,3633.87,0,normal
30,2025-09-05,7378.76,INV000808,7609.7,7612.37,0,normal
29,2025-09-05,2672.87,INV000473,2810.48,2846.2,0,normal
29,2025-09-05,2682.45,INV004948,2802.37,2829.36,0,normal
41,2025-09-05,1966.8,INV005381,1997.17,2024.99,0,normal
44,2025-09-05,2141.03,INV005726,2111.0,2093.63,0,normal
58,2025-09-05,870.44,INV000649,884.35,873.22,0,normal
5,2025-09-05,572.07,INV001083,555.15,557.61,0,normal
9,2025-09-05,859.73,INV003106,880.12,875.43,0,normal
5,2025-09-05,673.77,INV002072,643.06,638.27,0,normal
9,2025-09-05,762.81,INV000105,816.38,828.37,0,normal
18,2025-09-05,3029.94,INV002189,3191.17,3221.3,0,normal
29,2025-09-05,2682.45,INV004948,2802.37,3134.53,1,overpayment
53,2025-09-05,1666.62,INV002917,1705.14,1680.49,0,normal
58,2025-09-05,967.29,INV003544,1020.44,1027.91,0,normal
20,2025-09-05,1431.01,INV003352,1365.36,1352.54,0,normal
12,2025-09-05,1906.12,INV002594,1962.42,1962.61,0,normal
57,2025-09-05,6736.08,INV000608,6549.81,6473.83,0,normal
37,2025-09-05,1018.96,INV002114,1025.48,1019.12,0,normal
1,2025-09-05,794.62,INV000209,830.61,829.16,0,normal
11,2025-09-05,3084.01,INV005708,2950.25,2926.91,0,normal
29,2025-09-06,2496.95,INV000773,2373.57,2408.25,0,normal
21,2025-09-06,739.3,INV005245,764.68,770.2,0,normal
22,2025-09-06,4807.98,INV002170,4998.61,5055.3,0,normal
35,2025-09-06,4461.22,INV004557,4762.55,4795.25,0,normal
26,2025-09-06,2905.08,INV005276,2831.22,2788.77,0,normal
47,2025-09-06,2194.73,INV002556,2353.92,3453.95,1,overpayment
28,2025-09-06,2383.44,INV002811,2318.15,2342.66,0,normal
33,2025-09-06,956.66,INV005221,928.69,941.84,0,normal
33,2025-09-06,873.89,INV004139,932.01,930.26,0,normal
35,2025-09-06,4461.22,INV001301,4698.66,4629.14,0,normal
47,2025-09-06,2194.73,INV002556,2353.92,2383.83,0,normal
24,2025-09-06,919.0,INV005706,938.84,940.72,0,normal
8,2025-09-06,2246.42,INV004507,2258.26,2255.36,0,normal
26,2025-09-06,2250.26,INV003379,2148.23,2165.81,0,normal
7,2025-09-06,1526.74,INV002916,1458.85,1472.51,0,normal
28,2025-09-06,2465.93,INV002668,2475.61,2447.28,0,normal
52,2025-09-06,685.38,INV000956,702.83,706.98,0,normal
37,2025-09-06,917.14,INV005456,938.38,949.57,0,normal
16,2025-09-06,2632.93,INV003062,2527.39,2503.57,0,normal
34,2025-09-06,2089.44,INV002402,2124.18,2107.79,0,normal
19,2025-09-06,1432.72,INV003511,1486.81,1482.97,0,normal
53,2025-09-06,1640.76,INV003229,1709.64,1692.54,0,normal
30,2025-09-07,11569.51,INV002440,11978.62,12148.3,0,normal
0,2025-09-07,2530.29,INV002156,2647.55,2679.86,0,normal
10,2025-09-07,2295.26,INV000006,2231.21,2227.01,0,normal
3,2025-09-07,4224.75,INV005292-1,4163.91,4163.91,1,duplicate
3,2025-09-07,3778.17,INV002195,3718.74,3764.64,0,normal
8,2025-09-07,1271.02,INV005740,1339.52,1341.07,0,normal
17,2025-09-07,882.82,INV005100,843.39,854.95,0,normal
21,2025-09-07,958.6,INV002648,990.74,996.31,0,normal
4,2025-09-07,365.91,INV003335,349.3,350.96,0,normal
27,2025-09-07,2415.65,INV003421,2303.76,2302.8,0,normal
52,2025-09-07,634.8,INV001163,640.34,640.18,0,normal
48,2025-09-07,3645.99,INV003573,3476.76,3470.37,0,normal
0,2025-09-07,1849.8,INV001437,1815.81,1792.53,0,normal
35,2025-09-07,4461.22,INV005286,4690.78,4716.24,0,normal
23,2025-09-07,1597.79,INV005936,1531.61,1548.65,0,normal
10,2025-09-07,4063.66,INV002842,3873.4,3835.04,0,normal
22,2025-09-07,4807.98,INV004705,4808.5,4809.24,0,normal
26,2025-09-07,2596.14,INV002859,2558.45,2520.99,0,normal
32,2025-09-08,1096.39,INV003096,1085.46,1091.83,0,normal
52,2025-09-08,681.66,INV004677,722.99,727.04,0,normal
16,2025-09-08,2427.26,INV003770,2568.1,2557.35,0,normal
31,2025-09-08,1354.55,INV001712,1362.75,1373.28,0,normal
34,2025-09-08,3017.22,INV002285,3063.47,3073.08,0,normal
36,2025-09-08,1650.51,INV005360,1609.33,1592.79,0,normal
38,2025-09-08,995.42,INV004900,1027.79,1024.38,0,normal
32,2025-09-08,1182.71,INV005926,1208.97,1214.42,0,normal
52,2025-09-08,495.76,INV004227-1,493.9,493.9,1,duplicate
45,2025-09-08,1965.52,INV001429,1868.26,1876.08,0,normal
30,2025-09-08,8201.51,INV001338,8454.45,8450.12,0,normal
51,2025-09-08,2260.05,INV001953,2242.26,2259.32,0,normal
31,2025-09-08,1462.05,INV003974,1407.39,1399.5,0,normal
9,2025-09-08,850.27,INV003077,907.2,915.91,0,normal
37,2025-09-08,1007.18,INV001393,1000.47,1000.65,0,normal
59,2025-09-08,4496.05,INV000527,4726.11,4794.29,0,normal
27,2025-09-08,2129.7,INV005409,2186.15,2167.85,0,normal
29,2025-09-08,2623.47,INV004580,2629.69,2659.61,0,normal
43,2025-09-08,1907.55,INV003470,1945.89,1965.27,0,normal
8,2025-09-08,2639.89,INV005183,2782.84,2752.61,0,normal
58,2025-09-08,701.75,INV001136,702.35,693.69,0,normal
7,2025-09-09,1318.15,INV004553,1409.75,1427.55,0,normal
6,2025-09-09,2002.74,INV000013,2094.11,2077.64,0,normal
49,2025-09-09,2456.03,INV005739,2376.88,2396.34,0,normal
1,2025-09-09,767.07,INV003702,825.95,813.99,0,normal
4,2025-09-09,377.07,INV001326,396.63,393.55,0,normal
55,2025-09-09,810.5,INV003031,846.37,833.84,0,normal
5,2025-09-09,612.28,INV000706,597.7,598.55,0,normal
25,2025-09-09,1479.44,INV000302,1586.28,1562.79,0,normal
28,2025-09-09,2577.11,INV002218,2605.62,2619.35,0,normal
43,2025-09-09,2202.52,INV000486,2190.64,2180.56,0,normal
48,2025-09-09,3173.95,INV002051,3349.14,3347.19,0,normal
2,2025-09-09,3928.01,INV003949,4107.91,4074.57,0,normal
23,2025-09-09,1597.79,INV002355,1592.56,1592.46,0,normal
1,2025-09-10,877.41,INV002467,941.83,955.55,0,normal
26,2025-09-10,2861.37,INV000022,2821.02,2810.87,0,normal
59,2025-09-10,3985.14,INV005637,4184.51,4158.66,0,normal
14,2025-09-10,2779.13,INV000612,2920.15,2923.67,0,normal
23,2025-09-10,1597.79,INV005094,1725.39,1701.46,0,normal
2,2025-09-10,3206.07,INV000657,3163.96,3118.55,0,normal
27,2025-09-10,2310.92,INV000553,2257.49,2262.33,0,normal
39,2025-09-10,3510.43,INV005308,3641.68,3606.4,0,normal
55,2025-09-10,1084.99,INV003655,1145.83,1145.69,0,normal
6,2025-09-10,2002.74,INV003442,2118.1,2119.4,0,normal
8,2025-09-10,1819.74,INV001574,1915.38,1930.28,0,normal
4,2025-09-10,290.33,INV005339,296.37,300.32,0,normal
18,2025-09-10,4001.03,INV003545,4230.29,4181.57,0,normal
22,2025-09-10,4807.98,INV000087,5143.74,5084.7,0,normal
14,2025-09-10,2835.1,INV003048,2799.57,2784.9,0,normal
7,2025-09-11,1452.49,INV001681,1513.24,1495.89,0,normal
57,2025-09-11,6737.07,INV000203,9200.22,9200.22,1,price_variance
59,2025-09-11,4380.82,INV003501,4381.5,4348.73,0,normal
23,2025-09-11,1597.79,INV004158,1546.54,1528.24,0,normal
31,2025-09-11,1066.45,INV005482,1135.86,1123.85,0,normal
52,2025-09-11,575.61,INV004429,558.69,562.18,0,normal
11,2025-09-11,3927.65,INV003531,4211.9,4245.33,0,normal
26,2025-09-11,3420.33,INV000555A,3673.08,3673.08,1,duplicate
41,2025-09-11,2767.11,INV001891,2955.97,2988.03,0,normal
46,2025-09-11,3630.56,INV000489,3879.23,3860.26,0,normal
57,2025-09-11,6737.07,INV000203,7138.56,7198.81,0,normal
15,2025-09-11,1190.85,INV005685,1184.15,1173.69,0,normal
7,2025-09-11,1502.27,INV001840,1474.35,1495.53,0,normal
51,2025-09-11,3217.1,INV003094,3223.89,3178.18,0,normal
4,2025-09-11,435.25,INV002460,426.25,425.8,0,normal
35,2025-09-11,4461.22,INV000420,4421.4,4443.89,0,normal
44,2025-09-11,2074.36,INV000987,2208.07,2222.35,0,normal
45,2025-09-11,1877.75,INV004384,1871.03,1898.7,0,normal
42,2025-09-12,1008.37,INV001810,1048.43,1063.92,0,normal
14,2025-09-12,2948.69,INV004254,3035.8,3011.67,0,normal
41,2025-09-12,2889.49,INV003552-1,3110.51,3110.51,1,duplicate
36,2025-09-12,1650.51,INV001335,1637.54,1635.42,0,normal
1,2025-09-12,915.94,INV004917,972.75,985.21,0,normal
48,2025-09-12,3302.72,INV005087,3200.12,3158.91,0,normal
49,2025-09-12,1912.02,INV000279,1896.65,1909.12,0,normal
14,2025-09-12,2559.73,INV004519,2635.23,2610.52,0,normal
41,2025-09-12,2072.61,INV004438,2221.1,2248.49,0,normal
9,2025-09-12,943.75,INV000112,898.05,896.04,0,normal
51,2025-09-12,3620.3,INV004911-1,3605.58,3605.58,1,duplicate
17,2025-09-12,562.23,INV005397,553.67,553.23,0,normal
20,2025-09-12,1524.81,INV003996,1465.88,1455.54,0,normal
59,2025-09-12,3472.32,INV004448,3542.98,3518.12,0,normal
48,2025-09-13,2542.2,INV003524,2419.32,2443.86,0,normal
55,2025-09-13,968.0,INV004584,940.28,945.33,0,normal
5,2025-09-13,808.09,INV002121,842.02,832.8,0,normal
14,2025-09-13,3255.37,INV002965,3225.2,3226.5,0,normal
7,2025-09-13,1217.96,INV000539,1304.69,1293.33,0,normal
49,2025-09-13,2195.24,INV000143,2352.29,2331.7,0,normal
44,2025-09-13,1825.81,INV000650,1802.35,1793.91,0,normal
8,2025-09-13,1902.98,INV003771A,1835.07,1835.07,1,duplicate
26,2025-09-13,1658.29,INV000444,1753.99,1750.24,0,normal
26,2025-09-13,3210.35,INV002472,3359.21,3391.83,0,normal
45,2025-09-13,1824.65,INV002177,1821.58,2382.17,1,overpayment
2,2025-09-13,4094.24,INV000725,4374.61,4318.35,0,normal
45,2025-09-13,1824.65,INV002177,1821.58,1814.89,0,normal
34,2025-09-13,2802.17,INV000179,2969.03,3013.3,0,normal
35,2025-09-13,4461.22,INV002315,4614.26,4587.02,0,normal
43,2025-09-13,2531.37,INV005546,2677.87,2668.39,0,normal
52,2025-09-14,519.15,INV002875,496.98,491.76,0,normal
3,2025-09-14,3142.33,INV003112,3118.82,3088.7,0,normal
26,2025-09-14,2513.98,INV005794,2448.96,2430.05,0,normal
36,2025-09-14,1650.51,INV001879,1676.61,1665.06,0,normal
28,2025-09-14,2340.2,INV003678,2269.64,2273.41,0,normal
53,2025-09-14,1148.79,INV005779,1105.41,1100.77,0,normal
47,2025-09-14,2292.97,INV002302,2411.62,2447.11,0,normal
38,2025-09-14,864.79,INV002902,862.76,852.13,0,normal
6,2025-09-14,2002.74,INV001622,1994.28,1993.53,0,normal
18,2025-09-14,3196.32,INV005560,3118.15,3114.0,0,normal
33,2025-09-14,1003.65,INV005164-1,1087.78,1087.78,1,duplicate
17,2025-09-14,710.7,INV003870,754.99,753.24,0,normal
8,2025-09-14,1810.87,INV003024,1759.22,1739.54,0,normal
33,2025-09-14,1023.04,INV005598,1066.46,1082.18,0,normal
13,2025-09-14,5510.09,INV001996,5562.53,5553.34,0,normal
9,2025-09-14,1121.97,INV003773,1103.89,1101.15,0,normal
6,2025-09-14,2002.74,INV002832,2109.69,2124.25,0,normal
20,2025-09-14,1571.65,INV003741,1539.47,1531.25,0,normal
36,2025-09-14,1650.51,INV003403,1606.98,1591.33,0,normal
50,2025-09-15,2288.83,INV002674,2182.4,2192.37,0,normal
2,2025-09-15,3198.81,INV001561,3165.32,3123.58,0,normal
44,2025-09-15,2405.82,INV002099,2335.25,2301.58,0,normal
13,2025-09-15,4143.81,INV000719,4053.24,4043.15,0,normal
22,2025-09-15,4807.98,INV001473,5088.53,5108.41,0,normal
37,2025-09-15,1136.47,INV001309,1128.56,1145.01,0,normal
40,2025-09-15,2709.24,INV000305,2721.93,2732.35,0,normal
43,2025-09-15,2243.73,INV002848,2379.4,2365.08,0,normal
53,2025-09-15,1215.01,INV005448,1268.17,1275.86,0,normal
40,2025-09-15,3791.97,INV001451,4085.4,4098.88,0,normal
19,2025-09-15,1648.12,INV005369,1684.98,1680.27,0,normal
56,2025-09-15,1183.54,INV004232,1226.87,1230.72,0,normal
39,2025-09-15,3145.82,INV005908,3312.93,3315.97,0,normal
0,2025-09-15,2518.81,INV000825,2509.61,2517.04,0,normal
54,2025-09-15,1247.67,INV002286,1191.41,1190.74,0,normal
12,2025-09-15,1906.12,INV005068,1842.33,1863.13,0,normal
38,2025-09-16,1011.12,INV005309,1022.35,1037.23,0,normal
4,2025-09-16,274.87,INV005452,279.38,283.0,0,normal
1,2025-09-16,845.52,INV002224,877.64,889.37,0,normal
26,2025-09-16,3324.21,INV004850,3474.67,3459.83,0,normal
55,2025-09-16,1077.59,INV003504,1064.36,1061.32,0,normal
21,2025-09-16,1226.85,INV004975,1278.99,1291.42,0,normal
49,2025-09-16,2032.34,INV003295,2159.74,2137.19,0,normal
56,2025-09-16,1580.73,INV004442,1636.19,1642.68,0,normal
22,2025-09-16,4807.98,INV004100,4763.25,4817.32,0,normal
19,2025-09-16,1722.25,INV000401,1761.04,1763.08,0,normal
50,2025-09-16,1865.3,INV000779,2008.6,2012.31,0,normal
3,2025-09-16,2860.56,INV002033,2875.86,2838.49,0,normal
12,2025-09-17,1906.12,INV005031,2057.19,2075.28,0,normal
48,2025-09-17,3645.99,INV003573,3442.13,3442.13,1,duplicate
57,2025-09-17,5608.65,INV003330,5330.28,5313.84,0,normal
35,2025-09-17,4461.22,INV000303,4441.36,4455.15,0,normal
6,2025-09-17,2002.74,INV001969,2142.38,2117.64,0,normal
37,2025-09-17,884.69,INV002476,898.53,896.98,0,normal
15,2025-09-17,711.55,INV000101,691.87,682.42,0,normal
27,2025-09-17,2628.17,INV003208,2558.32,2527.55,0,normal
5,2025-09-17,639.04,INV000877,631.88,623.38,0,normal
11,2025-09-17,2035.47,INV001542,2080.88,2092.29,0,normal
55,2025-09-17,1056.04,INV003556,1060.74,1070.31,0,normal
31,2025-09-17,874.7,INV000051,852.37,854.9,0,normal
36,2025-09-17,1650.51,INV003565,1661.13,1639.25,0,normal
49,2025-09-17,1922.72,INV004979,1884.34,1909.29,0,normal
27,2025-09-17,2032.54,INV001213,2048.79,2032.18,0,normal
18,2025-09-17,3692.46,INV005522,3975.58,4034.72,0,normal
14,2025-09-18,2080.76,INV002722,2150.39,2150.56,0,normal
9,2025-09-18,1031.55,INV001663,1069.47,1054.58,0,normal
0,2025-09-18,1951.49,INV003554,2050.96,2073.87,0,normal
44,2025-09-18,1266.31,INV004225,1305.03,1290.23,0,normal
30,2025-09-18,12115.09,INV001197 ,12501.87,12501.87,1,duplicate
37,2025-09-18,905.29,INV002580,908.83,897.63,0,normal
28,2025-09-18,2808.92,INV000830,2920.56,2924.8,0,normal
12,2025-09-18,1906.12,INV002104,2003.2,2022.82,0,normal
5,2025-09-18,806.18,INV002208,863.97,852.37,0,normal
55,2025-09-18,1149.16,INV003397,1193.27,1197.9,0,normal
31,2025-09-18,1379.43,INV005513,1454.16,1435.62,0,normal
27,2025-09-18,2750.46,INV000240,2641.67,2664.94,0,normal
23,2025-09-18,1597.79,INV001038,1654.56,1673.53,0,normal
16,2025-09-18,1739.61,INV001428,1723.99,1721.11,0,normal
16,2025-09-18,2583.49,INV002088,2743.99,2708.51,0,normal
33,2025-09-18,929.32,INV002359,956.65,952.31,0,normal
56,2025-09-18,1061.16,INV001521,1107.62,1100.84,0,normal
2,2025-09-18,2865.31,INV000083,3020.08,3041.25,0,normal
36,2025-09-18,1650.51,INV003675,1761.46,1736.99,0,normal
28,2025-09-18,2208.32,INV004036,2374.04,2400.79,0,normal
18,2025-09-19,4065.31,INV002064,4198.12,4238.32,0,normal
9,2025-09-19,874.41,INV001702,885.68,897.79,0,normal
33,2025-09-19,812.93,INV005491,872.28,883.13,0,normal
2,2025-09-19,3555.79,INV005383,3453.26,3453.21,0,normal
29,2025-09-19,2666.07,INV002494,2810.85,2795.78,0,normal
30,2025-09-19,12246.25,INV000763A,11805.83,11805.83,1,duplicate
39,2025-09-19,3496.22,INV000234,3739.13,3761.09,0,normal
0,2025-09-19,2307.19,INV004925,2289.76,2264.5,0,normal
1,2025-09-19,703.48,INV003613,756.62,749.68,0,normal
33,2025-09-19,812.93,INV005491,872.28,909.95,1,overpayment
24,2025-09-19,1573.95,INV001517,1528.19,1509.72,0,normal
3,2025-09-19,3274.5,INV001757,3267.03,3288.07,0,normal
25,2025-09-19,850.36,INV004097,865.52,870.15,0,normal
48,2025-09-19,2783.12,INV000592,2733.06,2749.69,0,normal
25,2025-09-19,1320.45,INV000749,1332.19,1315.93,0,normal
11,2025-09-19,3817.25,INV004923,3899.9,3923.1,0,normal
14,2025-09-19,2845.92,INV001855,3021.27,3009.83,0,normal
1,2025-09-19,795.91,INV003915,827.15,834.7,0,normal
56,2025-09-19,1842.9,INV001176,1822.96,1829.23,0,normal
59,2025-09-19,3599.93,INV003116,3437.0,3401.37,0,normal
30,2025-09-19,10379.54,INV002707,11035.48,11035.48,1,duplicate
29,2025-09-19,2595.75,INV001247,2557.67,2534.9,0,normal
12,2025-09-19,1906.12,INV005856,1844.72,1854.92,0,normal
23,2025-09-20,1597.79,INV001384,1682.95,1691.6,0,normal
12,2025-09-20,1906.12,INV004311,1985.27,1963.66,0,normal
3,2025-09-20,3530.61,INV000339,3692.73,3739.5,0,normal
0,2025-09-20,2756.47,INV002972,2800.03,2792.38,0,normal
38,2025-09-20,920.02,INV001740,959.07,973.34,0,normal
52,2025-09-20,508.07,INV005786,518.0,511.3,0,normal
54,2025-09-20,1172.13,INV002533,1176.67,1161.87,0,normal
5,2025-09-20,491.15,INV005237,473.46,472.52,0,normal
21,2025-09-20,1328.06,INV002245,1395.11,1380.89,0,normal
33,2025-09-20,901.53,INV001752,968.42,968.53,0,normal
36,2025-09-20,1650.51,INV005576,1666.03,2110.6,1,overpayment
36,2025-09-20,1650.51,INV005576,1666.03,1680.24,0,normal
51,2025-09-20,2634.45,INV000365,2680.83,2675.47,0,normal
31,2025-09-20,1596.21,INV000765,1592.63,1573.2,0,normal
49,2025-09-20,2203.18,INV004430,2320.98,2333.62,0,normal
7,2025-09-21,1502.27,INV001840-1,1474.35,1474.35,1,duplicate
23,2025-09-21,1597.79,INV000923,1641.7,1660.38,0,normal
35,2025-09-21,4461.22,INV000025,4555.67,4548.78,0,normal
36,2025-09-21,1650.51,INV004511,1778.82,1765.64,0,normal
3,2025-09-21,4699.05,INV005401,4547.12,4572.21,0,normal
26,2025-09-21,3207.51,INV001795,3262.95,3301.99,0,normal
44,2025-09-21,1853.6,INV001204,1779.42,1804.35,0,normal
57,2025-09-21,5367.23,INV003390,5627.47,5626.36,0,normal
34,2025-09-21,2867.11,INV002982,3081.13,3069.62,0,normal
50,2025-09-21,2130.28,INV001405,2184.1,2212.71,0,normal
8,2025-09-21,1821.51,INV004914,1815.49,1838.36,0,normal
17,2025-09-22,1076.67,INV005964,1134.11,1136.2,0,normal
54,2025-09-22,1210.1,INV005946,1294.32,1305.44,0,normal
21,2025-09-22,1313.92,INV002809,1251.74,1266.41,0,normal
35,2025-09-22,4461.22,INV005018,4254.56,4220.84,0,normal
15,2025-09-22,694.75,INV005313,713.19,703.52,0,normal
53,2025-09-22,1457.97,INV002512,1441.83,1459.46,0,normal
29,2025-09-22,3115.01,INV002871,3281.26,3263.64,0,normal
39,2025-09-22,2924.72,INV000574,2826.98,2846.01,0,normal
45,2025-09-22,1947.77,INV002117,2079.61,2082.83,0,normal
18,2025-09-22,3672.83,INV001231,3882.32,3858.97,0,normal
59,2025-09-22,2949.7,INV003878,3164.12,3146.82,0,normal
57,2025-09-22,6572.48,INV000506,6522.36,6597.44,0,normal
39,2025-09-22,2882.82,INV002509,2842.6,2806.62,0,normal
36,2025-09-22,1650.51,INV003631,1641.25,1640.8,0,normal
28,2025-09-22,1996.41,INV004361,2075.32,2052.72,0,normal
36,2025-09-22,1650.51,INV003631,1842.97,1842.97,1,price_variance
56,2025-09-22,1580.73,INV004442,1636.19,1636.19,1,duplicate
18,2025-09-22,3586.61,INV002853,3423.12,3428.85,0,normal
23,2025-09-22,1597.79,INV002139,1544.05,1532.3,0,normal
51,2025-09-22,3047.26,INV004449,2959.96,2970.47,0,normal
29,2025-09-23,2457.75,INV004228,2454.83,2474.62,0,normal
52,2025-09-23,730.03,INV001000,709.21,710.62,0,normal
58,2025-09-23,821.62,INV000616,799.76,789.46,0,normal
18,2025-09-23,4329.64,INV001122,4126.84,4156.2,0,normal
31,2025-09-23,1066.14,INV002364,1038.66,1023.91,0,normal
14,2025-09-23,2304.21,INV003141,2238.37,2240.44,0,normal
23,2025-09-23,1597.79,INV003135,1688.83,1667.5,0,normal
34,2025-09-23,2802.17,INV000179,2957.11,2957.11,1,duplicate
50,2025-09-23,2454.55,INV005810,2637.53,2631.4,0,normal
24,2025-09-23,1106.37,INV000340,1182.22,1173.76,0,normal
22,2025-09-23,4807.98,INV000129,4790.28,4732.57,0,normal
7,2025-09-23,1420.62,INV002452,1383.76,1391.6,0,normal
14,2025-09-23,3012.7,INV005410,3050.72,3013.2,0,normal
23,2025-09-23,1597.79,INV001971,1683.17,1690.54,0,normal
26,2025-09-23,1487.92,INV003783,1567.9,1584.32,0,normal
29,2025-09-23,2863.86,INV004585,2815.51,2836.38,0,normal
55,2025-09-23,1024.65,INV003600,1090.85,1102.9,0,normal
14,2025-09-23,2754.47,INV005367,2959.83,2944.33,0,normal
7,2025-09-23,1182.53,INV000912,1195.67,1188.83,0,normal
40,2025-09-24,3200.77,INV003367,3344.94,3348.0,0,normal
19,2025-09-24,1425.62,INV002676,1365.15,1384.68,0,normal
45,2025-09-24,2063.85,INV003370,2101.34,2078.09,0,normal
25,2025-09-24,810.38,INV000684,819.92,828.0,0,normal
12,2025-09-24,1906.12,INV002278,2003.75,1975.38,0,normal
18,2025-09-24,3442.2,INV004130,3675.04,3716.37,0,normal
54,2025-09-24,1167.88,INV003459,1240.13,1254.92,0,normal
53,2025-09-24,1289.93,INV001226,1250.39,1333.48,1,overpayment
53,2025-09-24,1289.93,INV001226,1250.39,1256.63,0,normal
56,2025-09-24,1212.59,INV002941,1250.41,1261.26,0,normal
14,2025-09-24,2233.78,INV004567,2343.53,2341.4,0,normal
38,2025-09-24,898.2,INV004315,859.33,857.72,0,normal
59,2025-09-24,3529.26,INV002510,3677.87,3651.63,0,normal
54,2025-09-24,1167.88,INV003459,1447.31,1447.31,1,price_variance
24,2025-09-24,1550.97,INV005610,1656.04,1669.09,0,normal
55,2025-09-24,1027.96,INV005935,982.0,993.41,0,normal
55,2025-09-24,1416.19,INV001921,1450.55,1467.15,0,normal
50,2025-09-24,2429.63,INV003812,2409.3,2426.47,0,normal
32,2025-09-24,1535.42,INV004816,1616.42,1638.61,0,normal
25,2025-09-24,1624.25,INV000550,1683.03,1696.01,0,normal
57,2025-09-24,4794.42,INV003138,4721.57,4658.75,0,normal
33,2025-09-24,966.56,INV001189,970.19,979.25,0,normal
59,2025-09-24,3625.43,INV002017,3744.17,3700.53,0,normal
58,2025-09-24,1066.29,INV002445,1059.18,1064.23,0,normal
57,2025-09-25,5494.26,INV000838,8531.96,8531.96,1,price_variance
57,2025-09-25,5494.26,INV000838,5492.08,5454.58,0,normal
35,2025-09-25,4461.22,INV005800,4242.46,4271.12,0,normal
41,2025-09-25,2639.8,INV004625,2743.37,2718.65,0,normal
28,2025-09-25,2566.24,INV001175,2548.29,2559.18,0,normal
14,2025-09-25,2580.78,INV005060,2691.48,2671.63,0,normal
15,2025-09-25,984.68,INV004782,940.55,949.91,0,normal
23,2025-09-25,1597.79,INV002796,1687.93,1676.66,0,normal
11,2025-09-25,3394.5,INV002221,3601.11,3555.98,0,normal
45,2025-09-25,2094.03,INV001804,2152.22,2160.19,0,normal
10,2025-09-25,3786.97,INV000014,3816.92,3792.95,0,normal
42,2025-09-25,1146.17,INV004288,1160.12,1163.22,0,normal
47,2025-09-25,1919.35,INV002654,1878.93,1870.54,0,normal
16,2025-09-25,2679.43,INV004087,2893.38,2925.52,0,normal
23,2025-09-25,1597.79,INV001449,1559.73,1552.91,0,normal
42,2025-09-25,630.14,INV002805,666.48,656.77,0,normal
27,2025-09-26,3554.32,INV001558,3749.17,3799.12,0,normal
27,2025-09-26,2231.29,INV004892,2226.26,2251.49,0,normal
33,2025-09-26,942.55,INV005009,896.7,883.62,0,normal
6,2025-09-26,2002.74,INV005483,2020.8,2022.41,0,normal
28,2025-09-26,2607.7,INV004562,2785.27,2823.94,0,normal
27,2025-09-26,2102.48,INV005362,2182.55,2183.29,0,normal
19,2025-09-26,1569.5,INV000049,1677.55,1666.33,0,normal
12,2025-09-26,1906.12,INV004510,2042.06,2016.79,0,normal
31,2025-09-26,1015.58,INV005196,1041.13,1047.89,0,normal
51,2025-09-26,3210.1,INV004652,3370.26,3412.09,0,normal
26,2025-09-27,3130.68,INV001890,3155.72,3146.22,0,normal
15,2025-09-27,793.64,INV005700,849.79,849.67,0,normal
58,2025-09-27,1150.29,INV000110,1121.36,1112.1,0,normal
21,2025-09-27,922.75,INV004924,942.43,936.37,0,normal
22,2025-09-27,4807.98,INV000389,4651.02,4674.44,0,normal
32,2025-09-27,1177.41,INV004643,1159.55,1157.8,0,normal
17,2025-09-27,897.24,INV003123,864.72,861.46,0,normal
51,2025-09-27,2260.05,INV001953A,2242.26,2242.26,1,duplicate
1,2025-09-27,778.13,INV003292,805.09,796.17,0,normal
12,2025-09-27,1906.12,INV002594A,1988.37,1988.37,1,duplicate
4,2025-09-27,450.21,INV001117,474.12,476.08,0,normal
41,2025-09-27,2986.72,INV005327,3057.05,3033.13,0,normal
11,2025-09-27,2907.56,INV001100,2771.19,2809.65,0,normal
10,2025-09-28,4138.31,INV003423,4411.72,4411.72,1,price_variance
18,2025-09-28,5049.01,INV005832,5057.7,5060.74,0,normal
10,2025-09-28,4138.31,INV003423,3999.02,3952.02,0,normal
9,2025-09-28,982.95,INV002475,1139.41,1139.41,1,price_variance
18,2025-09-28,4361.78,INV005076,4500.98,4441.23,0,normal
13,2025-09-28,3996.59,INV005876,4311.2,4349.87,0,normal
59,2025-09-28,4005.34,INV004356,4263.24,4256.45,0,normal
0,2025-09-28,2517.71,INV000545,2695.66,2721.02,0,normal
11,2025-09-28,2860.79,INV004336,2783.92,2819.17,0,normal
34,2025-09-28,3036.1,INV001878,3197.11,3196.84,0,normal
35,2025-09-28,4461.22,INV004683,4783.17,4809.17,0,normal
0,2025-09-28,2128.85,INV003659,2022.92,2007.97,0,normal
33,2025-09-28,1130.72,INV002411,1153.45,1170.54,0,normal
0,2025-09-28,2128.85,INV003659,2022.92,2851.7,1,overpayment
26,2025-09-28,3463.21,INV000162,3294.94,3283.52,0,normal
9,2025-09-28,982.95,INV002475,1029.17,1034.79,0,normal
23,2025-09-28,1597.79,INV005532,1546.96,1523.82,0,normal
57,2025-09-28,7198.62,INV000438,7343.95,7325.97,0,normal
13,2025-09-29,5568.77,INV001258,5705.85,5694.53,0,normal
48,2025-09-29,3045.05,INV004834,3187.19,3221.01,0,normal
20,2025-09-29,1818.2,INV002216,1925.6,1934.5,0,normal
44,2025-09-29,2613.18,INV002922,2686.48,2654.37,0,normal
18,2025-09-29,4329.64,INV001122-1,4133.24,4133.24,1,duplicate
19,2025-09-29,2012.2,INV005793,1942.6,1970.71,0,normal
46,2025-09-29,3630.56,INV004104,3466.64,3443.89,0,normal
14,2025-09-29,2507.11,INV000768,2495.72,2520.54,0,normal
22,2025-09-29,4807.98,INV004419,4737.09,5920.62,1,overpayment
31,2025-09-29,1157.86,INV000950,1152.82,1143.86,0,normal
42,2025-09-29,1022.77,INV004042,1026.63,1026.0,0,normal
42,2025-09-29,1182.74,INV004174,1232.6,1224.53,0,normal
56,2025-09-29,1261.52,INV004136,1798.61,1798.61,1,price_variance
8,2025-09-29,1733.24,INV001650,1649.71,1646.31,0,normal
20,2025-09-29,1451.91,INV001548,1561.01,1560.05,0,normal
22,2025-09-29,4807.98,INV004140,4741.07,4745.06,0,normal
50,2025-09-29,2109.92,INV002581,2096.3,2079.4,0,normal
9,2025-09-29,990.73,INV004312,960.53,956.28,0,normal
13,2025-09-29,3570.1,INV003964,3593.99,3569.94,0,normal
56,2025-09-29,1261.52,INV004136,1294.01,1305.97,0,normal
22,2025-09-29,4807.98,INV004419,4737.09,4762.06,0,normal
6,2025-09-29,2002.74,INV005281,1981.84,1998.96,0,normal
17,2025-09-29,746.92,INV002174,784.7,784.81,0,normal
27,2025-09-29,2330.4,INV002485,2322.39,2298.7,0,normal
51,2025-09-30,2827.7,INV000913,2733.78,2766.52,0,normal
59,2025-09-30,3591.42,INV005295,3823.46,3843.07,0,normal
25,2025-09-30,1846.6,INV004091,1820.59,1811.84,0,normal
6,2025-09-30,2002.74,INV001610,2013.32,2018.25,0,normal
44,2025-09-30,1899.78,INV003227,1891.73,1873.26,0,normal
45,2025-09-30,2509.98,INV002867,2441.64,2436.43,0,normal
55,2025-09-30,1025.11,INV003200,1048.62,1058.56,0,normal
36,2025-09-30,1650.51,INV001938,1696.33,1707.7,0,normal
44,2025-09-30,1538.77,INV002742,1623.21,1637.33,0,normal
17,2025-09-30,787.4,INV003454,778.94,778.47,0,normal
13,2025-09-30,5457.32,INV000731,5461.13,5477.98,0,normal
35,2025-09-30,4461.22,INV002200,4592.07,4601.52,0,normal
51,2025-09-30,2838.07,INV001156,2842.7,2825.43,0,normal
3,2025-09-30,5004.62,INV002559,4783.38,4784.39,0,normal
26,2025-09-30,3034.34,INV000624,3217.54,3238.29,0,normal
51,2025-09-30,2746.11,INV002624,2854.96,2839.82,0,normal
13,2025-09-30,5206.25,INV005075,5569.74,5624.2,0,normal
13,2025-09-30,4145.68,INV005958,4065.68,4082.51,0,normal
38,2025-09-30,1132.24,INV004661,1196.02,1206.32,0,normal
9,2025-09-30,913.16,INV005601,868.55,877.84,0,normal
57,2025-09-30,5197.71,INV002966,5441.3,5403.25,0,normal
44,2025-09-30,2147.8,INV000187,2266.59,2261.74,0,normal
36,2025-09-30,1650.51,INV004735,1770.9,1744.61,0,normal
51,2025-09-30,2746.11,INV002624,2854.96,3883.91,1,overpayment
1,2025-09-30,902.49,INV002165,870.11,877.92,0,normal
5,2025-09-30,725.47,INV005122,764.92,753.59,0,normal
18,2025-09-30,3996.27,INV000932,3980.6,4020.54,0,normal
25,2025-10-01,1363.95,INV000727,1407.05,1407.32,0,normal
17,2025-10-01,906.29,INV004152,972.81,983.49,0,normal
46,2025-10-01,3630.56,INV003980,3864.67,3878.15,0,normal
31,2025-10-01,1664.99,INV000750,1712.76,2288.0,1,overpayment
31,2025-10-01,1664.99,INV000750,1712.76,1721.56,0,normal
41,2025-10-01,2245.51,INV003331,2291.72,2259.29,0,normal
50,2025-10-01,2686.19,INV004451,2712.73,2678.48,0,normal
18,2025-10-01,3438.81,INV003932,3615.97,3569.79,0,normal
52,2025-10-01,502.41,INV005145,493.38,496.72,0,normal
33,2025-10-01,800.05,INV005224,762.72,763.39,0,normal
39,2025-10-01,2489.97,INV003589,2478.58,2508.72,0,normal
30,2025-10-01,10125.01,INV005270,10612.93,10739.45,0,normal
35,2025-10-02,4461.22,INV004827,4537.09,4572.56,0,normal
18,2025-10-02,3735.24,INV001844,3704.19,3711.54,0,normal
12,2025-10-02,1906.12,INV004360,1925.44,1896.86,0,normal
57,2025-10-02,5932.63,INV004265,5788.38,5827.03,0,normal
12,2025-10-02,1906.12,INV003052,1993.31,1965.77,0,normal
15,2025-10-02,897.9,INV004153,914.8,907.42,0,normal
42,2025-10-02,1160.53,INV004450,1176.62,1193.36,0,normal
17,2025-10-02,794.98,INV001662,858.15,1126.92,1,overpayment
39,2025-10-02,3145.82,INV005908,3312.93,3312.93,1,duplicate
40,2025-10-02,2707.03,INV005840,2800.6,2786.21,0,normal
51,2025-10-02,2711.98,INV004459,2654.2,2644.77,0,normal
20,2025-10-02,1761.55,INV002776,1686.2,1698.89,0,normal
54,2025-10-02,1306.46,INV001145,1270.73,1283.07,0,normal
2,2025-10-02,3235.47,INV002167,3241.35,3252.76,0,normal
43,2025-10-02,1520.22,INV003000,1630.22,1624.08,0,normal
34,2025-10-02,2916.24,INV000685,2871.64,2887.34,0,normal
4,2025-10-02,301.31,INV005263,320.21,324.82,0,normal
55,2025-10-02,1445.37,INV004915,1487.16,1466.19,0,normal
17,2025-10-02,794.98,INV001662,858.15,860.58,0,normal
44,2025-10-02,1915.25,INV001880,1863.53,1835.94,0,normal
10,2025-10-02,2687.29,INV003981,2856.55,2827.03,0,normal
28,2025-10-02,2159.9,INV001263,2125.38,2144.8,0,normal
23,2025-10-02,1597.79,INV004682,1720.99,1724.61,0,normal
9,2025-10-03,931.21,INV002394,898.14,897.83,0,normal
44,2025-10-03,1873.85,INV005113,1882.77,1884.87,0,normal
45,2025-10-03,2359.12,INV003340,2307.43,2300.36,0,normal
6,2025-10-03,2002.74,INV002478,2107.48,2095.27,0,normal
54,2025-10-03,1282.21,INV001183,1285.46,1271.22,0,normal
26,2025-10-03,2639.16,INV001018,2700.81,2707.22,0,normal
39,2025-10-03,3173.6,INV005709,3348.79,3392.4,0,normal
44,2025-10-03,1704.32,INV003228,1817.7,1840.83,0,normal
52,2025-10-03,483.09,INV004572,510.69,510.69,0,normal
41,2025-10-03,2710.36,INV003784,2798.23,2762.91,0,normal
39,2025-10-03,3173.6,INV005709,3348.79,4981.03,1,overpayment
51,2025-10-03,3666.3,INV001047,3555.16,3568.82,0,normal
4,2025-10-03,430.51,INV002889,410.95,411.14,0,normal
19,2025-10-03,2271.54,INV004886,2267.73,2285.43,0,normal
42,2025-10-03,952.4,INV003312,997.87,990.66,0,normal
10,2025-10-03,3307.1,INV000787,3562.17,3543.85,0,normal
9,2025-10-03,1061.84,INV005375,1035.79,1028.71,0,normal
40,2025-10-03,2767.4,INV001839,2662.29,2628.53,0,normal
21,2025-10-04,1146.66,INV005128,1234.85,1247.37,0,normal
32,2025-10-04,959.33,INV005336,1029.24,1027.62,0,normal
2,2025-10-04,3023.23,INV005258,3196.86,3206.21,0,normal
40,2025-10-04,3400.35,INV001179,3574.52,3524.03,0,normal
54,2025-10-04,1344.57,INV002551,1429.59,1415.69,0,normal
37,2025-10-04,684.07,INV000751,737.63,739.56,0,normal
30,2025-10-04,8571.91,INV001215,8648.98,8699.88,0,normal
48,2025-10-04,3039.1,INV005163,3238.37,3282.28,0,normal
46,2025-10-04,3630.56,INV001313,3704.3,3745.12,0,normal
35,2025-10-04,4461.22,INV001260,4722.78,4788.76,0,normal
38,2025-10-04,923.27,INV003617,954.14,961.0,0,normal
36,2025-10-04,1650.51,INV000651,1630.17,1653.95,0,normal
58,2025-10-04,845.39,INV000349,878.27,880.49,0,normal
12,2025-10-04,1906.12,INV002032,2027.58,2002.07,0,normal
51,2025-10-04,3113.91,INV003939,3058.26,3086.8,0,normal
7,2025-10-04,1129.65,INV001560,1206.82,1194.9,0,normal
39,2025-10-04,3496.22,INV000234A,3739.13,3739.13,1,duplicate
2,2025-10-04,3374.71,INV004307,3601.57,3650.87,0,normal
12,2025-10-04,1906.12,INV002773,2020.46,2029.53,0,normal
37,2025-10-04,857.99,INV003355,921.73,908.48,0,normal
29,2025-10-04,2787.16,INV002295,2659.22,2622.87,0,normal
7,2025-10-04,1339.56,INV002574,1341.72,1350.51,0,normal
40,2025-10-05,3935.23,INV004634,4131.61,4111.47,0,normal
13,2025-10-05,5117.33,INV000118,5030.76,5091.42,0,normal
50,2025-10-05,2279.68,INV002539,2182.89,2154.39,0,normal
1,2025-10-05,851.18,INV000027,912.62,899.66,0,normal
8,2025-10-05,2000.59,INV001432,1957.55,1957.69,0,normal
44,2025-10-05,1970.8,INV003121,2102.52,2087.2,0,normal
46,2025-10-05,3630.56,INV000157,3749.97,3782.96,0,normal
26,2025-10-05,2801.76,INV000638,2789.16,2796.18,0,normal
53,2025-10-05,1283.71,INV004224,1377.56,1366.24,0,normal
22,2025-10-05,4807.98,INV004716,5035.69,5019.69,0,normal
50,2025-10-05,2328.02,INV005261,2399.73,2380.02,0,normal
39,2025-10-05,2547.45,INV000201,2461.64,2446.96,0,normal
1,2025-10-05,851.18,INV000027,912.62,1003.87,1,overpayment
29,2025-10-05,2619.13,INV004316,2516.51,2540.71,0,normal
44,2025-10-05,1899.7,INV000146,1855.8,1853.24,0,normal
17,2025-10-05,828.34,INV005777,880.54,889.93,0,normal
3,2025-10-05,3997.25,INV005361,4220.85,4192.59,0,normal
24,2025-10-05,1489.74,INV003520,1528.9,1526.41,0,normal
52,2025-10-05,547.81,INV001126,580.75,580.01,0,normal
37,2025-10-06,969.8,INV005987,1038.04,1040.14,0,normal
23,2025-10-06,1597.79,INV003160,1559.46,1563.54,0,normal
45,2025-10-06,2005.24,INV001056,1991.64,1971.28,0,normal
44,2025-10-06,1704.32,INV003228,1817.7,1817.7,1,duplicate
36,2025-10-06,1650.51,INV004394,1736.67,1749.74,0,normal
33,2025-10-06,895.05,INV001252,909.67,919.28,0,normal
15,2025-10-06,956.9,INV002176,995.92,1003.75,0,normal
22,2025-10-06,4807.98,INV002342,5146.58,5208.48,0,normal
9,2025-10-06,885.98,INV000291,914.08,904.8,0,normal
45,2025-10-06,2103.08,INV004600,2240.7,2270.91,0,normal
18,2025-10-06,4209.91,INV004454,4083.44,4092.58,0,normal
30,2025-10-06,8903.85,INV005197,9223.55,9130.46,0,normal
15,2025-10-06,785.9,INV004182,831.17,839.74,0,normal
24,2025-10-06,869.13,INV001064,892.35,879.12,0,normal
20,2025-10-06,1737.21,INV000897,1850.64,1829.35,0,normal
45,2025-10-06,2191.73,INV003835,2194.24,2180.17,0,normal
17,2025-10-06,985.95,INV004345,1059.73,1050.37,0,normal
9,2025-10-06,1045.28,INV002793,1109.69,1094.93,0,normal
49,2025-10-07,1818.17,INV005748,1755.24,1771.16,0,normal
25,2025-10-07,1389.66,INV002449,1352.58,1367.59,0,normal
2,2025-10-07,3087.02,INV005222,3176.15,3155.35,0,normal
36,2025-10-07,1650.51,INV004852,1736.51,1727.65,0,normal
16,2025-10-07,2857.34,INV002734,3039.49,3054.4,0,normal
34,2025-10-07,2734.35,INV004417,2912.65,2919.31,0,normal
23,2025-10-07,1597.79,INV005574,1690.35,1688.53,0,normal
49,2025-10-07,1832.9,INV000795,1747.38,1751.42,0,normal
57,2025-10-07,6847.7,INV003761,7349.2,7441.69,0,normal
29,2025-10-07,2226.6,INV000917,2183.18,2199.89,0,normal
2,2025-10-07,3808.36,INV003991,3845.85,3864.33,0,normal
29,2025-10-07,2037.03,INV002732,2027.02,2045.95,0,normal
38,2025-10-07,951.4,INV001939,970.47,964.62,0,normal
31,2025-10-07,1066.45,INV005482,1135.86,1135.86,1,duplicate
50,2025-10-08,2454.55,INV005810,2647.91,2647.91,1,duplicate
42,2025-10-08,1060.54,INV001896,1124.93,1133.74,0,normal
2,2025-10-08,3568.03,INV004054,3852.24,3820.81,0,normal
7,2025-10-08,1595.68,INV004412,1592.39,1603.93,0,normal
39,2025-10-08,2842.66,INV003718,3062.61,3037.5,0,normal
3,2025-10-08,3419.25,INV001397,3518.58,3502.38,0,normal
55,2025-10-08,689.65,INV002869,725.65,732.65,0,normal
15,2025-10-08,904.83,INV005133,927.73,921.46,0,normal
20,2025-10-08,1892.55,INV005048,2026.15,2026.44,0,normal
28,2025-10-08,2223.63,INV003206,3124.05,3124.05,1,price_variance
20,2025-10-08,1330.04,INV005011,1339.15,1351.24,0,normal
19,2025-10-08,1796.5,INV003830,1934.34,1960.04,0,normal
31,2025-10-08,1419.65,INV003712,1432.72,1419.78,0,normal
28,2025-10-08,2223.63,INV003206,2124.95,2147.1,0,normal
58,2025-10-08,756.23,INV001985,775.83,768.87,0,normal
56,2025-10-08,1492.07,INV002927,1460.39,1458.82,0,normal
1,2025-10-09,805.27,INV005862,787.7,797.91,0,normal
10,2025-10-09,2731.5,INV003314,2704.48,2686.63,0,normal
34,2025-10-09,3198.0,INV005370,3381.4,3403.47,0,normal
57,2025-10-09,5787.01,INV002118,5867.07,5859.89,0,normal
36,2025-10-09,1650.51,INV003631 ,1656.67,1656.67,1,duplicate
37,2025-10-09,942.1,INV000966,962.09,957.88,0,normal
59,2025-10-09,4063.3,INV002372,4290.54,4343.18,0,normal
58,2025-10-09,922.3,INV005177,893.67,894.22,0,normal
39,2025-10-09,2975.83,INV002755,2974.14,2968.87,0,normal
50,2025-10-09,2883.31,INV005345,3054.76,3047.08,0,normal
35,2025-10-09,4461.22,INV001820,4300.76,4318.2,0,normal
42,2025-10-09,973.01,INV002760,1038.37,1053.94,0,normal
37,2025-10-09,895.8,INV001981,946.46,935.14,0,normal
6,2025-10-09,2002.74,INV003862,1951.56,1927.46,0,normal
38,2025-10-09,732.77,INV005654,735.9,746.78,0,normal
18,2025-10-09,4407.12,INV002817,4545.48,4580.7,0,normal
50,2025-10-09,2467.09,INV005208,2411.92,2418.14,0,normal
19,2025-10-10,1658.21,INV005689,1783.37,1758.45,0,normal
15,2025-10-10,871.83,INV005206,869.37,879.03,0,normal
40,2025-10-10,2439.99,INV002223,3148.98,3148.98,1,price_variance
50,2025-10-10,1833.86,INV003214,1869.11,1849.12,0,normal
47,2025-10-10,2077.7,INV002564,2180.56,2165.84,0,normal
35,2025-10-10,4461.22,INV000453,4326.57,4339.0,0,normal
29,2025-10-10,2244.59,INV003769,2400.12,2420.26,0,normal
40,2025-10-10,2439.99,INV002223,2476.86,2499.39,0,normal
47,2025-10-10,1871.76,INV002587,1838.23,1819.36,0,normal
3,2025-10-10,2996.3,INV001022,2939.99,2921.43,0,normal
31,2025-10-10,1357.59,INV003483,1303.32,1302.62,0,normal
36,2025-10-10,1650.51,INV003204,1580.44,1566.16,0,normal
13,2025-10-10,4082.06,INV001594,4180.49,4142.86,0,normal
50,2025-10-10,1548.5,INV004728,1616.61,1608.9,0,normal
25,2025-10-10,1208.63,INV003124,1239.36,1230.25,0,normal
58,2025-10-10,829.37,INV004579,820.77,814.35,0,normal
52,2025-10-10,575.11,INV002801,587.08,586.93,0,normal
55,2025-10-10,968.43,INV004050,1015.71,1028.93,0,normal
51,2025-10-10,3210.56,INV003134,3436.71,3404.38,0,normal
45,2025-10-11,1837.46,INV003455,1769.47,1754.71,0,normal
21,2025-10-11,1203.53,INV002518,1144.22,1154.01,0,normal
46,2025-10-11,3630.56,INV000033,3758.37,3812.23,0,normal
21,2025-10-11,905.71,INV005172,899.38,900.48,0,normal
51,2025-10-11,3336.99,INV005591,3269.51,3250.98,0,normal
46,2025-10-11,3630.56,INV000033,4481.55,4481.55,1,price_variance
4,2025-10-11,316.28,INV001008,495.89,495.89,1,price_variance
41,2025-10-11,2635.13,INV004427,2678.09,2650.43,0,normal
23,2025-10-11,1597.79,INV002778,1684.11,1680.82,0,normal
43,2025-10-11,2385.06,INV003155,2398.96,2410.24,0,normal
58,2025-10-11,982.17,INV002729,1049.3,1040.37,0,normal
5,2025-10-11,741.57,INV005547,724.97,715.83,0,normal
4,2025-10-11,316.28,INV001008,332.61,327.91,0,normal
19,2025-10-11,1712.14,INV000076,1741.21,1751.34,0,normal
45,2025-10-12,2291.7,INV005841,2223.96,2227.02,0,normal
9,2025-10-12,1070.93,INV001351,1102.91,1102.58,0,normal
46,2025-10-12,3630.56,INV004464,3652.81,3656.29,0,normal
51,2025-10-12,3496.15,INV003628,3367.14,3405.5,0,normal
23,2025-10-12,1597.79,INV002555,1675.47,1690.53,0,normal
59,2025-10-12,4114.6,INV002558,4099.01,4145.42,0,normal
19,2025-10-12,1848.01,INV004012,1913.68,1894.94,0,normal
17,2025-10-12,865.29,INV001206,904.99,917.66,0,normal
26,2025-10-12,2774.45,INV002490,2734.66,2774.26,0,normal
51,2025-10-12,3496.15,INV003628,3367.14,4370.26,1,overpayment
45,2025-10-12,2387.78,INV004527,2499.21,2515.91,0,normal
12,2025-10-12,1906.12,INV005378,2026.73,2048.31,0,normal
11,2025-10-12,3068.95,INV000933,3065.08,3105.56,0,normal
1,2025-10-12,727.38,INV003241,730.41,734.6,0,normal
25,2025-10-13,1737.59,INV005562,1842.43,1817.29,0,normal
23,2025-10-13,1597.79,INV005844,1653.26,1655.09,0,normal
9,2025-10-13,662.38,INV004521,629.5,638.38,0,normal
58,2025-10-13,792.69,INV002382,827.38,828.21,0,normal
4,2025-10-13,387.5,INV005773,389.54,389.65,0,normal
48,2025-10-13,3631.49,INV002322,3759.9,3715.8,0,normal
51,2025-10-13,3179.5,INV002237,3215.98,3188.45,0,normal
1,2025-10-13,1027.66,INV002018,1033.47,1043.91,0,normal
43,2025-10-13,1937.85,INV000072,1916.86,1944.18,0,normal
41,2025-10-13,2642.15,INV004326,2853.21,2857.06,0,normal
51,2025-10-13,2991.16,INV003822,3176.55,3158.02,0,normal
11,2025-10-13,3378.46,INV000667,3243.35,3267.75,0,normal
55,2025-10-13,1388.74,INV003651,1367.62,1365.77,0,normal
45,2025-10-13,2207.35,INV005074,2334.97,2325.13,0,normal
45,2025-10-14,2190.25,INV004601,2106.22,2128.76,0,normal
21,2025-10-14,1242.62,INV003929,1225.0,1231.57,0,normal
3,2025-10-14,4336.64,INV001106,4289.69,4340.33,0,normal
53,2025-10-14,1309.8,INV004329,1394.97,1377.42,0,normal
47,2025-10-14,1972.23,INV000888,1937.28,1917.38,0,normal
20,2025-10-14,1199.46,INV003414,1165.23,1178.13,0,normal
25,2025-10-14,1448.67,INV003790,1460.23,1452.34,0,normal
34,2025-10-14,3479.72,INV005041,3541.11,3514.89,0,normal
31,2025-10-14,1156.47,INV001420,1121.04,1134.04,0,normal
31,2025-10-14,1325.58,INV004980,1363.68,1359.17,0,normal
10,2025-10-14,3942.54,INV002052,3992.81,3978.67,0,normal
31,2025-10-14,939.58,INV004773,935.36,936.6,0,normal
22,2025-10-14,4807.98,INV005455,4873.71,4825.59,0,normal
20,2025-10-14,1811.1,INV000382,1786.82,1775.77,0,normal
25,2025-10-14,1311.2,INV004491,1304.03,1297.21,0,normal
32,2025-10-14,1196.48,INV005521,1178.06,1167.78,0,normal
23,2025-10-15,1597.79,INV002555,1644.96,1644.96,1,duplicate
34,2025-10-15,3162.04,INV005332,3232.92,3236.32,0,normal
10,2025-10-15,3255.16,INV005241,3138.81,3092.28,0,normal
33,2025-10-15,1028.81,INV001142,1067.86,1069.1,0,normal
11,2025-10-15,3912.31,INV003114,3884.55,3901.02,0,normal
22,2025-10-15,4807.98,INV004702,5121.21,5069.09,0,normal
46,2025-10-15,3630.56,INV000591,3517.83,3532.79,0,normal
35,2025-10-15,4461.22,INV002762,4626.65,4654.56,0,normal
1,2025-10-15,709.21,INV000576,700.33,700.7,0,normal
1,2025-10-15,671.53,INV002391,676.04,684.99,0,normal
26,2025-10-15,3354.23,INV003306,3415.49,3434.58,0,normal
57,2025-10-15,6884.15,INV000206,6644.08,6561.84,0,normal
55,2025-10-15,1520.31,INV003413,1477.66,1469.7,0,normal
45,2025-10-15,2228.95,INV003808,2125.81,2107.88,0,normal
46,2025-10-15,3630.56,INV003621,3585.09,3610.88,0,normal
3,2025-10-15,4143.45,INV001370,4396.5,4459.55,0,normal
23,2025-10-15,1597.79,INV005808,1572.54,1583.73,0,normal
20,2025-10-15,1906.9,INV000242,2031.17,2007.87,0,normal
30,2025-10-16,10176.56,INV003066,9801.36,9884.65,0,normal
45,2025-10-16,1911.3,INV000002,1865.96,1863.73,0,normal
18,2025-10-16,4362.95,INV002919,4405.25,4416.36,0,normal
8,2025-10-16,1726.22,INV000679,1791.77,1785.62,0,normal
5,2025-10-16,751.87,INV000732,732.88,739.7,0,normal
47,2025-10-16,2016.1,INV000394,2039.05,2045.75,0,normal
30,2025-10-16,8230.65,INV002105,8755.62,8656.17,0,normal
30,2025-10-16,10176.56,INV003066,13005.77,13005.77,1,price_variance
11,2025-10-16,3867.92,INV000181,3891.69,3845.0,0,normal
35,2025-10-16,4461.22,INV002721,4776.95,4829.25,0,normal
53,2025-10-16,1656.42,INV004939,1764.57,1762.39,0,normal
35,2025-10-16,4461.22,INV001105,4472.14,4437.94,0,normal
0,2025-10-16,2452.92,INV001287,2434.11,2439.05,0,normal
50,2025-10-16,2273.85,INV001618,2256.11,2265.81,0,normal
58,2025-10-16,897.87,INV001887,928.65,916.07,0,normal
57,2025-10-17,6224.87,INV004398,6267.21,6324.3,0,normal
33,2025-10-17,909.84,INV005387,915.51,906.57,0,normal
57,2025-10-17,5123.62,INV003508,5346.94,5358.44,0,normal
44,2025-10-17,1724.33,INV005415,1828.56,1839.13,0,normal
47,2025-10-17,2227.32,INV003177,2392.1,2374.62,0,normal
3,2025-10-17,2675.16,INV003555,2708.64,2684.44,0,normal
38,2025-10-17,781.49,INV000675,775.27,766.41,0,normal
2,2025-10-17,3991.72,INV002768,4097.16,4127.13,0,normal
39,2025-10-17,3155.42,INV005890,3056.06,3015.28,0,normal
41,2025-10-17,2681.14,INV000687,2638.55,2641.63,0,normal
27,2025-10-17,1991.97,INV000694,1970.2,1986.87,0,normal
13,2025-10-17,4573.76,INV001234,4602.16,4601.7,0,normal
0,2025-10-17,2321.96,INV001305,2333.3,2368.18,0,normal
31,2025-10-17,1070.37,INV000919,1081.33,1084.38,0,normal
7,2025-10-17,1519.31,INV000700,1564.57,1548.48,0,normal
29,2025-10-17,2727.93,INV002293,2809.22,2781.15,0,normal
22,2025-10-18,4807.98,INV004140-1,4741.07,4741.07,1,duplicate
45,2025-10-18,2097.15,INV005039,2064.42,2056.53,0,normal
12,2025-10-18,1906.12,INV000827,2024.52,2012.16,0,normal
25,2025-10-18,1177.61,INV001433,1147.87,1157.17,0,normal
54,2025-10-18,1060.53,INV004004,1046.03,1058.69,0,normal
40,2025-10-18,2673.9,INV002035,2587.64,2572.08,0,normal
40,2025-10-18,4043.36,INV002040,4186.51,4212.45,0,normal
24,2025-10-18,1497.16,INV005070,1485.08,1503.69,0,normal
39,2025-10-18,2935.4,INV001805,3155.02,3153.27,0,normal
57,2025-10-18,6686.71,INV002432,6529.8,6600.79,0,normal
49,2025-10-18,1779.16,INV004689,1892.29,1910.4,0,normal
46,2025-10-18,3630.56,INV003142,3773.28,3773.9,0,normal
23,2025-10-18,1597.79,INV001233,1646.59,1669.54,0,normal
52,2025-10-18,560.02,INV005592,548.47,547.39,0,normal
56,2025-10-18,1204.11,INV000449,1247.72,1247.48,0,normal
5,2025-10-18,681.87,INV004482,702.15,707.71,0,normal
13,2025-10-19,4877.6,INV000867,4990.42,4954.91,0,normal
33,2025-10-19,981.38,INV005071,960.34,965.29,0,normal
59,2025-10-19,3956.66,INV001375,3762.28,3785.68,0,normal
47,2025-10-19,1990.03,INV003722,1912.51,1929.28,0,normal
0,2025-10-19,1968.08,INV005358,1921.95,1935.82,0,normal
2,2025-10-19,3593.72,INV001207,3482.81,3501.74,0,normal
43,2025-10-19,2562.38,INV001634,2685.56,2712.42,0,normal
38,2025-10-19,752.8,INV001770,782.73,782.81,0,normal
40,2025-10-19,2709.46,INV000804,2574.79,2590.18,0,normal
7,2025-10-19,1316.35,INV003576,1400.66,1415.68,0,normal
6,2025-10-19,2002.74,INV001999,2043.38,2061.01,0,normal
39,2025-10-19,2748.74,INV002013,2755.49,2778.52,0,normal
14,2025-10-19,2239.02,INV005838,2249.04,2276.94,0,normal
51,2025-10-19,2464.13,INV004206,2657.11,2620.13,0,normal
55,2025-10-19,1377.05,INV002379,1423.2,1437.91,0,normal
26,2025-10-19,2528.76,INV002557,2573.63,2587.14,0,normal
10,2025-10-19,4425.19,INV005695,4589.64,4577.43,0,normal
46,2025-10-19,3630.56,INV000400,3602.55,3559.22,0,normal
7,2025-10-19,1313.07,INV005640,1332.54,1320.47,0,normal
14,2025-10-19,2671.08,INV005589,2701.02,2660.63,0,normal
59,2025-10-19,4517.08,INV005563,4612.11,4669.26,0,normal
20,2025-10-20,1682.94,INV004217,1760.99,1756.37,0,normal
9,2025-10-20,1111.64,INV005297,1056.43,1042.51,0,normal
16,2025-10-20,2927.58,INV003059,3057.13,3082.82,0,normal
6,2025-10-20,2002.74,INV001191,1998.94,2012.65,0,normal
10,2025-10-20,2897.32,INV001394,2822.31,2837.17,0,normal
31,2025-10-20,1449.6,INV003652,1498.25,1516.02,0,normal
55,2025-10-20,1236.63,INV003647,1235.2,1240.48,0,normal
18,2025-10-20,3965.76,INV005927,4044.97,4097.02,0,normal
42,2025-10-20,792.12,INV001875,814.02,801.96,0,normal
24,2025-10-20,1259.19,INV000251,1238.46,1256.55,0,normal
55,2025-10-20,1097.27,INV002255,1129.72,1117.91,0,normal
55,2025-10-20,1236.63,INV003647,1235.2,1590.89,1,overpayment
5,2025-10-20,652.24,INV002620,684.46,680.46,0,normal
32,2025-10-20,1039.08,INV000403,1014.04,1009.83,0,normal
41,2025-10-20,2803.3,INV005668,2941.02,2936.21,0,normal
37,2025-10-20,1028.41,INV000927,987.19,991.44,0,normal
12,2025-10-20,1906.12,INV000094,1916.96,1888.44,0,normal
37,2025-10-20,846.54,INV000000,855.8,862.5,0,normal
10,2025-10-20,3490.94,INV005205,3381.34,3377.53,0,normal
35,2025-10-21,4461.22,INV004263,4517.77,4553.63,0,normal
9,2025-10-21,1002.95,INV001242,983.07,997.27,0,normal
50,2025-10-21,1856.24,INV001412,1810.69,1795.44,0,normal
50,2025-10-21,2286.21,INV002618,2399.59,2379.12,0,normal
20,2025-10-21,1818.2,INV002216A,1897.8,1897.8,1,duplicate
55,2025-10-21,947.47,INV000937,901.32,907.83,0,normal
57,2025-10-21,5123.62,INV003508 ,5346.94,5346.94,1,duplicate
20,2025-10-21,1413.74,INV003209,1384.05,1379.14,0,normal
49,2025-10-21,2425.12,INV002628,2448.1,2460.91,0,normal
44,2025-10-21,2356.36,INV001469,2427.16,3350.96,1,overpayment
46,2025-10-21,3630.56,INV001033,3454.24,3418.86,0,normal
44,2025-10-21,2356.36,INV001469,2427.16,2435.65,0,normal
49,2025-10-21,2425.12,INV002628,2448.1,2642.16,1,overpayment
1,2025-10-21,920.36,INV001284,970.5,981.44,0,normal
44,2025-10-21,2358.73,INV000267,2441.92,2451.7,0,normal
17,2025-10-22,828.24,INV002010,873.1,878.63,0,normal
5,2025-10-22,606.86,INV004518,579.56,582.58,0,normal
30,2025-10-22,10353.1,INV003461,10992.09,10921.13,0,normal
55,2025-10-22,848.4,INV000207,833.25,920.26,1,overpayment
34,2025-10-22,3740.0,INV000432,3694.65,3691.5,0,normal
12,2025-10-22,1906.12,INV003052A,2002.23,2002.23,1,duplicate
18,2025-10-22,2936.75,INV000941,2993.64,2975.8,0,normal
30,2025-10-22,7955.44,INV005168,7884.4,7789.98,0,normal
23,2025-10-22,1597.79,INV002301,1725.23,1727.28,0,normal
38,2025-10-22,1118.51,INV003476,1202.65,1188.52,0,normal
5,2025-10-22,596.77,INV003856,644.26,652.61,0,normal
36,2025-10-22,1650.51,INV000708,1647.27,1630.83,0,normal
55,2025-10-22,848.4,INV000207,833.25,842.14,0,normal
6,2025-10-22,2002.74,INV002230,2086.16,2091.27,0,normal
12,2025-10-22,1906.12,INV005873,2050.18,2070.28,0,normal
33,2025-10-22,1038.55,INV002159,1111.18,1114.78,0,normal
9,2025-10-22,1024.38,INV000378,1038.38,1053.75,0,normal
18,2025-10-22,4819.24,INV000062,7677.25,7677.25,1,price_variance
49,2025-10-22,1414.23,INV002127,1404.92,1400.05,0,normal
29,2025-10-22,2863.86,INV004585,2842.82,2842.82,1,duplicate
18,2025-10-22,4819.24,INV000062,4805.38,4796.01,0,normal
55,2025-10-23,1153.58,INV003698,1114.58,1121.97,0,normal
15,2025-10-23,953.53,INV001559,1029.38,1042.48,0,normal
52,2025-10-23,745.66,INV005905,802.23,813.13,0,normal
50,2025-10-23,2152.36,INV000771,2078.09,2091.49,0,normal
57,2025-10-23,4701.86,INV003850,4791.09,4824.31,0,normal
39,2025-10-23,3713.32,INV001478,3833.8,3808.6,0,normal
20,2025-10-23,1717.32,INV002345,1682.69,1680.17,0,normal
53,2025-10-23,1772.96,INV001312,1841.2,1846.43,0,normal
26,2025-10-23,2780.26,INV000794,2729.24,2732.26,0,normal
37,2025-10-23,932.12,INV004815,893.82,903.19,0,normal
44,2025-10-23,1991.78,INV004687,1951.18,1956.85,0,normal
25,2025-10-23,1335.12,INV001192,1361.15,1348.02,0,normal
44,2025-10-23,1960.28,INV002984,2107.68,2124.11,0,normal
50,2025-10-23,2795.63,INV003089,2714.65,2681.34,0,normal
57,2025-10-23,7605.23,INV000270,7777.55,7873.0,0,normal
13,2025-10-24,4176.6,INV003168,4396.45,4342.93,0,normal
9,2025-10-24,787.2,INV004639,761.49,753.24,0,normal
59,2025-10-24,4067.52,INV001790,4306.28,4324.95,0,normal
52,2025-10-24,601.01,INV004620,573.94,581.71,0,normal
45,2025-10-24,2509.98,INV002867A,2436.63,2436.63,1,duplicate
29,2025-10-24,2499.82,INV000160,2471.51,2436.66,0,normal
13,2025-10-24,4240.1,INV000658,4377.52,4368.85,0,normal
56,2025-10-24,1559.89,INV005333,1666.57,1682.4,0,normal
42,2025-10-24,1117.33,INV000832,1172.0,1179.49,0,normal
29,2025-10-24,2465.75,INV001569,2416.6,2427.47,0,normal
39,2025-10-24,2808.32,INV004898,2880.98,2861.45,0,normal
14,2025-10-24,2482.33,INV005328,2405.78,2398.76,0,normal
15,2025-10-24,862.83,INV003990,898.35,907.52,0,normal
19,2025-10-24,1699.17,INV001824,1687.74,1690.7,0,normal
40,2025-10-24,3513.24,INV000887,3570.72,3555.68,0,normal
44,2025-10-24,2295.3,INV003713,2340.59,2362.79,0,normal
4,2025-10-24,396.32,INV002390,382.12,380.63,0,normal
54,2025-10-24,1326.86,INV002883,1322.83,1334.74,0,normal
46,2025-10-24,3630.56,INV001580,3731.34,3786.92,0,normal
22,2025-10-24,4807.98,INV002435,4680.93,4666.17,0,normal
52,2025-10-24,560.21,INV000567,586.31,589.47,0,normal
29,2025-10-24,2565.14,INV000199,2706.36,2687.82,0,normal
32,2025-10-25,1370.74,INV005331,1321.87,1303.26,0,normal
34,2025-10-25,2399.47,INV001514,2394.64,2370.32,0,normal
2,2025-10-25,3342.38,INV001041,3595.14,3634.27,0,normal
58,2025-10-25,994.9,INV002291,999.89,1000.26,0,normal
17,2025-10-25,824.33,INV005296,878.24,873.1,0,normal
3,2025-10-25,2755.63,INV003264,2858.96,2872.1,0,normal
1,2025-10-25,650.55,INV005376,630.24,634.09,0,normal
12,2025-10-25,1906.12,INV003338,1975.98,1998.81,0,normal
40,2025-10-25,2952.05,INV003365,2977.22,2970.07,0,normal
45,2025-10-25,2005.24,INV001056A,1991.64,1991.64,1,duplicate
11,2025-10-25,3733.97,INV003774,3962.43,3961.13,0,normal
12,2025-10-25,1906.12,INV005751,1924.06,1951.2,0,normal
12,2025-10-25,1906.12,INV003587,2056.73,2039.93,0,normal
10,2025-10-25,3603.53,INV005643,3785.5,3833.75,0,normal
2,2025-10-25,3081.38,INV000566,2991.43,2982.71,0,normal
38,2025-10-25,872.55,INV001172,906.11,893.51,0,normal
6,2025-10-25,2002.74,INV000120,2012.52,1987.16,0,normal
32,2025-10-25,782.96,INV000747,820.93,809.08,0,normal
41,2025-10-25,3626.6,INV000696,3636.95,3583.59,0,normal
30,2025-10-25,8473.58,INV004820,8448.04,8415.62,0,normal
19,2025-10-25,1436.52,INV001906,1505.64,1491.06,0,normal
5,2025-10-26,630.14,INV005755,673.89,680.12,0,normal
55,2025-10-26,1213.06,INV004575,1232.43,1247.38,0,normal
55,2025-10-26,1213.06,INV004575,1232.43,1581.87,1,overpayment
55,2025-10-26,1213.06,INV004575,1679.35,1679.35,1,price_variance
56,2025-10-26,1767.83,INV002404,1790.37,1809.01,0,normal
41,2025-10-26,2817.48,INV004611,2846.75,2881.26,0,normal
35,2025-10-26,4461.22,INV005611,4434.93,4500.61,0,normal
59,2025-10-26,4488.56,INV001502,4446.55,4494.34,0,normal
9,2025-10-26,881.78,INV004475,918.03,911.53,0,normal
21,2025-10-26,885.42,INV003432,931.81,941.86,0,normal
56,2025-10-26,1505.82,INV002283,1443.22,1426.34,0,normal
19,2025-10-26,1877.9,INV003865,1999.72,1974.72,0,normal
39,2025-10-26,3240.16,INV003936,3185.29,3150.74,0,normal
12,2025-10-26,1906.12,INV004641,1942.52,1922.99,0,normal
32,2025-10-26,1391.46,INV001892,1331.09,1344.89,0,normal
50,2025-10-26,2125.63,INV001303,2204.06,2178.09,0,normal
34,2025-10-26,3548.23,INV000192,3696.8,3734.85,0,normal
20,2025-10-26,1548.79,INV003958,1586.38,1578.98,0,normal
50,2025-10-27,2234.18,INV005337,2163.66,2186.37,0,normal
54,2025-10-27,1049.2,INV000909,1132.1,1141.7,0,normal
20,2025-10-27,1796.4,INV004255,1843.14,1850.27,0,normal
36,2025-10-27,1650.51,INV000655,1676.08,1669.27,0,normal
56,2025-10-27,1642.87,INV005467,1772.31,1759.71,0,normal
23,2025-10-27,1597.79,INV000307,1723.54,1739.62,0,normal
49,2025-10-27,2153.62,INV005046,2314.59,2320.28,0,normal
1,2025-10-27,813.48,INV005284,787.23,791.77,0,normal
47,2025-10-27,1984.2,INV002909,1988.35,1984.33,0,normal
6,2025-10-27,2002.74,INV001205,1956.94,1941.85,0,normal
37,2025-10-27,887.91,INV001640,923.15,920.24,0,normal
0,2025-10-27,2203.88,INV002383,2135.25,2153.63,0,normal
51,2025-10-27,3569.19,INV002356,3720.95,3769.65,0,normal
54,2025-10-27,1049.2,INV000909,1132.1,1535.01,1,overpayment
48,2025-10-27,3368.11,INV004730,3339.1,3315.71,0,normal
41,2025-10-27,2460.11,INV005609,2628.96,2630.73,0,normal
41,2025-10-27,2839.92,INV001830,2909.91,2931.52,0,normal
17,2025-10-27,923.98,INV001575,974.74,987.42,0,normal
26,2025-10-27,2571.3,INV005842,2570.01,2562.95,0,normal
48,2025-10-27,3679.36,INV000615,3877.98,3826.1,0,normal
47,2025-10-27,2805.97,INV003078,2874.83,2856.14,0,normal
7,2025-10-27,1554.45,INV001835,1637.07,1654.11,0,normal
57,2025-10-27,5850.89,INV000439,5966.08,5976.09,0,normal
32,2025-10-28,1032.69,INV005420,1037.65,1022.57,0,normal
29,2025-10-28,2904.17,INV002397,2891.0,2855.83,0,normal
5,2025-10-28,629.28,INV005791,678.82,677.97,0,normal
40,2025-10-28,2500.29,INV001029,2624.69,2588.27,0,normal
41,2025-10-28,3489.31,INV005157,3336.2,3307.71,0,normal
28,2025-10-28,3013.19,INV005564,3213.52,3222.38,0,normal
31,2025-10-28,1076.39,INV002532,1140.65,1149.47,0,normal
32,2025-10-28,1094.6,INV003434,1147.4,1155.4,0,normal
22,2025-10-28,4807.98,INV002675,4894.01,4845.32,0,normal
55,2025-10-28,1314.02,INV005050,1282.19,1290.6,0,normal
7,2025-10-28,1211.41,INV005602,1235.84,1240.5,0,normal
41,2025-10-28,2565.38,INV004500,2690.32,2723.02,0,normal
41,2025-10-28,3281.71,INV003970,3481.7,3471.56,0,normal
34,2025-10-28,3103.12,INV005834,2998.93,3036.59,0,normal
46,2025-10-28,3630.56,INV002204,3762.44,3785.64,0,normal
20,2025-10-29,1761.55,INV002776A,1719.87,1719.87,1,duplicate
5,2025-10-29,465.05,INV003427,480.84,480.84,1,price_variance
45,2025-10-29,2003.03,INV002900,1967.93,1961.07,0,normal
30,2025-10-29,10416.89,INV005189,10340.35,10401.86,0,normal
5,2025-10-29,465.05,INV003427,457.22,463.26,0,normal
10,2025-10-29,4340.34,INV005848,4593.72,4532.18,0,normal
24,2025-10-29,889.57,INV005489,898.53,911.42,0,normal
45,2025-10-29,2491.15,INV004301,2388.0,2382.92,0,normal
2,2025-10-29,3220.28,INV004649,3252.9,3256.3,0,normal
36,2025-10-29,1650.51,INV004735 ,1770.9,1770.9,1,duplicate
25,2025-10-29,1141.87,INV000709,1093.97,1092.21,0,normal
36,2025-10-29,1650.51,INV003965,1779.2,1761.96,0,normal
28,2025-10-29,2746.91,INV000045,2723.72,2732.62,0,normal
49,2025-10-29,1175.65,INV001342,1150.92,1153.06,0,normal
5,2025-10-29,614.15,INV005721,656.9,656.18,0,normal
50,2025-10-29,1874.64,INV004540,1887.9,1898.37,0,normal
50,2025-10-29,1874.64,INV004540,2121.46,2121.46,1,price_variance
28,2025-10-29,2392.92,INV000122,2373.76,2381.46,0,normal
21,2025-10-29,934.69,INV004272,997.19,982.69,0,normal
19,2025-10-30,1778.93,INV005884,1754.53,1764.88,0,normal
31,2025-10-30,1250.34,INV003528,1315.38,1332.82,0,normal
55,2025-10-30,1241.46,INV000448,1220.35,1231.29,0,normal
34,2025-10-30,3018.88,INV004433,3208.68,3231.99,0,normal
21,2025-10-30,1130.63,INV004493,1162.94,1153.36,0,normal
25,2025-10-30,1432.66,INV001979,1371.57,1384.26,0,normal
13,2025-10-30,3560.15,INV002629,3843.25,3854.26,0,normal
19,2025-10-30,1450.6,INV002239,1397.51,1417.26,0,normal
41,2025-10-30,2714.35,INV004515,2816.87,2831.94,0,normal
7,2025-10-30,1524.49,INV003282,1555.47,1535.94,0,normal
7,2025-10-30,1539.67,INV003953,1604.19,1586.58,0,normal
51,2025-10-30,3884.18,INV001611,4141.62,4176.91,0,normal
29,2025-10-30,2437.99,INV002713,2344.25,2378.56,0,normal
17,2025-10-30,744.74,INV001865,739.67,733.88,0,normal
35,2025-10-30,4461.22,INV004629,4328.69,4339.0,0,normal
2,2025-10-31,3155.09,INV002621,3032.17,3059.3,0,normal
3,2025-10-31,3741.53,INV001644,4009.99,4069.08,0,normal
47,2025-10-31,2352.11,INV005126,2444.22,2431.16,0,normal
28,2025-10-31,2675.51,INV005662,2714.34,2993.72,1,overpayment
48,2025-10-31,2796.11,INV005294,2678.05,2715.95,0,normal
11,2025-10-31,3759.47,INV001187,4003.95,4057.76,0,normal
32,2025-10-31,1391.46,INV001892 ,1331.09,1331.09,1,duplicate
7,2025-10-31,1367.47,INV002455,1393.52,1389.65,0,normal
28,2025-10-31,2675.51,INV005662,2714.34,2707.79,0,normal
28,2025-10-31,3097.39,INV005095,3178.02,3190.66,0,normal
43,2025-10-31,2108.01,INV005371,2051.68,2082.05,0,normal
19,2025-10-31,1990.04,INV001532,2055.47,2029.45,0,normal
13,2025-10-31,4877.6,INV000867 ,4912.27,4912.27,1,duplicate
32,2025-10-31,1130.34,INV003851,1189.74,1173.33,0,normal
27,2025-10-31,2512.09,INV003934,2574.45,2605.76,0,normal
27,2025-11-01,2218.76,INV001003,2165.04,2139.03,0,normal
57,2025-11-01,5749.64,INV004354,6077.31,6114.4,0,normal
45,2025-11-01,2322.99,INV005963,2346.61,2358.82,0,normal
15,2025-11-01,925.52,INV004160,965.92,963.65,0,normal
55,2025-11-01,898.87,INV000559,876.39,870.47,0,normal
26,2025-11-01,2744.71,INV004284,2784.74,2804.09,0,normal
55,2025-11-01,996.69,INV001288,983.0,970.7,0,normal
55,2025-11-01,996.8,INV004047,1071.35,1085.46,0,normal
3,2025-11-01,3545.84,INV003940,3625.55,3672.03,0,normal
46,2025-11-01,3630.56,INV002912,3848.35,3893.07,0,normal
1,2025-11-01,1038.49,INV005160,1072.42,1056.61,0,normal
57,2025-11-01,5749.64,INV004354,6077.31,7530.7,1,overpayment
23,2025-11-01,1597.79,INV005557,1610.57,1612.56,0,normal
13,2025-11-01,5422.95,INV005712,5770.36,5780.91,0,normal
35,2025-11-02,4461.22,INV000721,4672.84,4606.02,0,normal
24,2025-11-02,1334.3,INV003408,1325.37,1324.73,0,normal
28,2025-11-02,3168.1,INV004098,3389.75,3401.33,0,normal
30,2025-11-02,10233.1,INV004101,10899.55,10816.51,0,normal
51,2025-11-02,3869.01,INV004991,4175.73,4116.09,0,normal
58,2025-11-02,1029.61,INV002143,1102.54,1095.94,0,normal
55,2025-11-02,1044.66,INV001319,1042.82,1033.94,0,normal
5,2025-11-02,419.45,INV005290,405.81,410.5,0,normal
46,2025-11-02,3630.56,INV000813,3456.8,3421.18,0,normal
58,2025-11-02,1136.6,INV000196,1139.12,1132.52,0,normal
9,2025-11-02,1053.8,INV003975,1116.16,1121.62,0,normal
0,2025-11-02,1967.75,INV005635,2112.36,2142.51,0,normal
57,2025-11-02,6688.49,INV004742,7185.93,7103.77,0,normal
35,2025-11-02,4461.22,INV000721,4672.84,4787.91,1,overpayment
31,2025-11-02,1311.41,INV004822,1405.48,1387.87,0,normal
17,2025-11-02,1125.4,INV001941,1197.03,1211.82,0,normal
21,2025-11-02,1230.92,INV000893,1314.84,1334.07,0,normal
55,2025-11-03,1108.52,INV001378,1073.44,1079.57,0,normal
49,2025-11-03,1534.42,INV001742,1603.89,1603.89,1,price_variance
48,2025-11-03,2381.2,INV002812,2455.57,2479.11,0,normal
6,2025-11-03,2002.74,INV003799,2034.69,2024.88,0,normal
16,2025-11-03,2333.38,INV003772,2308.54,2303.63,0,normal
12,2025-11-03,1906.12,INV005551,1928.69,1900.57,0,normal
16,2025-11-03,2158.68,INV002413,2318.05,2320.24,0,normal
39,2025-11-03,2796.47,INV005116,2945.27,2931.66,0,normal
54,2025-11-03,1181.09,INV000284,1238.41,1243.66,0,normal
49,2025-11-03,1534.42,INV001742,1505.97,1494.45,0,normal
28,2025-11-03,2678.09,INV001544,2551.88,2567.45,0,normal
13,2025-11-03,4145.12,INV005171,4034.46,4085.39,0,normal
18,2025-11-03,3774.59,INV005805,3672.97,4345.5,1,overpayment
57,2025-11-03,6545.36,INV002425,6409.85,6498.27,0,normal
57,2025-11-03,5473.57,INV004825,5547.21,5618.14,0,normal
16,2025-11-03,2109.29,INV001395,2265.4,2279.37,0,normal
18,2025-11-03,3774.59,INV005805,3672.97,3679.47,0,normal
56,2025-11-03,1666.44,INV000326,1684.99,1661.83,0,normal
27,2025-11-04,2678.67,INV005468,2704.26,2669.31,0,normal
6,2025-11-04,2002.74,INV005533,2081.02,2071.55,0,normal
55,2025-11-04,1153.58,INV003698,1114.58,1114.58,1,duplicate
27,2025-11-04,2050.37,INV001498,2059.89,2063.0,0,normal
13,2025-11-04,4676.25,INV005300,4934.93,4982.17,0,normal
48,2025-11-04,3217.54,INV002657,3398.7,3366.8,0,normal
42,2025-11-04,865.07,INV000800,927.69,936.37,0,normal
24,2025-11-04,1400.53,INV003916,1454.8,1439.0,0,normal
30,2025-11-04,9566.06,INV003412,9753.67,9648.54,0,normal
38,2025-11-04,804.69,INV004819,847.98,849.84,0,normal
33,2025-11-04,827.41,INV003353,851.73,850.54,0,normal
31,2025-11-04,1367.24,INV003532,1332.5,1352.16,0,normal
1,2025-11-04,880.2,INV001538,905.52,898.39,0,normal
57,2025-11-04,4679.95,INV002525,4971.44,4935.72,0,normal
57,2025-11-04,6179.86,INV002268,5994.21,6083.06,0,normal
50,2025-11-04,2533.25,INV004035,2459.01,2483.11,0,normal
4,2025-11-04,441.3,INV003166,460.64,464.89,0,normal
13,2025-11-04,4676.25,INV005300,4934.93,5575.89,1,overpayment
42,2025-11-04,1140.22,INV002906,1179.62,1191.83,0,normal
0,2025-11-04,2379.56,INV000992,2337.09,2329.41,0,normal
57,2025-11-04,4703.66,INV000029,4892.54,4890.37,0,normal
7,2025-11-05,1528.0,INV001098,1469.81,1473.28,0,normal
59,2025-11-05,3416.05,INV001462,3577.28,3564.95,0,normal
15,2025-11-05,1149.69,INV003057,1160.2,1165.07,0,normal
7,2025-11-05,1713.81,INV002265,1838.75,1857.78,0,normal
19,2025-11-05,1980.49,INV003527,2005.11,2025.02,0,normal
57,2025-11-05,7378.19,INV005961,7145.61,7210.28,0,normal
40,2025-11-05,3726.33,INV005399,3711.2,3764.13,0,normal
16,2025-11-06,2613.34,INV005458,2605.78,2605.1,0,normal
17,2025-11-06,970.01,INV004480,1002.98,1002.53,0,normal
39,2025-11-06,3989.38,INV000407,4005.98,4017.9,0,normal
38,2025-11-06,894.79,INV005861,909.21,901.8,0,normal
45,2025-11-06,2363.4,INV001750,2382.88,2408.62,0,normal
0,2025-11-06,1923.14,INV004444,1933.52,1957.96,0,normal
6,2025-11-06,2002.74,INV002905,1953.14,1937.64,0,normal
6,2025-11-06,2002.74,INV003608,2140.93,2140.85,0,normal
22,2025-11-06,4807.98,INV004904,5005.27,4971.15,0,normal
36,2025-11-06,1650.51,INV005543,1604.69,1597.18,0,normal
32,2025-11-06,1457.22,INV003054,1487.24,1497.11,0,normal
31,2025-11-06,1388.76,INV000411,1344.79,1335.91,0,normal
53,2025-11-06,1214.15,INV005538,1273.66,1265.82,0,normal
24,2025-11-06,1356.1,INV001831,1452.85,1452.26,0,normal
42,2025-11-06,1107.76,INV002554,1117.38,1134.13,0,normal
23,2025-11-06,1597.79,INV002160,1635.55,1635.96,0,normal
10,2025-11-06,4176.26,INV000166,4450.25,4508.65,0,normal
11,2025-11-06,4276.41,INV004756,4332.19,4345.53,0,normal
3,2025-11-06,4854.84,INV000790,5136.45,5084.14,0,normal
43,2025-11-07,2477.3,INV000548,2447.78,2453.45,0,normal
2,2025-11-07,3332.14,INV001201,3409.66,3405.37,0,normal
45,2025-11-07,2295.35,INV002803,2330.69,2321.14,0,normal
7,2025-11-07,1522.21,INV001761,1586.9,1574.58,0,normal
7,2025-11-07,1382.15,INV004913,1380.07,1386.16,0,normal
54,2025-11-07,1027.3,INV000595,981.02,982.69,0,normal
22,2025-11-07,4807.98,INV003009,4766.67,4742.55,0,normal
24,2025-11-07,1117.41,INV002921,1176.52,1186.2,0,normal
13,2025-11-07,5164.62,INV002936,4969.53,5015.34,0,normal
12,2025-11-07,1906.12,INV003188,1876.64,1877.53,0,normal
49,2025-11-07,2314.98,INV002739,2303.83,2294.27,0,normal
0,2025-11-07,1805.29,INV000556,1913.48,1890.32,0,normal
44,2025-11-07,1510.85,INV005932,1512.33,1874.43,1,overpayment
7,2025-11-07,1241.09,INV001531,1221.37,1237.35,0,normal
44,2025-11-07,1510.85,INV005932,1512.33,1530.43,0,normal
40,2025-11-07,3765.8,INV001867,4018.95,3963.58,0,normal
37,2025-11-07,1003.52,INV003818,961.55,970.65,0,normal
30,2025-11-07,10059.94,INV003819,9829.36,9894.9,0,normal
1,2025-11-07,894.38,INV004400,964.03,965.46,0,normal
26,2025-11-07,2295.32,INV000855,2342.78,2355.27,0,normal
47,2025-11-08,2271.71,INV001185,2438.16,2420.85,0,normal
36,2025-11-08,1650.51,INV002249,1773.14,1756.8,0,normal
30,2025-11-08,7968.93,INV000755,8284.72,8314.04,0,normal
14,2025-11-08,2955.52,INV000070,3053.52,3079.3,0,normal
39,2025-11-08,2758.26,INV005124,2637.2,2601.14,0,normal
54,2025-11-08,1422.67,INV005620,1411.6,1395.35,0,normal
5,2025-11-08,792.42,INV000186,815.2,804.65,0,normal
44,2025-11-08,1844.54,INV002393,1771.94,1772.48,0,normal
54,2025-11-08,1422.67,INV005620,1945.59,1945.59,1,price_variance
44,2025-11-08,1398.03,INV003143,1429.42,1408.72,0,normal
26,2025-11-08,3192.36,INV004806,3167.96,3145.17,0,normal
39,2025-11-08,3263.49,INV003028,3272.25,3276.5,0,normal
6,2025-11-08,2002.74,INV005771,1962.31,1977.3,0,normal
35,2025-11-08,4461.22,INV004302,4533.26,4482.86,0,normal
5,2025-11-08,792.42,INV000186,815.2,1064.7,1,overpayment
23,2025-11-08,1597.79,INV005153,1654.57,1668.27,0,normal
47,2025-11-09,2805.97,INV003078,2920.11,2920.11,1,duplicate
4,2025-11-09,370.43,INV004332,362.71,364.28,0,normal
59,2025-11-09,4178.38,INV005143,4125.95,4108.4,0,normal
36,2025-11-09,1650.51,INV003102,1757.63,1764.94,0,normal
21,2025-11-09,1009.7,INV000501,1015.39,1022.67,0,normal
51,2025-11-09,2602.63,INV001241,2664.16,2670.75,0,normal
40,2025-11-09,3231.59,INV003739,3347.6,3346.23,0,normal
6,2025-11-09,2002.74,INV002311,1965.36,1964.14,0,normal
45,2025-11-09,1861.63,INV005775,1900.03,1873.29,0,normal
49,2025-11-09,2128.09,INV002822,2232.03,2256.91,0,normal
20,2025-11-09,1554.12,INV002753,1564.4,1582.46,0,normal
34,2025-11-09,3328.58,INV003133,3255.23,3243.81,0,normal
44,2025-11-09,1871.36,INV001654,1930.59,1949.12,0,normal
57,2025-11-09,5648.6,INV002969,5847.16,5781.83,0,normal
25,2025-11-09,1019.29,INV002031,1047.63,1043.82,0,normal
4,2025-11-09,428.92,INV004032,443.66,441.88,0,normal
30,2025-11-09,11648.9,INV003924,11275.64,11125.41,0,normal
39,2025-11-09,3021.46,INV000741,3179.38,3221.6,0,normal
3,2025-11-09,3480.68,INV001208,3417.75,3397.29,0,normal
16,2025-11-09,2855.96,INV005915,2727.52,2700.84,0,normal
41,2025-11-09,2905.45,INV005024,2825.88,2798.25,0,normal
16,2025-11-09,2321.44,INV003788,2438.52,2470.17,0,normal
50,2025-11-10,1982.5,INV004303,2135.23,2142.61,0,normal
8,2025-11-10,1581.0,INV005676,1634.92,1625.5,0,normal
49,2025-11-10,2303.51,INV002081,2317.86,2344.98,0,normal
24,2025-11-10,872.9,INV003968,932.55,944.42,0,normal
1,2025-11-10,738.95,INV001055,732.94,733.06,0,normal
31,2025-11-10,1380.82,INV001256,1330.23,1316.46,0,normal
29,2025-11-10,2540.59,INV002770,2570.06,2594.03,0,normal
20,2025-11-10,1986.57,INV003525,2145.36,2126.85,0,normal
33,2025-11-10,1077.92,INV003669,1113.1,1109.51,0,normal
22,2025-11-10,4807.98,INV002780,5081.58,5068.34,0,normal
13,2025-11-10,5755.12,INV003637,5506.5,5578.42,0,normal
56,2025-11-10,1754.58,INV002468,1779.07,1777.87,0,normal
20,2025-11-10,1589.21,INV003484,1546.91,1566.57,0,normal
26,2025-11-10,3440.28,INV000053,3570.02,3521.03,0,normal
3,2025-11-11,3748.8,INV002868,3766.44,3714.08,0,normal
47,2025-11-11,2083.11,INV005318,2089.9,2090.02,0,normal
49,2025-11-11,2353.95,INV004903,2455.89,2441.18,0,normal
34,2025-11-11,3598.49,INV000352,3747.3,3790.97,0,normal
49,2025-11-11,1890.37,INV003278,2025.18,1997.22,0,normal
14,2025-11-11,2811.3,INV003955,2913.92,2938.33,0,normal
11,2025-11-11,3202.91,INV004246,3131.53,3160.63,0,normal
8,2025-11-11,1778.09,INV000476,1907.6,1918.54,0,normal
24,2025-11-11,1103.07,INV001250,1100.81,1095.46,0,normal
39,2025-11-11,3007.84,INV000597,3164.57,3139.89,0,normal
2,2025-11-11,3182.89,INV001438,3049.07,3060.44,0,normal
58,2025-11-11,872.24,INV005753,836.19,839.89,0,normal
35,2025-11-11,4461.22,INV002303,4661.13,4707.29,0,normal
45,2025-11-11,2201.17,INV000889,2302.14,2488.03,1,overpayment
45,2025-11-11,2201.17,INV000889,2302.14,2292.7,0,normal
36,2025-11-11,1650.51,INV004341,1595.48,1591.32,0,normal
53,2025-11-11,1197.34,INV004745,1261.62,1273.19,0,normal
43,2025-11-12,2597.94,INV000482,2664.25,2700.02,0,normal
38,2025-11-12,1103.49,INV002725,1171.87,1180.64,0,normal
47,2025-11-12,2678.59,INV001991,2791.32,2775.88,0,normal
54,2025-11-12,1313.88,INV001581,1371.2,1390.83,0,normal
48,2025-11-12,3064.61,INV001598,3254.75,3232.75,0,normal
5,2025-11-12,589.58,INV002790,624.98,619.82,0,normal
16,2025-11-12,3098.46,INV005120,3139.42,3170.49,0,normal
10,2025-11-12,3985.23,INV002686,4038.15,4069.32,0,normal
16,2025-11-12,2550.97,INV005993,2711.57,2713.94,0,normal
44,2025-11-12,2129.83,INV002831,2082.24,2084.48,0,normal
5,2025-11-12,658.01,INV000546,703.87,693.6,0,normal
24,2025-11-12,1022.1,INV004401,1003.5,1012.78,0,normal
24,2025-11-12,1022.1,INV004401,1460.16,1460.16,1,price_variance
49,2025-11-12,2019.37,INV003380,2026.18,2013.0,0,normal
29,2025-11-12,2114.62,INV003464,2073.1,2042.69,0,normal
25,2025-11-12,1338.07,INV005459,1393.28,1394.72,0,normal
5,2025-11-12,568.95,INV000131,596.99,591.89,0,normal
28,2025-11-12,2520.83,INV000857,2571.1,2584.17,0,normal
15,2025-11-12,681.28,INV002977,712.11,710.36,0,normal
14,2025-11-12,3256.67,INV003618,3425.02,3448.04,0,normal
32,2025-11-12,1033.71,INV005240,1111.42,1113.4,0,normal
50,2025-11-13,2292.91,INV003327,2219.15,2597.82,1,overpayment
22,2025-11-13,4807.98,INV000799,4757.91,4750.11,0,normal
47,2025-11-13,1985.65,INV000500,2032.09,2002.67,0,normal
50,2025-11-13,2292.91,INV003327,2219.15,2243.4,0,normal
48,2025-11-13,2839.13,INV002738,4064.4,4064.4,1,price_variance
21,2025-11-13,1261.38,INV005323,1226.02,1207.7,0,normal
34,2025-11-13,3415.91,INV001652,3290.6,3322.08,0,normal
50,2025-11-13,2270.89,INV001599,2290.93,2260.42,0,normal
25,2025-11-13,1623.82,INV002231,1729.17,1722.05,0,normal
51,2025-11-13,3150.41,INV004082,2996.68,3027.01,0,normal
48,2025-11-13,2839.13,INV002738,3013.49,2991.9,0,normal
10,2025-11-13,2609.55,INV004127,2700.01,2666.45,0,normal
56,2025-11-13,1639.72,INV000519,1579.1,1582.93,0,normal
10,2025-11-13,3137.44,INV000390,3290.87,3318.77,0,normal
26,2025-11-13,3063.3,INV000109,3268.31,3285.07,0,normal
59,2025-11-13,4423.52,INV001177,4390.16,4353.13,0,normal
56,2025-11-13,1411.12,INV001988,1423.04,1419.8,0,normal
48,2025-11-13,3219.89,INV005117,3367.27,3348.71,0,normal
40,2025-11-14,3276.06,INV002948,3431.71,3386.98,0,normal
28,2025-11-14,2560.94,INV003253,2487.14,2491.59,0,normal
19,2025-11-14,1673.62,INV000362,1717.0,1721.5,0,normal
59,2025-11-14,3050.93,INV004868,2932.12,2913.55,0,normal
2,2025-11-14,3518.12,INV005593,3684.82,3630.84,0,normal
43,2025-11-14,2395.4,INV004890,2300.89,2331.71,0,normal
44,2025-11-14,2342.99,INV002720,2445.94,2463.87,0,normal
30,2025-11-14,10981.92,INV004291,11517.68,11523.37,0,normal
26,2025-11-14,2843.91,INV005099,3051.46,3033.11,0,normal
24,2025-11-14,1247.61,INV003067,1278.87,1279.25,0,normal
26,2025-11-14,2684.06,INV005887,2846.17,2823.77,0,normal
42,2025-11-14,1025.04,INV000949,1070.63,1078.95,0,normal
43,2025-11-14,2763.26,INV004441,2661.32,2636.51,0,normal
14,2025-11-14,2235.14,INV003010,2341.56,2373.12,0,normal
45,2025-11-14,2564.55,INV004178,2562.64,2556.06,0,normal
8,2025-11-14,1871.59,INV005807,2003.36,1973.69,0,normal
22,2025-11-15,4807.98,INV003703,4785.29,4795.03,0,normal
53,2025-11-15,1145.23,INV002207,1132.78,1148.21,0,normal
17,2025-11-15,758.09,INV000610,731.81,720.95,0,normal
35,2025-11-15,4461.22,INV004629-1,4328.69,4328.69,1,duplicate
31,2025-11-15,1071.41,INV005314,1091.61,1102.61,0,normal
40,2025-11-15,3901.56,INV003584,3873.45,3903.05,0,normal
44,2025-11-15,2154.71,INV002938,2212.2,2221.04,0,normal
58,2025-11-15,861.45,INV001552,893.35,882.31,0,normal
8,2025-11-15,2208.32,INV004986,2138.01,2161.51,0,normal
31,2025-11-15,1222.86,INV001066,1202.25,1184.24,0,normal
44,2025-11-15,2109.64,INV004200,2250.05,2259.74,0,normal
3,2025-11-15,3642.54,INV004772,3716.97,3679.34,0,normal
36,2025-11-16,1650.51,INV004299,1729.94,1743.19,0,normal
25,2025-11-16,1552.05,INV001251,1625.89,1621.99,0,normal
31,2025-11-16,846.31,INV004267,812.24,801.53,0,normal
35,2025-11-16,4461.22,INV005450,4513.79,4493.53,0,normal
31,2025-11-16,956.13,INV003115,1026.82,1041.85,0,normal
34,2025-11-16,2360.4,INV002899,2278.65,2258.97,0,normal
19,2025-11-16,1702.77,INV004436,1660.88,1638.5,0,normal
49,2025-11-16,2345.9,INV002882,2365.74,2359.09,0,normal
42,2025-11-16,1063.15,INV005827,1068.02,1058.08,0,normal
14,2025-11-16,2439.51,INV002422,2546.06,2567.42,0,normal
3,2025-11-16,2311.02,INV003093,2224.37,2193.48,0,normal
52,2025-11-16,584.37,INV002573,623.11,615.26,0,normal
16,2025-11-16,2670.02,INV004765,2853.24,2827.93,0,normal
49,2025-11-16,2345.9,INV002882,2365.74,2482.14,1,overpayment
52,2025-11-16,407.64,INV001653,440.24,436.54,0,normal
38,2025-11-16,786.03,INV005429,747.31,745.39,0,normal
2,2025-11-16,3298.4,INV000572,3200.7,3203.2,0,normal
30,2025-11-16,9600.6,INV004025,9698.53,9771.49,0,normal
47,2025-11-16,2419.64,INV005299,2328.13,2313.66,0,normal
1,2025-11-16,621.58,INV004282,662.71,658.2,0,normal
41,2025-11-17,2319.37,INV004867,2318.5,2302.34,0,normal
26,2025-11-17,2084.14,INV003569,2196.58,2166.64,0,normal
50,2025-11-17,2291.45,INV000611,2184.13,2198.64,0,normal
9,2025-11-17,916.2,INV002641,881.19,870.51,0,normal
37,2025-11-17,827.66,INV002781,797.07,806.06,0,normal
30,2025-11-17,11438.18,INV001522,10881.97,10804.73,0,normal
33,2025-11-17,753.0,INV001380,787.7,786.43,0,normal
59,2025-11-17,4543.3,INV000565,4830.9,4843.65,0,normal
39,2025-11-17,3373.27,INV002306,3267.94,3275.87,0,normal
34,2025-11-17,2228.71,INV005803,2329.25,2343.49,0,normal
1,2025-11-17,668.61,INV003437,689.03,690.81,0,normal
42,2025-11-17,1063.48,INV003662,1095.75,1109.65,0,normal
21,2025-11-17,1130.56,INV003162,1076.22,1085.1,0,normal
0,2025-11-17,1673.87,INV003801,1719.74,1713.62,0,normal
6,2025-11-17,2002.74,INV001114,2138.87,2137.84,0,normal
25,2025-11-17,1019.29,INV002031-1,1047.63,1047.63,1,duplicate
22,2025-11-17,4807.98,INV002451,5140.73,5136.83,0,normal
8,2025-11-17,1515.85,INV005006,1495.69,1497.49,0,normal
34,2025-11-17,2228.71,INV005803,2329.25,3022.14,1,overpayment
9,2025-11-17,827.74,INV003563,825.91,817.19,0,normal
16,2025-11-17,2571.4,INV000645,2698.59,2662.21,0,normal
38,2025-11-17,808.17,INV005368,850.93,842.45,0,normal
41,2025-11-17,2557.98,INV005329,2668.11,2678.01,0,normal
54,2025-11-17,1346.95,INV003962,1423.82,1404.23,0,normal
52,2025-11-17,400.62,INV000536,383.14,381.46,0,normal
23,2025-11-17,1597.79,INV001107,1657.87,1676.68,0,normal
22,2025-11-17,4807.98,INV000253,4885.92,4870.96,0,normal
59,2025-11-17,4416.64,INV004895,4510.9,4445.53,0,normal
37,2025-11-17,1140.64,INV003630,1177.07,1188.04,0,normal
21,2025-11-17,1211.76,INV005613,1167.16,1164.65,0,normal
21,2025-11-18,878.63,INV003603,909.35,914.57,0,normal
14,2025-11-18,2629.85,INV001647,2654.27,2690.91,0,normal
30,2025-11-18,10335.53,INV002498,10386.84,10258.57,0,normal
55,2025-11-18,1088.41,INV000246,1105.68,1099.59,0,normal
1,2025-11-18,699.15,INV001926,703.92,703.46,0,normal
51,2025-11-18,3539.41,INV001174,3591.83,3620.08,0,normal
45,2025-11-18,2148.52,INV002120,2346.7,2346.7,1,price_variance
6,2025-11-18,2002.74,INV002378,2131.96,2133.84,0,normal
45,2025-11-18,2148.52,INV002120,2159.28,2174.29,0,normal
35,2025-11-18,4461.22,INV001073,5392.66,5392.66,1,price_variance
39,2025-11-18,2712.64,INV001736,2737.34,2765.85,0,normal
35,2025-11-18,4461.22,INV001073,4520.21,4558.75,0,normal
44,2025-11-18,2091.79,INV004094,2097.15,2085.45,0,normal
48,2025-11-18,3572.65,INV005878,3541.9,3582.07,0,normal
35,2025-11-18,4461.22,INV004145,4414.51,4450.46,0,normal
44,2025-11-18,1956.99,INV005207,2057.91,2073.59,0,normal
3,2025-11-18,3756.28,INV000642,4034.46,4076.91,0,normal
13,2025-11-18,6751.13,INV003069,7153.3,7205.35,0,normal
6,2025-11-18,2002.74,INV001571,2013.85,2021.81,0,normal
46,2025-11-18,3630.56,INV004729,3644.52,3647.32,0,normal
38,2025-11-18,981.02,INV005567,995.79,991.99,0,normal
39,2025-11-19,3255.15,INV004485,3135.91,3130.89,0,normal
32,2025-11-19,1195.8,INV001894,1257.31,1269.73,0,normal
48,2025-11-19,3576.59,INV004725,3448.57,3402.86,0,normal
39,2025-11-19,2728.71,INV002151,2625.6,2622.36,0,normal
36,2025-11-19,1650.51,INV003833,1771.69,1786.9,0,normal
25,2025-11-19,1801.99,INV002096,1937.73,1965.08,0,normal
43,2025-11-19,1881.7,INV000452,1913.16,1915.28,0,normal
43,2025-11-19,1965.33,INV000431,2105.64,2116.24,0,normal
15,2025-11-19,919.03,INV004814,938.52,952.16,0,normal
51,2025-11-19,3203.91,INV005418,3255.63,3227.13,0,normal
3,2025-11-19,3873.33,INV005966,3861.23,3852.5,0,normal
31,2025-11-19,1245.58,INV003224,1317.04,1322.2,0,normal
58,2025-11-19,1062.72,INV002718,1093.17,1102.79,0,normal
32,2025-11-19,1412.8,INV001096,1357.69,1339.04,0,normal
6,2025-11-19,2002.74,INV003562,2060.49,2054.8,0,normal
31,2025-11-19,976.72,INV005432,1495.66,1495.66,1,price_variance
31,2025-11-19,976.72,INV005432,998.97,988.14,0,normal
25,2025-11-19,1801.99,INV002096,2252.62,2252.62,1,price_variance
14,2025-11-19,3616.65,INV001157,3550.43,3533.05,0,normal
15,2025-11-19,938.07,INV005590,969.03,968.82,0,normal
38,2025-11-19,963.66,INV000951,977.31,991.35,0,normal
59,2025-11-19,4766.03,INV005057,4766.12,4712.78,0,normal
10,2025-11-19,3935.5,INV002935,4218.5,4186.34,0,normal
50,2025-11-20,2067.89,INV000841,2075.14,2082.69,0,normal
32,2025-11-20,1084.31,INV001480,1114.43,1124.49,0,normal
5,2025-11-20,692.19,INV004283,741.03,736.46,0,normal
35,2025-11-20,4461.22,INV003428,4802.67,4798.39,0,normal
47,2025-11-20,2402.28,INV001009,2376.17,2343.89,0,normal
59,2025-11-20,4274.82,INV003479,4369.28,4359.65,0,normal
17,2025-11-20,764.59,INV005219,766.31,757.0,0,normal
16,2025-11-20,2513.53,INV005875,2486.96,2455.42,0,normal
11,2025-11-20,2899.6,INV004740,2802.11,2762.96,0,normal
29,2025-11-20,2956.96,INV005430,2816.59,2836.35,0,normal
49,2025-11-20,2048.5,INV002001,2000.0,1986.14,0,normal
45,2025-11-20,2131.01,INV000412,2192.61,2201.93,0,normal
59,2025-11-21,4937.01,INV000983,4881.76,4896.27,0,normal
33,2025-11-21,599.04,INV004856,572.43,565.98,0,normal
51,2025-11-21,2991.11,INV000882,3133.25,3160.17,0,normal
46,2025-11-21,3630.56,INV001446,3668.33,3703.12,0,normal
24,2025-11-21,1115.49,INV005203,1150.4,1146.14,0,normal
24,2025-11-21,1140.87,INV002279,1201.24,1185.18,0,normal
31,2025-11-21,1372.93,INV000456,1435.13,1420.38,0,normal
59,2025-11-21,3949.04,INV000837,4152.93,4094.5,0,normal
16,2025-11-21,2276.87,INV001184,2250.27,2254.16,0,normal
31,2025-11-21,971.92,INV000902,942.68,931.55,0,normal
49,2025-11-21,2097.64,INV002210,1998.18,2026.26,0,normal
5,2025-11-21,604.27,INV005912,645.86,638.27,0,normal
31,2025-11-21,1372.93,INV000456,2062.87,2062.87,1,price_variance
11,2025-11-21,3382.07,INV001081,3240.11,3229.93,0,normal
4,2025-11-21,311.11,INV005178,330.98,331.73,0,normal
0,2025-11-21,2148.65,INV003154,2080.51,2085.58,0,normal
3,2025-11-21,2949.41,INV003553,2837.64,2838.25,0,normal
4,2025-11-21,275.53,INV003514,292.08,288.24,0,normal
19,2025-11-21,1778.93,INV005884,1754.53,1754.53,1,duplicate
35,2025-11-21,4461.22,INV005447,4726.36,4775.85,0,normal
54,2025-11-21,1292.02,INV001070,1303.18,1308.83,0,normal
24,2025-11-22,1413.68,INV001980,1355.3,1341.66,0,normal
29,2025-11-22,2416.61,INV000786,2487.68,2471.52,0,normal
11,2025-11-22,3039.04,INV003858,3204.01,3209.58,0,normal
20,2025-11-22,1509.26,INV005356,1481.78,1498.58,0,normal
30,2025-11-22,8739.63,INV005135,8307.57,8292.06,0,normal
45,2025-11-22,1871.83,INV000497,1871.08,1857.6,0,normal
8,2025-11-22,1641.18,INV002482,1675.36,2282.76,1,overpayment
1,2025-11-22,715.04,INV004290,737.12,739.4,0,normal
4,2025-11-22,440.37,INV005091,448.95,444.71,0,normal
36,2025-11-22,1650.51,INV004106,1675.4,1653.74,0,normal
39,2025-11-22,2440.59,INV005644,2320.36,2301.6,0,normal
52,2025-11-22,585.86,INV002465,597.09,595.59,0,normal
52,2025-11-22,545.57,INV002406,576.93,584.97,0,normal
8,2025-11-22,1641.18,INV002482,1675.36,1657.66,0,normal
1,2025-11-22,1064.46,INV003560,1055.37,1057.05,0,normal
7,2025-11-23,1568.91,INV000460,1509.86,1523.15,0,normal
17,2025-11-23,870.83,INV004662,910.72,914.63,0,normal
54,2025-11-23,1521.74,INV002694,1518.63,1536.92,0,normal
46,2025-11-23,3630.56,INV004053,3487.86,3484.04,0,normal
33,2025-11-23,883.91,INV002970,941.35,933.52,0,normal
7,2025-11-23,1541.9,INV002436,1631.74,1846.49,1,overpayment
15,2025-11-23,732.58,INV002154,753.04,757.52,0,normal
17,2025-11-23,827.98,INV001796,827.09,838.89,0,normal
15,2025-11-23,762.18,INV004133,731.21,736.46,0,normal
20,2025-11-23,1459.08,INV005223,1561.99,1559.94,0,normal
49,2025-11-23,1728.32,INV001836,1700.45,1689.73,0,normal
56,2025-11-23,1645.58,INV003829,1616.8,1624.19,0,normal
44,2025-11-23,1944.72,INV005799,2035.77,2006.27,0,normal
7,2025-11-23,1541.9,INV002436,1631.74,1627.4,0,normal
27,2025-11-24,3142.3,INV004961,3083.42,3052.99,0,normal
45,2025-11-24,2549.22,INV005243,2534.86,2568.7,0,normal
32,2025-11-24,1141.44,INV004576,1144.03,1132.06,0,normal
5,2025-11-24,485.65,INV004049,505.86,508.62,0,normal
48,2025-11-24,3213.54,INV005344,3265.14,3229.02,0,normal
55,2025-11-24,1135.7,INV002325,1186.84,1174.55,0,normal
47,2025-11-24,2099.93,INV002312,2057.59,2075.35,0,normal
49,2025-11-24,1825.88,INV000237,1789.52,1811.5,0,normal
28,2025-11-24,2523.44,INV001186,2438.78,2420.78,0,normal
38,2025-11-24,1222.91,INV002513,1293.93,1304.32,0,normal
37,2025-11-25,807.41,INV000926,776.98,783.61,0,normal
33,2025-11-25,942.99,INV003950,957.45,967.3,0,normal
16,2025-11-25,2292.65,INV002710,2390.15,2384.17,0,normal
12,2025-11-25,1906.12,INV002115,1881.1,1902.81,0,normal
53,2025-11-25,1293.69,INV004483,1241.67,1257.49,0,normal
43,2025-11-25,2247.23,INV004176,2403.33,2376.82,0,normal
1,2025-11-25,696.89,INV005151,662.57,666.88,0,normal
48,2025-11-25,3390.47,INV000756,3418.89,3398.41,0,normal
50,2025-11-25,1934.03,INV000620,2010.18,2017.52,0,normal
55,2025-11-25,1347.0,INV000019,1286.73,1271.34,0,normal
37,2025-11-25,1045.14,INV002662,1025.28,1021.54,0,normal
5,2025-11-25,656.53,INV003003,638.25,638.12,0,normal
53,2025-11-25,1632.94,INV003183,1743.73,1755.96,0,normal
53,2025-11-26,1421.7,INV005169,1384.34,1395.79,0,normal
30,2025-11-26,11648.9,INV003924-1,11364.02,11364.02,1,duplicate
27,2025-11-26,1818.57,INV000671,1839.62,1845.13,0,normal
31,2025-11-26,1109.81,INV000434,1170.72,1181.49,0,normal
57,2025-11-26,5501.04,INV002144,5856.62,5929.64,0,normal
30,2025-11-26,12183.65,INV005107,12528.83,12681.77,0,normal
32,2025-11-26,1555.46,INV004242,1625.14,1636.5,0,normal
36,2025-11-26,1650.51,INV000722,1698.47,1672.99,0,normal
31,2025-11-26,1269.01,INV001803,1277.64,1275.8,0,normal
36,2025-11-26,1650.51,INV002619,1570.23,1569.0,0,normal
58,2025-11-26,1030.22,INV002334,1066.36,1068.79,0,normal
46,2025-11-26,3630.56,INV001224,3860.86,3903.78,0,normal
26,2025-11-26,3644.59,INV004520,3869.69,3812.34,0,normal
43,2025-11-26,1715.46,INV002328,1730.24,1706.0,0,normal
4,2025-11-26,364.79,INV003394,375.38,372.87,0,normal
24,2025-11-27,1205.13,INV001815,1187.29,1177.69,0,normal
12,2025-11-27,1906.12,INV002398,1873.14,1883.09,0,normal
25,2025-11-27,1100.66,INV004465,1176.56,1167.28,0,normal
47,2025-11-27,1913.32,INV003880,1908.63,1929.97,0,normal
8,2025-11-27,1489.14,INV002646,1434.63,1450.34,0,normal
17,2025-11-27,827.98,INV001796,827.09,827.09,1,duplicate
50,2025-11-27,2442.02,INV000881,2378.19,2361.32,0,normal
10,2025-11-27,3254.45,INV001955,3463.05,3513.7,0,normal
47,2025-11-27,1913.32,INV003880,1908.63,2564.66,1,overpayment
10,2025-11-27,3252.69,INV005716,3503.0,3464.85,0,normal
1,2025-11-27,894.38,INV004400 ,964.03,964.03,1,duplicate
23,2025-11-27,1597.79,INV005213,1615.69,1598.16,0,normal
30,2025-11-27,12267.22,INV002566,11810.59,11924.12,0,normal
56,2025-11-27,1407.72,INV002697,1497.8,1490.67,0,normal
24,2025-11-27,1205.13,INV001815,1187.29,1475.28,1,overpayment
53,2025-11-28,1279.43,INV001079,1234.72,1240.33,0,normal
3,2025-11-28,3728.74,INV001219,3711.9,3744.07,0,normal
59,2025-11-28,3093.71,INV002015,3215.75,3199.0,0,normal
7,2025-11-28,1539.67,INV003953 ,1604.19,1604.19,1,duplicate
36,2025-11-28,1650.51,INV000711,1745.83,1724.02,0,normal
57,2025-11-28,4491.73,INV005428,4430.33,4442.19,0,normal
4,2025-11-28,393.52,INV001708,414.81,411.34,0,normal
21,2025-11-28,945.1,INV005351,928.81,939.53,0,normal
51,2025-11-28,3806.47,INV003225,3674.69,3699.0,0,normal
29,2025-11-28,2918.99,INV003415,3080.49,3108.7,0,normal
32,2025-11-28,1127.25,INV005743,1197.7,1190.56,0,normal
3,2025-11-28,3274.82,INV002069,3210.16,3170.8,0,normal
55,2025-11-28,1273.7,INV005656,1275.26,1272.9,0,normal
8,2025-11-28,1837.57,INV001965,1749.12,1763.77,0,normal
6,2025-11-28,2002.74,INV000563,2073.64,2054.62,0,normal
47,2025-11-28,1699.0,INV005228,1779.63,1758.92,0,normal
3,2025-11-29,4590.46,INV002643,4568.64,4532.44,0,normal
28,2025-11-29,2244.5,INV004183,2188.94,2185.29,0,normal
43,2025-11-29,1708.85,INV003486,1777.7,1793.1,0,normal
20,2025-11-29,1588.31,INV003582,1526.15,1534.32,0,normal
1,2025-11-29,763.81,INV001893,765.73,770.95,0,normal
23,2025-11-29,1597.79,INV005069,1595.99,1578.29,0,normal
44,2025-11-29,1859.86,INV001615,1808.44,1832.99,0,normal
23,2025-11-29,1597.79,INV002329,1710.37,1706.85,0,normal
36,2025-11-29,1650.51,INV001060,1572.77,1569.99,0,normal
43,2025-11-29,1708.85,INV003486,1777.7,1884.16,1,overpayment
51,2025-11-29,3174.91,INV003717,3047.51,3004.15,0,normal
45,2025-11-29,2888.41,INV004963,3011.94,2970.3,0,normal
55,2025-11-29,1032.87,INV005279,1108.39,1123.62,0,normal
32,2025-11-30,1670.21,INV001078,1595.67,1607.14,0,normal
37,2025-11-30,712.06,INV005829,746.28,740.26,0,normal
11,2025-11-30,3052.73,INV003914,3194.88,3154.1,0,normal
36,2025-11-30,1650.51,INV001519,1653.79,1671.01,0,normal
33,2025-11-30,677.87,INV002931,672.72,669.13,0,normal
3,2025-11-30,3450.75,INV004457,3560.39,3535.51,0,normal
23,2025-11-30,1597.79,INV004727,1635.74,1630.63,0,normal
13,2025-11-30,4102.34,INV001012,4015.36,3982.5,0,normal
12,2025-11-30,1906.12,INV003715,1926.93,1907.67,0,normal
42,2025-11-30,1163.12,INV005233,1182.02,1167.94,0,normal
8,2025-11-30,1609.26,INV005824,1562.59,1568.61,0,normal
49,2025-11-30,1814.38,INV004944,1927.5,1932.36,0,normal
41,2025-11-30,1776.05,INV002130,1784.56,1801.82,0,normal
15,2025-11-30,910.1,INV004704,951.34,952.62,0,normal
43,2025-12-01,2035.7,INV004293,2156.89,2126.62,0,normal
5,2025-12-01,760.78,INV004308,728.11,725.12,0,normal
13,2025-12-01,5049.02,INV002952,5239.73,5166.07,0,normal
59,2025-12-01,4034.53,INV004748,5845.08,5845.08,1,price_variance
9,2025-12-01,883.54,INV000984,945.12,934.26,0,normal
15,2025-12-01,987.57,INV003321,1027.32,1042.63,0,normal
40,2025-12-01,3586.28,INV003274,3456.69,3439.99,0,normal
8,2025-12-01,1741.49,INV003748,1816.11,1836.91,0,normal
5,2025-12-01,598.44,INV004949,628.87,627.14,0,normal
43,2025-12-01,2046.11,INV000073,1967.05,1952.87,0,normal
11,2025-12-01,3633.49,INV004738,3719.01,3744.08,0,normal
59,2025-12-01,4034.53,INV004748,3988.84,4039.03,0,normal
2,2025-12-01,3320.28,INV002527,3369.37,3417.77,0,normal
31,2025-12-01,1054.01,INV002166,1018.42,1029.29,0,normal
5,2025-12-01,462.14,INV004013,455.44,451.58,0,normal
55,2025-12-01,1160.37,INV000925,1130.25,1146.95,0,normal
3,2025-12-01,4780.89,INV003219,4602.12,4627.71,0,normal
30,2025-12-01,12207.87,INV000161,12364.21,12434.09,0,normal
26,2025-12-01,2448.58,INV000511,2547.51,2527.42,0,normal
43,2025-12-01,2788.45,INV000788,2675.53,2681.28,0,normal
38,2025-12-01,831.74,INV003079,812.77,821.3,0,normal
9,2025-12-01,566.02,INV004807,538.94,531.52,0,normal
4,2025-12-01,479.75,INV002910,497.63,502.57,0,normal
59,2025-12-01,4890.49,INV001973,4771.28,4734.93,0,normal
39,2025-12-01,2774.28,INV004219,2928.03,2963.12,0,normal
3,2025-12-02,4107.15,INV003256,4205.58,4240.04,0,normal
17,2025-12-02,748.52,INV003049,769.28,778.73,0,normal
57,2025-12-02,7934.93,INV002569,7976.03,8582.71,1,overpayment
40,2025-12-02,3359.64,INV003494,3307.55,3348.4,0,normal
57,2025-12-02,7934.93,INV002569,7976.03,7944.86,0,normal
7,2025-12-02,1819.66,INV003254,1792.23,1794.35,0,normal
59,2025-12-02,4418.49,INV003733,4474.34,4537.38,0,normal
29,2025-12-02,2483.8,INV005780,2658.87,2647.54,0,normal
9,2025-12-02,754.89,INV002415,773.74,783.35,0,normal
13,2025-12-02,3991.67,INV000241,3918.03,3943.03,0,normal
58,2025-12-02,907.68,INV003704,956.78,948.25,0,normal
39,2025-12-02,3153.03,INV003797,3309.77,3330.78,0,normal
10,2025-12-02,4386.75,INV002125,4472.44,4533.56,0,normal
45,2025-12-02,2148.53,INV004391,2268.3,2280.26,0,normal
20,2025-12-02,1882.84,INV000785,1941.48,1945.94,0,normal
0,2025-12-02,2840.57,INV005897,3057.45,3067.12,0,normal
35,2025-12-02,4461.22,INV003593,4799.44,4762.45,0,normal
56,2025-12-03,1411.12,INV001988-1,1423.04,1423.04,1,duplicate
24,2025-12-03,1527.21,INV001590,1547.59,1563.95,0,normal
32,2025-12-03,1369.36,INV001603,1328.88,1343.15,0,normal
13,2025-12-03,4676.25,INV005300-1,4927.49,4927.49,1,duplicate
24,2025-12-03,1527.21,INV001590,1547.59,2095.99,1,overpayment
26,2025-12-03,3498.17,INV002836,3599.48,3594.8,0,normal
25,2025-12-03,1469.44,INV003885,1413.4,1426.32,0,normal
44,2025-12-03,2205.69,INV001927,2307.01,2319.64,0,normal
46,2025-12-03,3630.56,INV003320,3550.08,3583.29,0,normal
46,2025-12-03,3630.56,INV000521,3724.76,3688.77,0,normal
19,2025-12-03,1309.79,INV004408,1334.26,1337.8,0,normal
9,2025-12-03,837.49,INV004604,847.36,846.28,0,normal
58,2025-12-03,621.64,INV000159,614.41,622.1,0,normal
46,2025-12-03,3630.56,INV004708,3702.91,3696.81,0,normal
46,2025-12-03,3630.56,INV003002,3572.16,3539.68,0,normal
11,2025-12-03,3767.48,INV004411,3633.95,3595.51,0,normal
12,2025-12-03,1906.12,INV003281,1867.2,1840.38,0,normal
47,2025-12-03,2277.2,INV000368,2938.73,2938.73,1,price_variance
45,2025-12-03,1232.9,INV002698,1216.68,1230.54,0,normal
8,2025-12-03,2145.5,INV002959,2089.64,2062.57,0,normal
47,2025-12-03,2277.2,INV000368,2381.48,2403.28,0,normal
28,2025-12-03,1807.22,INV002894,1904.41,1885.64,0,normal
18,2025-12-04,2210.62,INV004982,2288.44,2303.93,0,normal
9,2025-12-04,681.69,INV005882,654.98,649.89,0,normal
45,2025-12-04,2307.33,INV001545,2202.76,2179.93,0,normal
29,2025-12-04,3039.16,INV000871,3023.6,3046.04,0,normal
18,2025-12-04,2210.62,INV004982,2282.06,2282.06,1,price_variance
44,2025-12-04,1944.72,INV001104,1908.38,1929.35,0,normal
3,2025-12-04,4825.96,INV000613,4812.09,4751.19,0,normal
20,2025-12-04,1741.2,INV003265,1753.74,1750.18,0,normal
40,2025-12-04,2940.9,INV004884,3151.63,3115.86,0,normal
13,2025-12-04,5014.95,INV001110,5097.56,5166.5,0,normal
6,2025-12-04,2002.74,INV004608,2070.2,2086.8,0,normal
34,2025-12-04,2849.11,INV003518,2852.95,2847.56,0,normal
36,2025-12-04,1650.51,INV005813,1665.09,1643.66,0,normal
39,2025-12-04,3497.08,INV001843,3714.57,3734.93,0,normal
8,2025-12-05,1642.88,INV002274,1691.74,1688.92,0,normal
47,2025-12-05,2410.54,INV004467,2564.64,2544.96,0,normal
43,2025-12-05,2155.93,INV002802,2097.59,2101.98,0,normal
37,2025-12-05,991.73,INV004613,1030.91,1025.9,0,normal
32,2025-12-05,1046.03,INV001332,1010.71,1004.26,0,normal
21,2025-12-05,979.62,INV001327,1014.45,1008.89,0,normal
43,2025-12-05,2155.93,INV002802,2097.59,2986.26,1,overpayment
10,2025-12-05,4380.95,INV001638,4480.31,4452.09,0,normal
2,2025-12-05,3061.24,INV001273,3135.91,3177.26,0,normal
35,2025-12-05,4461.22,INV001073-1,4520.21,4520.21,1,duplicate
54,2025-12-05,1207.37,INV005004,1234.68,1218.5,0,normal
27,2025-12-05,2821.41,INV000547,3028.29,3059.28,0,normal
55,2025-12-05,1045.37,INV003987,1045.96,1059.61,0,normal
0,2025-12-05,2292.3,INV000165,2371.55,2402.65,0,normal
4,2025-12-06,333.18,INV004535,340.67,345.57,0,normal
27,2025-12-06,2711.7,INV003342,2585.67,2574.66,0,normal
47,2025-12-06,1800.2,INV002480,1828.9,1855.79,0,normal
37,2025-12-06,1019.69,INV004877,1047.19,1035.91,0,normal
5,2025-12-06,633.57,INV002284,647.53,647.43,0,normal
9,2025-12-06,747.42,INV001533,734.23,741.91,0,normal
57,2025-12-06,5619.69,INV004808,5462.82,5484.09,0,normal
37,2025-12-06,1096.53,INV002148,1141.07,1137.38,0,normal
48,2025-12-06,3307.47,INV004043,3518.36,3548.98,0,normal
26,2025-12-06,2954.84,INV004171,3126.7,3163.83,0,normal
42,2025-12-06,1012.42,INV004310,1056.73,1052.78,0,normal
28,2025-12-06,1784.85,INV001781,1863.4,1889.02,0,normal
17,2025-12-06,831.62,INV004018,795.49,806.99,0,normal
4,2025-12-07,296.79,INV000810,287.57,291.39,0,normal
27,2025-12-07,2447.91,INV001321,2535.34,2512.4,0,normal
18,2025-12-07,3796.06,INV005283,3914.68,3956.64,0,normal
13,2025-12-07,4029.19,INV004722,3858.62,3872.76,0,normal
54,2025-12-07,1526.73,INV004605,1528.26,1538.29,0,normal
48,2025-12-07,2460.16,INV002326,2428.64,2435.38,0,normal
18,2025-12-07,2845.85,INV000155,3040.75,3019.44,0,normal
48,2025-12-07,2931.69,INV001914,2971.81,3008.62,0,normal
40,2025-12-07,3454.2,INV003925,3549.02,3525.9,0,normal
37,2025-12-07,945.74,INV004665,1016.8,1004.38,0,normal
8,2025-12-07,1798.49,INV003644,1708.72,1706.71,0,normal
28,2025-12-07,2444.14,INV000377,2488.95,2495.11,0,normal
57,2025-12-07,5363.62,INV004692,5686.9,5751.7,0,normal
36,2025-12-07,1650.51,INV004885,1746.3,1740.18,0,normal
55,2025-12-07,1194.06,INV003275,1214.97,1208.94,0,normal
38,2025-12-07,996.43,INV000713,951.02,954.06,0,normal
12,2025-12-07,1906.12,INV000408,2031.76,2034.89,0,normal
24,2025-12-07,1517.41,INV002112,1465.7,1463.94,0,normal
10,2025-12-07,3313.22,INV001684,3488.42,3504.44,0,normal
28,2025-12-08,2849.71,INV004208,2809.42,2813.39,0,normal
55,2025-12-08,1010.74,INV000470,973.26,961.89,0,normal
18,2025-12-08,4338.54,INV001217,4548.0,4513.28,0,normal
25,2025-12-08,1514.4,INV000379,1550.79,1535.86,0,normal
1,2025-12-08,835.67,INV005974,869.28,867.79,0,normal
46,2025-12-08,3630.56,INV005250,3549.07,3571.49,0,normal
39,2025-12-08,3005.7,INV001193,2935.13,2941.23,0,normal
57,2025-12-08,6301.36,INV000965,6508.13,6419.96,0,normal
52,2025-12-08,554.42,INV001413,566.37,570.22,0,normal
6,2025-12-08,2002.74,INV003482,2061.32,2079.45,0,normal
0,2025-12-08,2032.29,INV005474,2192.39,2205.04,0,normal
33,2025-12-08,868.5,INV002389,892.63,884.66,0,normal
27,2025-12-08,2019.2,INV005868,2059.23,2041.01,0,normal
36,2025-12-08,1650.51,INV003983,1624.81,1640.08,0,normal
15,2025-12-08,936.57,INV001376,921.47,931.51,0,normal
30,2025-12-08,9872.07,INV001373,10343.15,10425.45,0,normal
7,2025-12-08,1117.65,INV005750,1187.2,1181.22,0,normal
31,2025-12-09,1579.83,INV002704,1650.69,1656.55,0,normal
11,2025-12-09,2761.6,INV003764,2980.53,2952.36,0,normal
13,2025-12-09,4976.59,INV003666,5171.03,5128.2,0,normal
53,2025-12-09,1613.63,INV000117,1696.57,1718.36,0,normal
23,2025-12-09,1597.79,INV002590,1672.41,1688.69,0,normal
22,2025-12-09,4807.98,INV005438,4865.78,4846.25,0,normal
3,2025-12-09,3450.75,INV004457A,3560.39,3560.39,1,duplicate
55,2025-12-09,963.3,INV001460,944.86,953.44,0,normal
43,2025-12-09,1949.22,INV003933,1973.57,1943.99,0,normal
24,2025-12-09,1233.0,INV000128,1292.07,1304.94,0,normal
50,2025-12-09,2057.17,INV000530,1993.92,2019.1,0,normal
4,2025-12-09,353.78,INV000654,379.06,374.91,0,normal
31,2025-12-09,1346.82,INV002999,1333.02,1333.21,0,normal
58,2025-12-09,816.17,INV002310,809.63,799.37,0,normal
15,2025-12-09,739.06,INV004079,753.51,744.87,0,normal
2,2025-12-09,3165.01,INV003118,3363.68,3404.61,0,normal
47,2025-12-09,1913.32,INV003880,1908.63,1908.63,1,duplicate
29,2025-12-09,2742.95,INV002419,2913.98,2921.93,0,normal
20,2025-12-09,1038.32,INV002968,1090.54,1084.73,0,normal
11,2025-12-09,3217.37,INV000868,3108.5,3126.87,0,normal
58,2025-12-09,917.49,INV000669,937.38,947.88,0,normal
42,2025-12-09,1042.13,INV000296,1030.93,1022.5,0,normal
4,2025-12-09,284.61,INV003090,291.8,292.59,0,normal
32,2025-12-10,1167.33,INV003583,1249.92,1258.84,0,normal
14,2025-12-10,2403.88,INV003383,2548.42,2516.9,0,normal
36,2025-12-10,1650.51,INV004344,1591.33,1594.26,0,normal
13,2025-12-10,4921.22,INV005449,5285.08,5327.28,0,normal
5,2025-12-10,804.96,INV004934,855.52,844.57,0,normal
24,2025-12-10,1679.66,INV003902,1626.44,1636.41,0,normal
49,2025-12-10,2574.41,INV005924,2492.48,3138.57,1,overpayment
24,2025-12-10,1320.89,INV002504,1392.83,1413.05,0,normal
14,2025-12-10,2395.54,INV001297,2541.29,2564.48,0,normal
26,2025-12-10,2968.66,INV002416,3098.25,3111.65,0,normal
55,2025-12-10,887.93,INV002586,894.38,897.21,0,normal
49,2025-12-10,2574.41,INV005924,2492.48,2462.75,0,normal
3,2025-12-10,3644.9,INV002373,3539.67,3517.13,0,normal
35,2025-12-11,4461.22,INV000015,4785.43,4759.94,0,normal
14,2025-12-11,2722.55,INV001661,2738.53,2765.75,0,normal
30,2025-12-11,7464.9,INV005288,7247.3,7211.14,0,normal
2,2025-12-11,2528.63,INV004102,2554.03,2576.82,0,normal
44,2025-12-11,1577.97,INV003117,1571.55,1569.29,0,normal
26,2025-12-11,2047.66,INV004633,1965.3,1962.34,0,normal
57,2025-12-11,6335.58,INV000531,6426.84,6451.53,0,normal
43,2025-12-11,2153.1,INV004701,2132.86,2126.82,0,normal
44,2025-12-11,1909.55,INV000417,1871.95,1889.72,0,normal
47,2025-12-11,2153.87,INV001760,2116.14,2138.66,0,normal
58,2025-12-11,872.73,INV000080,936.41,943.29,0,normal
46,2025-12-11,3630.56,INV000357,3579.07,3581.8,0,normal
41,2025-12-11,3025.12,INV001058,2889.97,2873.49,0,normal
59,2025-12-12,3619.55,INV002134,3541.83,3594.61,0,normal
18,2025-12-12,4828.59,INV001807,4992.49,4984.94,0,normal
31,2025-12-12,937.08,INV001671,961.17,949.4,0,normal
7,2025-12-12,1380.64,INV002920,1455.61,1434.61,0,normal
15,2025-12-12,908.06,INV000238,888.4,889.87,0,normal
9,2025-12-13,713.97,INV005733,691.42,700.31,0,normal
36,2025-12-13,1650.51,INV002447,1681.78,1704.1,0,normal
14,2025-12-13,2401.32,INV005795,2306.1,2276.53,0,normal
35,2025-12-13,4461.22,INV001546,4416.93,4440.39,0,normal
4,2025-12-13,321.53,INV004609,344.96,349.6,0,normal
47,2025-12-13,1958.15,INV003326,1933.25,1908.51,0,normal
18,2025-12-13,2908.37,INV004324,2774.43,2776.61,0,normal
40,2025-12-13,2693.22,INV001857,2797.87,2790.87,0,normal
6,2025-12-13,2002.74,INV001485,2126.43,2135.46,0,normal
56,2025-12-13,1724.98,INV003992,1654.59,1670.03,0,normal
40,2025-12-13,2693.22,INV001857,2797.87,2942.25,1,overpayment
23,2025-12-13,1597.79,INV005088,1518.17,1506.24,0,normal
59,2025-12-13,4235.26,INV003467,4533.22,4557.99,0,normal
18,2025-12-13,3939.88,INV003304,4163.39,4177.62,0,normal
26,2025-12-13,2425.6,INV004927,2338.04,2343.39,0,normal
31,2025-12-13,1528.73,INV000262,1499.93,1483.22,0,normal
34,2025-12-14,3182.22,INV004522,3089.28,3045.44,0,normal
43,2025-12-14,2110.53,INV004922,2025.78,2047.53,0,normal
6,2025-12-14,2002.74,INV000293,2146.46,2168.93,0,normal
41,2025-12-14,2921.9,INV004487,3021.44,3009.85,0,normal
58,2025-12-14,1014.76,INV000953,1073.33,1074.07,0,normal
12,2025-12-14,1906.12,INV001871,2020.82,2040.93,0,normal
39,2025-12-14,2413.57,INV005983,2348.97,2345.24,0,normal
31,2025-12-14,1448.84,INV002469,1516.73,1530.29,0,normal
58,2025-12-14,1014.76,INV000953,1362.4,1362.4,1,price_variance
14,2025-12-14,1959.98,INV003834,1939.95,1944.4,0,normal
27,2025-12-14,2533.4,INV005227,2591.73,2597.95,0,normal
57,2025-12-14,6482.02,INV001131,6809.58,6802.19,0,normal
58,2025-12-14,1014.76,INV000953,1073.33,1201.01,1,overpayment
39,2025-12-14,2982.7,INV001997,2994.02,2966.96,0,normal
19,2025-12-14,1694.08,INV001511,1742.86,1743.49,0,normal
28,2025-12-15,2223.23,INV000229,2112.1,2098.75,0,normal
55,2025-12-15,1248.63,INV002430,1199.99,1187.85,0,normal
41,2025-12-15,2007.18,INV003343,2052.1,2048.37,0,normal
47,2025-12-15,2195.74,INV000314,2200.67,2201.38,0,normal
4,2025-12-15,414.12,INV005886,439.05,439.66,0,normal
15,2025-12-15,734.29,INV001697,769.35,758.53,0,normal
43,2025-12-15,2162.97,INV000515,2147.76,2124.91,0,normal
18,2025-12-15,3719.01,INV002588,3599.62,3576.5,0,normal
11,2025-12-15,2603.44,INV005251,2672.81,2669.33,0,normal
12,2025-12-15,1906.12,INV005734,1831.12,1811.61,0,normal
49,2025-12-15,1417.1,INV004813,1421.48,1407.11,0,normal
8,2025-12-16,1673.38,INV002516,1643.73,1657.52,0,normal
11,2025-12-16,3520.16,INV002800,3790.84,3785.08,0,normal
19,2025-12-16,2001.83,INV000350,1952.6,1963.5,0,normal
37,2025-12-16,684.85,INV004374,686.24,680.76,0,normal
50,2025-12-16,2442.02,INV000881,2355.12,2355.12,1,duplicate
35,2025-12-16,4461.22,INV000740,4646.47,4713.72,0,normal
31,2025-12-16,1273.51,INV002273,1360.97,1358.83,0,normal
37,2025-12-16,1113.29,INV004297,1094.91,1091.42,0,normal
15,2025-12-16,927.92,INV001180,894.19,884.91,0,normal
25,2025-12-16,1483.67,INV004317,1497.74,1475.46,0,normal
47,2025-12-16,1887.05,INV004664,2036.62,2028.41,0,normal
2,2025-12-17,3372.46,INV002277,3621.74,3653.13,1,overpayment
18,2025-12-17,3391.23,INV003794,3645.14,3603.45,0,normal
14,2025-12-17,2889.13,INV001659,3028.42,2989.69,0,normal
4,2025-12-17,407.46,INV000777,392.18,393.24,0,normal
30,2025-12-17,8129.29,INV003750,8187.81,8182.31,0,normal
2,2025-12-17,3372.46,INV002277,3621.74,3623.49,0,normal
5,2025-12-17,657.12,INV001445,629.52,633.55,0,normal
43,2025-12-17,2042.48,INV005454,2119.35,2091.94,0,normal
48,2025-12-17,2265.12,INV001329,2164.26,2134.27,0,normal
42,2025-12-17,978.14,INV005534,994.38,998.88,0,normal
3,2025-12-17,3768.46,INV000297,3876.86,3855.48,0,normal
31,2025-12-17,1437.65,INV004591,1375.72,1373.25,0,normal
28,2025-12-17,2867.92,INV004645,2888.18,2895.37,0,normal
33,2025-12-17,1131.47,INV005554,1160.13,1143.76,0,normal
34,2025-12-17,2847.09,INV001299,2713.05,2676.99,0,normal
19,2025-12-17,1863.43,INV005523,1889.53,1895.03,0,normal
9,2025-12-17,1076.43,INV003026,1044.4,1045.75,0,normal
42,2025-12-17,851.96,INV005577,863.93,866.51,0,normal
11,2025-12-17,3297.05,INV002616,3342.03,3384.93,0,normal
29,2025-12-17,2437.17,INV001232,2442.47,2428.4,0,normal
24,2025-12-17,1374.34,INV005462,1359.9,1360.77,0,normal
43,2025-12-17,2056.97,INV005162,1960.43,1960.48,0,normal
18,2025-12-17,3391.23,INV003794,3645.14,5080.77,1,overpayment
54,2025-12-17,1140.17,INV005066,1158.24,1144.75,0,normal
3,2025-12-18,4276.77,INV005230,4465.95,4439.45,0,normal
17,2025-12-18,739.87,INV004372,715.61,711.59,0,normal
52,2025-12-18,639.18,INV004181,626.02,628.84,0,normal
35,2025-12-18,4461.22,INV001792,4720.49,4660.57,0,normal
54,2025-12-18,1045.21,INV000079,1053.86,1049.65,0,normal
30,2025-12-18,8443.97,INV004837,8965.95,8996.05,0,normal
36,2025-12-18,1650.51,INV001968,1645.25,1640.64,0,normal
14,2025-12-18,2657.93,INV001992,2530.27,2505.12,0,normal
14,2025-12-18,2908.02,INV001209,3008.67,2998.18,0,normal
10,2025-12-18,4136.17,INV005132,3944.64,3887.86,0,normal
51,2025-12-18,3170.64,INV001315,3181.58,3204.65,0,normal
30,2025-12-18,9872.07,INV001373,10343.15,10343.15,1,duplicate
50,2025-12-18,2483.9,INV002212,2370.09,2399.42,0,normal
47,2025-12-18,2277.2,INV000368 ,2381.48,2381.48,1,duplicate
23,2025-12-18,1597.79,INV002097,1544.11,1533.98,0,normal
2,2025-12-18,3152.98,INV000995,3185.89,3168.83,0,normal
49,2025-12-18,1871.72,INV005182,1949.02,1935.73,0,normal
18,2025-12-18,3803.62,INV005741,4102.07,4063.63,0,normal
33,2025-12-18,925.63,INV004749,886.32,878.9,0,normal
57,2025-12-19,5313.0,INV001877,5220.8,5234.2,0,normal
39,2025-12-19,3889.71,INV005634,4172.74,4173.93,0,normal
0,2025-12-19,2113.63,INV000528,2081.99,2104.2,0,normal
54,2025-12-19,1718.43,INV000347,1702.61,1726.99,0,normal
32,2025-12-19,1137.67,INV003852,1217.79,1211.14,0,normal
40,2025-12-19,3271.1,INV005967,3113.83,3075.25,0,normal
49,2025-12-19,1609.55,INV001019,1594.15,2067.22,1,overpayment
14,2025-12-19,2602.05,INV003325,2506.06,2505.3,0,normal
30,2025-12-19,7553.11,INV000695,7435.06,7418.36,0,normal
8,2025-12-19,1799.55,INV005537,1719.11,1701.44,0,normal
47,2025-12-19,1720.08,INV002810,1832.68,1808.69,0,normal
49,2025-12-19,1609.55,INV001019,1594.15,1592.14,0,normal
19,2025-12-19,1302.66,INV003202,1246.7,1262.57,0,normal
19,2025-12-20,1813.78,INV002683,1910.94,1932.57,0,normal
29,2025-12-20,2592.32,INV005253,2668.2,2637.73,0,normal
30,2025-12-20,10123.53,INV005705,10822.49,10817.29,0,normal
34,2025-12-20,3228.81,INV002316,3098.77,3115.7,0,normal
18,2025-12-20,3818.91,INV005096,3889.91,3899.52,0,normal
1,2025-12-20,751.13,INV005255,769.13,765.88,0,normal
12,2025-12-20,1906.12,INV003782,1877.92,1850.94,0,normal
33,2025-12-20,876.36,INV003366,903.73,913.25,0,normal
25,2025-12-20,1436.94,INV000814,1527.03,1504.29,0,normal
44,2025-12-20,1753.25,INV000764,1680.94,1681.37,0,normal
6,2025-12-20,2002.74,INV005684,2118.31,2093.28,0,normal
38,2025-12-20,966.23,INV001092,1010.43,1001.33,0,normal
2,2025-12-20,3271.41,INV002126,3281.08,3234.89,0,normal
53,2025-12-20,1230.73,INV004320,1307.72,1322.25,0,normal
39,2025-12-20,2523.14,INV001714,2665.47,2654.32,0,normal
33,2025-12-21,845.02,INV004992,825.02,827.97,0,normal
39,2025-12-21,2934.14,INV000257,2826.97,2840.06,0,normal
58,2025-12-21,789.18,INV004849,803.74,799.73,0,normal
28,2025-12-21,2346.32,INV002715,2339.42,2311.05,0,normal
51,2025-12-21,2198.71,INV000398,2152.16,2153.77,0,normal
19,2025-12-21,1852.19,INV005778,1889.74,1875.07,0,normal
27,2025-12-21,2517.0,INV005945,2664.49,2662.4,0,normal
33,2025-12-21,1195.41,INV000758,1167.36,1157.65,0,normal
16,2025-12-21,2287.17,INV000783,2458.69,2442.95,0,normal
40,2025-12-21,3378.65,INV004114,3568.51,3583.36,0,normal
14,2025-12-21,2427.83,INV004858,2552.79,2527.37,0,normal
25,2025-12-21,1152.5,INV000180,1191.11,1180.87,0,normal
42,2025-12-21,885.98,INV005330,897.44,901.66,0,normal
37,2025-12-21,893.39,INV002940,891.78,878.44,0,normal
35,2025-12-22,4461.22,INV000541,4297.91,4252.65,0,normal
50,2025-12-22,2285.48,INV004238,2699.61,2699.61,1,price_variance
51,2025-12-22,3124.79,INV000182,3060.36,3066.05,0,normal
49,2025-12-22,1841.64,INV005020,1972.59,1967.62,0,normal
6,2025-12-22,2002.74,INV002782,2035.79,2015.57,0,normal
30,2025-12-22,12207.87,INV000161,12364.21,12364.21,1,duplicate
41,2025-12-22,2450.72,INV001227,2494.69,2467.73,0,normal
47,2025-12-22,2431.11,INV004026,2471.49,2438.12,0,normal
38,2025-12-22,945.58,INV000885,1016.79,1022.69,0,normal
25,2025-12-22,1431.04,INV005194,1530.9,1522.43,0,normal
11,2025-12-22,3340.94,INV001525,3417.53,3407.08,0,normal
37,2025-12-22,1014.83,INV002659,1026.48,1029.45,0,normal
25,2025-12-22,1540.67,INV002975,1598.91,1592.67,0,normal
19,2025-12-22,1633.2,INV000850,1572.25,1565.74,0,normal
48,2025-12-22,2486.32,INV004147,2608.79,2590.96,0,normal
6,2025-12-22,2002.74,INV004216,2027.27,2025.71,0,normal
50,2025-12-22,2285.48,INV004238,2246.44,2235.48,0,normal
40,2025-12-22,3466.24,INV003410,3321.27,3315.17,0,normal
25,2025-12-22,1540.67,INV002975,1598.91,1773.95,1,overpayment
23,2025-12-22,1597.79,INV004380,1593.12,1588.48,0,normal
57,2025-12-22,5745.13,INV003954,5952.82,5982.0,0,normal
40,2025-12-23,3240.93,INV002318,3195.56,3183.67,0,normal
1,2025-12-23,869.02,INV004015,842.38,838.42,0,normal
48,2025-12-23,3323.47,INV002252,3430.91,3409.69,0,normal
40,2025-12-23,2923.07,INV002193,3061.45,3030.06,0,normal
12,2025-12-23,1906.12,INV002217,1822.59,1822.31,0,normal
40,2025-12-23,3616.05,INV002947,3582.74,3604.34,0,normal
55,2025-12-23,1055.56,INV003157,1048.14,1045.2,0,normal
20,2025-12-24,1514.73,INV003855,1479.19,2050.15,1,overpayment
59,2025-12-24,4083.9,INV003404,4304.06,4264.05,0,normal
23,2025-12-24,1597.79,INV005797,1697.65,1695.78,0,normal
34,2025-12-24,2924.36,INV000290,2921.39,2907.01,0,normal
54,2025-12-24,1432.81,INV004994,1448.07,1457.57,0,normal
44,2025-12-24,2744.68,INV001798,2645.22,2683.65,0,normal
37,2025-12-24,762.98,INV001737,749.44,753.28,0,normal
8,2025-12-24,1690.65,INV000818,1824.52,1817.6,0,normal
52,2025-12-24,509.62,INV005744,534.66,531.5,0,normal
39,2025-12-24,3500.68,INV004076,3731.56,3712.57,0,normal
2,2025-12-24,3367.88,INV002483,3610.4,3571.65,0,normal
1,2025-12-24,827.99,INV003872,808.04,799.63,0,normal
19,2025-12-24,1737.91,INV005969,1668.96,1645.16,0,normal
59,2025-12-24,3704.82,INV003034,3610.32,3629.59,0,normal
14,2025-12-24,2903.83,INV002849,2836.72,2801.46,0,normal
21,2025-12-24,1213.19,INV004541,1185.71,1180.39,0,normal
9,2025-12-24,883.54,INV000984A,945.12,945.12,1,duplicate
58,2025-12-24,855.58,INV003663,881.86,882.82,0,normal
20,2025-12-24,1514.73,INV003855,1479.19,1476.99,0,normal
16,2025-12-24,2354.46,INV002794,2502.91,2492.24,0,normal
9,2025-12-24,860.87,INV003158,818.9,830.04,0,normal
43,2025-12-25,1531.39,INV003888,1476.94,1486.95,0,normal
41,2025-12-25,2236.25,INV003632,2322.86,2290.98,0,normal
20,2025-12-25,1513.53,INV004168,1442.05,1456.63,0,normal
32,2025-12-25,1231.21,INV005514,1212.81,1195.02,0,normal
32,2025-12-25,1234.88,INV005770,1329.34,1323.6,0,normal
29,2025-12-25,2639.79,INV000208,2580.89,2574.49,0,normal
17,2025-12-25,690.97,INV000174,701.69,704.03,0,normal
40,2025-12-25,2797.84,INV004060,2895.98,2876.03,0,normal
9,2025-12-25,878.69,INV005302,905.19,894.29,0,normal
10,2025-12-25,3051.09,INV002238,3259.55,3236.12,0,normal
16,2025-12-25,1872.31,INV002923,2016.71,2019.12,0,normal
45,2025-12-25,2605.14,INV002888,2795.51,2754.36,0,normal
41,2025-12-25,2075.78,INV004909,2158.44,2148.01,0,normal
50,2025-12-25,2112.39,INV004787,2112.58,2131.94,0,normal
26,2025-12-25,2802.9,INV004956,2962.43,2997.05,0,normal
14,2025-12-25,2995.55,INV005181,3087.79,3132.38,0,normal
6,2025-12-25,2002.74,INV000077,2091.68,2111.03,0,normal
45,2025-12-25,1675.11,INV004596,1757.71,1775.14,0,normal
20,2025-12-26,1503.1,INV004321,1430.56,1449.77,0,normal
41,2025-12-26,3322.21,INV000621,3293.73,3282.6,0,normal
43,2025-12-26,1272.86,INV001430,1323.12,1340.13,0,normal
10,2025-12-26,3769.7,INV003643,3984.08,3950.02,0,normal
2,2025-12-26,3936.92,INV004306,4003.29,3971.79,0,normal
22,2025-12-26,4807.98,INV002111,5146.1,5102.9,0,normal
56,2025-12-26,971.43,INV000103,1047.82,1211.57,1,overpayment
54,2025-12-26,1274.57,INV005680,1232.3,1244.78,0,normal
4,2025-12-26,337.35,INV005056,329.8,330.55,0,normal
16,2025-12-26,2735.43,INV002056,2854.69,2862.8,0,normal
23,2025-12-26,1597.79,INV003905,1643.81,1650.73,0,normal
56,2025-12-26,971.43,INV000103,1047.82,1036.69,0,normal
20,2025-12-27,1236.68,INV001162,1259.5,1276.59,0,normal
30,2025-12-27,8780.06,INV000962,8585.49,8611.92,0,normal
47,2025-12-27,2558.2,INV005110,2577.25,2576.51,0,normal
42,2025-12-27,1012.93,INV001277,996.92,983.58,0,normal
24,2025-12-27,1045.89,INV003930,1000.95,992.3,0,normal
53,2025-12-27,1441.72,INV003550,1486.58,1466.75,0,normal
40,2025-12-27,2699.7,INV002961,2803.5,2775.36,0,normal
17,2025-12-27,513.06,INV000097,548.87,542.56,0,normal
3,2025-12-27,4727.18,INV000781,4557.11,4587.15,0,normal
41,2025-12-27,3246.09,INV004346,3201.58,3241.67,0,normal
39,2025-12-27,2612.39,INV004244,2751.4,2772.51,0,normal
23,2025-12-27,1597.79,INV001529,1609.28,1591.65,0,normal
58,2025-12-28,1343.14,INV003271,1292.68,1298.18,0,normal
30,2025-12-28,9479.29,INV000806,10024.91,10103.79,0,normal
0,2025-12-28,1988.26,INV005052,2123.71,2128.9,0,normal
52,2025-12-28,644.36,INV003596,619.67,613.43,0,normal
13,2025-12-28,4082.1,INV003566,4343.96,4279.84,0,normal
5,2025-12-28,538.05,INV000665,555.54,562.73,0,normal
24,2025-12-28,1286.72,INV005484,1328.58,1335.29,0,normal
6,2025-12-28,2002.74,INV000628,2020.53,2037.74,0,normal
18,2025-12-28,3620.07,INV001146,3724.6,3688.69,0,normal
59,2025-12-28,3089.36,INV002877,3238.23,3200.62,0,normal
59,2025-12-28,4261.1,INV004276,4536.38,4505.36,0,normal
33,2025-12-28,1032.6,INV002090,1081.77,1081.48,0,normal
46,2025-12-28,3630.56,INV005788,3690.19,3662.59,0,normal
43,2025-12-28,2060.17,INV004349,2055.61,2064.22,0,normal
20,2025-12-28,1800.75,INV001733,1799.98,1819.43,0,normal
26,2025-12-28,2776.2,INV004077,2818.15,2794.88,0,normal
46,2025-12-28,3630.56,INV005788,3690.19,4853.57,1,overpayment
22,2025-12-28,4807.98,INV001700,4695.89,4650.48,0,normal
46,2025-12-28,3630.56,INV001669,3849.35,3906.57,0,normal
5,2025-12-28,595.78,INV001388,601.47,592.51,0,normal
20,2025-12-28,1631.39,INV000126,1674.02,1664.34,0,normal
21,2025-12-28,814.44,INV002841,852.47,844.69,0,normal
33,2025-12-28,918.78,INV001120,926.69,936.49,0,normal
21,2025-12-28,924.51,INV001682,903.16,898.75,0,normal
6,2025-12-28,2002.74,INV003538,2140.59,2129.26,0,normal
6,2025-12-29,2002.74,INV005319,1953.0,1924.51,0,normal
22,2025-12-29,4807.98,INV004156,4993.09,4943.13,0,normal
33,2025-12-29,820.74,INV005086,828.25,839.7,0,normal
32,2025-12-29,1121.38,INV000738,1144.68,1148.72,0,normal
34,2025-12-29,2363.18,INV002484,2496.34,2533.64,0,normal
59,2025-12-29,3748.6,INV005825,3671.04,3652.66,0,normal
27,2025-12-29,2916.37,INV002146,3010.3,3029.1,0,normal
43,2025-12-29,2203.48,INV002693,2301.43,2285.5,0,normal
32,2025-12-29,1121.38,INV000738,1144.68,1304.99,1,overpayment
23,2025-12-29,1597.79,INV002814,1647.83,1630.19,0,normal
54,2025-12-29,1249.67,INV002448,1299.24,1305.51,0,normal
35,2025-12-29,4461.22,INV005617,4326.56,4342.19,0,normal
27,2025-12-29,2466.48,INV002333,2386.93,2382.25,0,normal
48,2025-12-29,2528.2,INV001181,2532.7,2520.28,0,normal
23,2025-12-29,1597.79,INV000928,1674.34,1677.51,0,normal
32,2025-12-29,1111.48,INV003100,1124.88,1135.24,0,normal
37,2025-12-29,743.68,INV003072,761.18,771.42,0,normal
58,2025-12-29,855.58,INV003663-1,881.86,881.86,1,duplicate
59,2025-12-30,3741.99,INV005191,4016.21,3961.5,0,normal
18,2025-12-30,3228.14,INV005210,3190.74,3815.26,1,overpayment
26,2025-12-30,2689.3,INV005843,2627.6,2648.21,0,normal
56,2025-12-30,1414.87,INV000041,1505.72,1492.42,0,normal
11,2025-12-30,2685.23,INV002140,2648.78,2657.23,0,normal
18,2025-12-30,3228.14,INV005210,3190.74,3167.75,0,normal
25,2025-12-30,1189.58,INV002005,1258.82,1242.82,0,normal
39,2025-12-30,3282.37,INV001778,3251.01,3234.69,0,normal
19,2025-12-30,2170.14,INV004499,2313.94,2331.27,0,normal
49,2025-12-30,1258.02,INV004378,1263.28,1275.34,0,normal
47,2025-12-30,1934.9,INV001735,1907.29,1908.89,0,normal
15,2025-12-30,1247.44,INV002101,1342.01,1358.36,0,normal
25,2025-12-30,1431.68,INV005204,1461.59,1476.35,0,normal
22,2025-12-30,4807.98,INV005457,4707.16,4676.31,0,normal
7,2025-12-30,1410.33,INV004268,1346.64,1334.65,0,normal
1,2025-12-30,687.94,INV003752,673.88,668.14,0,normal
7,2025-12-30,1437.36,INV003125,1407.23,1420.25,0,normal
54,2025-12-30,1347.03,INV003945,1446.26,1442.46,0,normal
11,2025-12-30,4030.93,INV002748,4060.79,4091.79,0,normal
38,2025-12-30,942.73,INV002741,932.61,940.37,0,normal
7,2025-12-30,1451.4,INV005317,1495.2,1486.26,0,normal
55,2025-12-30,1077.23,INV005703,1083.73,1086.75,0,normal
27,2025-12-30,2032.81,INV003047,2099.84,2128.77,0,normal
16,2025-12-31,2071.67,INV000947,2112.57,2100.31,0,normal
2,2025-12-31,4810.7,INV003847,5113.92,5159.7,0,normal
59,2025-12-31,4338.78,INV003348,4440.14,4437.35,0,normal
56,2025-12-31,1781.02,INV004715,1701.49,1687.07,0,normal
5,2025-12-31,760.06,INV004598,802.64,798.73,0,normal
55,2025-12-31,942.04,INV000898,899.15,899.12,0,normal
4,2025-12-31,301.12,INV000851,288.12,289.3,0,normal
8,2025-12-31,1951.99,INV000578,2107.27,2109.07,0,normal
32,2025-12-31,1333.66,INV003392,1322.22,1336.04,0,normal
47,2025-12-31,2502.4,INV003319,2402.17,2398.32,0,normal
45,2025-12-31,2639.34,INV002361,2844.26,2853.84,0,normal
30,2025-12-31,8241.94,INV002352,8138.99,8084.78,0,normal
46,2025-12-31,3630.56,INV002330,3912.55,3896.72,0,normal
58,2025-12-31,862.8,INV002297,836.06,840.15,0,normal
13,2025-12-31,4955.72,INV002458,4922.9,4850.78,0,normal
26,2025-12-31,2646.34,INV003535,2529.51,2554.88,0,normal
46,2025-12-31,3630.56,INV002692,3601.61,3554.32,0,normal
43,2025-12-31,1935.45,INV002736,1867.18,1882.91,0,normal
43,2025-12-31,1192.03,INV001505,1235.03,1230.3,0,normal
27,2025-12-31,2191.83,INV005334,2179.46,2160.26,0,normal
10,2025-12-31,3335.96,INV001902,3473.47,3500.23,0,normal
31,2025-12-31,1210.81,INV004369,1152.65,1153.46,0,normal
28,2025-12-31,2082.31,INV002878,2089.8,2119.24,0,normal
30,2025-12-31,8760.26,INV000363,9392.41,9693.63,1,overpayment
30,2025-12-31,8760.26,INV000363,9392.41,9363.35,0,normal
54,2026-01-01,1045.21,INV000079,1059.86,1059.86,1,duplicate
33,2026-01-04,868.5,INV002389A,892.63,892.63,1,duplicate
40,2026-01-04,3616.05,INV002947A,3582.74,3582.74,1,duplicate
46,2026-01-25,3630.56,INV005788 ,3690.19,3690.19,1,duplicate
